2025-12-28 16:18:33,476 - __main__ - INFO - ==================================================
2025-12-28 16:18:33,476 - __main__ - INFO - ✅ SMYARDS BOT STARTED
2025-12-28 16:18:33,476 - __main__ - INFO - 📢 Main Channel: @smyard
2025-12-28 16:18:33,482 - __main__ - INFO - 📋 Stock Channel: -1002861193688
2025-12-28 16:18:33,482 - __main__ - INFO - ==================================================
2025-12-28 16:19:26,778 - __main__ - INFO - YT-108 exists, using YT-121 instead
2025-12-28 16:20:02,436 - __main__ - INFO - ?? Confirmation callback received: publish_now
2025-12-28 16:20:02,436 - __main__ - INFO - ?? PUBLISH NOW clicked - Starting publish process
2025-12-28 16:20:02,437 - __main__ - INFO - ?? Listing data: {'platform': 'YouTube', 'account_type': 'Monetized Channel', 'subscribers': '6.780', 'views': '2.400.000', 'niche': 'quiz', 'features': '3 Features Enabled', 'monetization': 'Enabled', 'region': 'Indonesia', 'status': 'No Strikes', 'price': 124.0, 'listing_id': 'YT-121', 'seller_contact': 'https://t.me/submarket7'}
2025-12-28 16:20:02,608 - __main__ - INFO - ?? Screenshot post: 317
2025-12-28 16:20:02,736 - __main__ - INFO - ?? Discussion post: 2404
2025-12-28 16:20:02,736 - __main__ - INFO - ?? Posting to main channel...
2025-12-28 16:20:02,738 - __main__ - INFO - 📤 Posting to MAIN CHANNEL: @smyard
2025-12-28 16:20:02,912 - __main__ - INFO - ✅ Main channel posted: 155
2025-12-28 16:20:02,912 - __main__ - INFO - ? Main channel: 155
2025-12-28 16:20:02,913 - __main__ - INFO - ?? Posting to stock channel...
2025-12-28 16:20:03,088 - __main__ - INFO - ? Stock channel: 97
2025-12-28 16:20:03,195 - __main__ - INFO - ?? Publishing completed successfully!
2025-12-28 16:20:45,958 - __main__ - ERROR - Error updating main post as sold: Timed out
2025-12-28 16:22:20,187 - __main__ - INFO - Customer callback received: seller_start
2025-12-28 16:22:21,556 - __main__ - INFO - Customer callback received: seller_list_account
2025-12-28 16:22:22,837 - __main__ - INFO - Customer callback received: customer_platform_YouTube
2025-12-28 16:22:24,645 - __main__ - INFO - Customer callback received: customer_type_Monetized Channel
2025-12-28 16:22:37,857 - __main__ - INFO - Customer callback received: customer_add_screenshots
2025-12-28 16:22:48,621 - __main__ - INFO - Customer callback received: customer_submit_listing
2025-12-28 16:22:56,305 - __main__ - INFO - Admin approving customer listing: CYT-010
2025-12-28 16:22:56,307 - __main__ - INFO - Customer listing ID: CYT-010 → New ID: YT-122 (Max found: 121)
2025-12-28 16:22:56,479 - __main__ - INFO - Screenshot post: 318
2025-12-28 16:22:56,597 - __main__ - INFO - Discussion post: 2406
2025-12-28 16:22:56,598 - __main__ - INFO - 📤 Posting to MAIN CHANNEL: @smyard
2025-12-28 16:22:56,784 - __main__ - INFO - ✅ Main channel posted: 156
2025-12-28 16:22:56,785 - __main__ - INFO - Main channel posted: 156
2025-12-28 16:22:56,995 - __main__ - INFO - Stock channel posted: 98
2025-12-28 16:24:06,219 - __main__ - INFO - YT-108 exists, using YT-123 instead
2025-12-28 16:24:28,792 - __main__ - INFO - ?? Confirmation callback received: publish_now
2025-12-28 16:24:28,792 - __main__ - INFO - ?? PUBLISH NOW clicked - Starting publish process
2025-12-28 16:24:28,793 - __main__ - INFO - ?? Listing data: {'platform': 'YouTube', 'account_type': 'Aged Channel', 'subscribers': '6.780', 'views': '2.400.000', 'niche': 'quiz', 'features': '3 Features Enabled', 'monetization': 'Enabled', 'region': 'Indonesia', 'status': 'No Strikes', 'price': 148.0, 'listing_id': 'YT-123', 'seller_contact': 'https://t.me/submarket7'}
2025-12-28 16:24:28,966 - __main__ - INFO - ?? Screenshot post: 319
2025-12-28 16:24:29,099 - __main__ - INFO - ?? Discussion post: 2408
2025-12-28 16:24:29,100 - __main__ - INFO - ?? Posting to main channel...
2025-12-28 16:24:29,101 - __main__ - INFO - 📤 Posting to MAIN CHANNEL: @smyard
2025-12-28 16:24:29,303 - __main__ - INFO - ✅ Main channel posted: 157
2025-12-28 16:24:29,304 - __main__ - INFO - ? Main channel: 157
2025-12-28 16:24:29,306 - __main__ - INFO - ?? Posting to stock channel...
2025-12-28 16:24:29,463 - __main__ - INFO - ? Stock channel: 99
2025-12-28 16:24:29,568 - __main__ - INFO - ?? Publishing completed successfully!
2025-12-28 16:25:02,512 - __main__ - INFO - Customer callback received: buyer_start
2025-12-28 16:25:04,677 - __main__ - INFO - Customer callback received: enter_product_id
2025-12-28 16:25:06,864 - __main__ - INFO - 🛒 Customer searching for: YT-123
2025-12-28 16:25:06,866 - __main__ - INFO - 📊 Database shows YT-123 = published
2025-12-28 16:25:06,867 - __main__ - INFO - ✅ Found published listing: YT-123
2025-12-28 16:25:06,867 - __main__ - ERROR - ❌ ERROR: Cannot specify ',' with 's'.
2025-12-28 16:25:06,871 - __main__ - ERROR - Traceback: Traceback (most recent call last):
  File "C:\smyards_bot\bot_final_fixed.py", line 2011, in handle_buyer_product_id
    text = f"""✅ **Product Found!**
           ^^^^^^^^^^^^^^^^^^^^^^^^
ValueError: Cannot specify ',' with 's'.

2025-12-28 16:27:44,446 - __main__ - INFO - ==================================================
2025-12-28 16:27:44,446 - __main__ - INFO - ✅ SMYARDS BOT STARTED
2025-12-28 16:27:44,446 - __main__ - INFO - 📢 Main Channel: @smyard
2025-12-28 16:27:44,446 - __main__ - INFO - 📋 Stock Channel: -1002861193688
2025-12-28 16:27:44,446 - __main__ - INFO - ==================================================
2025-12-28 16:34:42,109 - __main__ - INFO - ==================================================
2025-12-28 16:34:42,109 - __main__ - INFO - ✅ SMYARDS BOT STARTED
2025-12-28 16:34:42,109 - __main__ - INFO - 📢 Main Channel: @smyard
2025-12-28 16:34:42,109 - __main__ - INFO - 📋 Stock Channel: -1002861193688
2025-12-28 16:34:42,109 - __main__ - INFO - ==================================================
2025-12-28 16:35:10,097 - __main__ - INFO - YT-108 exists, using YT-124 instead
2025-12-28 16:35:28,417 - __main__ - INFO - ?? Confirmation callback received: publish_now
2025-12-28 16:35:28,418 - __main__ - INFO - ?? PUBLISH NOW clicked - Starting publish process
2025-12-28 16:35:28,419 - __main__ - INFO - ?? Listing data: {'platform': 'YouTube', 'account_type': 'Gaming Channel', 'subscribers': '6.780', 'views': '2.400.000', 'niche': 'quiz', 'features': '3 Features Enabled', 'monetization': 'Enabled', 'region': 'Indonesia', 'status': 'No Strikes', 'price': 158.0, 'listing_id': 'YT-124', 'seller_contact': 'https://t.me/submarket7'}
2025-12-28 16:35:28,617 - __main__ - INFO - ?? Screenshot post: 320
2025-12-28 16:35:28,758 - __main__ - INFO - ?? Discussion post: 2410
2025-12-28 16:35:28,758 - __main__ - INFO - ?? Posting to main channel...
2025-12-28 16:35:28,759 - __main__ - INFO - 📤 Posting to MAIN CHANNEL: @smyard
2025-12-28 16:35:29,054 - __main__ - INFO - ✅ Main channel posted: 158
2025-12-28 16:35:29,055 - __main__ - INFO - ? Main channel: 158
2025-12-28 16:35:29,057 - __main__ - INFO - ?? Posting to stock channel...
2025-12-28 16:35:29,228 - __main__ - INFO - ? Stock channel: 100
2025-12-28 16:35:29,341 - __main__ - INFO - ?? Publishing completed successfully!
2025-12-28 16:35:37,318 - __main__ - INFO - Customer callback received: buyer_start
2025-12-28 16:35:38,473 - __main__ - INFO - Customer callback received: enter_product_id
2025-12-28 16:35:40,075 - __main__ - INFO - 🛒 Customer searching for: YT-124
2025-12-28 16:35:40,076 - __main__ - INFO - 📊 Database shows YT-124 = published
2025-12-28 16:35:40,077 - __main__ - INFO - ✅ Found published listing: YT-124
2025-12-28 16:35:40,078 - __main__ - ERROR - ❌ ERROR: Cannot specify ',' with 's'.
2025-12-28 16:35:40,081 - __main__ - ERROR - Traceback: Traceback (most recent call last):
  File "C:\smyards_bot\bot_final_fixed.py", line 2011, in handle_buyer_product_id
    text = f"""✅ **Product Found!**
           ^^^^^^^^^^^^^^^^^^^^^^^^
ValueError: Cannot specify ',' with 's'.

2025-12-28 16:49:03,134 - __main__ - INFO - ==================================================
2025-12-28 16:49:03,134 - __main__ - INFO - ✅ SMYARDS BOT STARTED
2025-12-28 16:49:03,134 - __main__ - INFO - 📢 Main Channel: @smyard
2025-12-28 16:49:03,134 - __main__ - INFO - 📋 Stock Channel: -1002861193688
2025-12-28 16:49:03,134 - __main__ - INFO - ==================================================
2025-12-28 16:49:28,266 - __main__ - INFO - YT-108 exists, using YT-125 instead
2025-12-28 16:49:42,502 - __main__ - INFO - ?? Confirmation callback received: publish_now
2025-12-28 16:49:42,504 - __main__ - INFO - ?? PUBLISH NOW clicked - Starting publish process
2025-12-28 16:49:42,505 - __main__ - INFO - ?? Listing data: {'platform': 'YouTube', 'account_type': 'Monetized Channel', 'subscribers': '6.780', 'views': '2.400.000', 'niche': 'quiz', 'features': '3 Features Enabled', 'monetization': 'Enabled', 'region': 'Indonesia', 'status': 'No Strikes', 'price': 159.0, 'listing_id': 'YT-125', 'seller_contact': 'https://t.me/submarket7'}
2025-12-28 16:49:42,701 - __main__ - INFO - ?? Screenshot post: 321
2025-12-28 16:49:42,865 - __main__ - INFO - ?? Discussion post: 2412
2025-12-28 16:49:42,866 - __main__ - INFO - ?? Posting to main channel...
2025-12-28 16:49:42,867 - __main__ - INFO - 📤 Posting to MAIN CHANNEL: @smyard
2025-12-28 16:49:43,277 - __main__ - INFO - ✅ Main channel posted: 159
2025-12-28 16:49:43,278 - __main__ - INFO - ? Main channel: 159
2025-12-28 16:49:43,279 - __main__ - INFO - ?? Posting to stock channel...
2025-12-28 16:49:43,478 - __main__ - INFO - ? Stock channel: 101
2025-12-28 16:49:43,572 - __main__ - INFO - ?? Publishing completed successfully!
2025-12-28 16:49:50,246 - __main__ - INFO - Customer callback received: buyer_start
2025-12-28 16:49:51,362 - __main__ - INFO - Customer callback received: enter_product_id
2025-12-28 16:49:53,010 - __main__ - INFO - 🛒 Customer searching for: YT-125
2025-12-28 16:49:53,012 - __main__ - ERROR - ❌ ERROR in handle_buyer_product_id: Cannot specify ',' with 's'.
2025-12-28 16:49:53,014 - __main__ - ERROR - Traceback: Traceback (most recent call last):
  File "C:\smyards_bot\bot_final_fixed.py", line 1977, in handle_buyer_product_id
    text = f"""✅ **Product Found!**
           ^^^^^^^^^^^^^^^^^^^^^^^^
ValueError: Cannot specify ',' with 's'.

2025-12-28 16:57:37,736 - __main__ - INFO - ==================================================
2025-12-28 16:57:37,736 - __main__ - INFO - ✅ SMYARDS BOT STARTED
2025-12-28 16:57:37,736 - __main__ - INFO - 📢 Main Channel: @smyard
2025-12-28 16:57:37,736 - __main__ - INFO - 📋 Stock Channel: -1002861193688
2025-12-28 16:57:37,736 - __main__ - INFO - ==================================================
2025-12-28 16:58:04,866 - __main__ - INFO - YT-108 exists, using YT-126 instead
2025-12-28 16:58:18,631 - __main__ - INFO - ?? Confirmation callback received: publish_now
2025-12-28 16:58:18,632 - __main__ - INFO - ?? PUBLISH NOW clicked - Starting publish process
2025-12-28 16:58:18,633 - __main__ - INFO - ?? Listing data: {'platform': 'YouTube', 'account_type': 'Monetized Channel', 'subscribers': '6.780', 'views': '2.400.000', 'niche': 'quiz', 'features': '3 Features Enabled', 'monetization': 'Enabled', 'region': 'Indonesia', 'status': 'No Strikes', 'price': 125.0, 'listing_id': 'YT-126', 'seller_contact': 'https://t.me/submarket7'}
2025-12-28 16:58:18,812 - __main__ - INFO - ?? Screenshot post: 322
2025-12-28 16:58:18,919 - __main__ - INFO - ?? Discussion post: 2414
2025-12-28 16:58:18,919 - __main__ - INFO - ?? Posting to main channel...
2025-12-28 16:58:18,920 - __main__ - INFO - 📤 Posting to MAIN CHANNEL: @smyard
2025-12-28 16:58:19,153 - __main__ - INFO - ✅ Main channel posted: 160
2025-12-28 16:58:19,153 - __main__ - INFO - ? Main channel: 160
2025-12-28 16:58:19,155 - __main__ - INFO - ?? Posting to stock channel...
2025-12-28 16:58:19,390 - __main__ - INFO - ? Stock channel: 102
2025-12-28 16:58:19,501 - __main__ - INFO - ?? Publishing completed successfully!
2025-12-28 16:58:27,341 - __main__ - INFO - Customer callback received: buyer_start
2025-12-28 16:58:28,413 - __main__ - INFO - Customer callback received: enter_product_id
2025-12-28 16:58:29,723 - __main__ - INFO - 🛒 Customer searching for: YT-126
2025-12-28 16:58:29,725 - __main__ - INFO - 🔍 Checking database for: YT-126
2025-12-28 16:58:29,729 - __main__ - INFO - ✅ Found listing: YT-126, Status: published, Price: 125.0
2025-12-28 16:58:29,729 - __main__ - INFO - 🔍 Cleaned status: 'published'
2025-12-28 16:58:29,730 - __main__ - INFO - ✅ Listing is published: YT-126
2025-12-28 16:58:29,730 - __main__ - INFO - 💰 Price converted: 125.0 -> 125.0
2025-12-28 16:58:29,732 - __main__ - INFO - 💰 Escrow fee calculated: 6.25
2025-12-28 16:58:29,733 - __main__ - ERROR - ❌ CRITICAL ERROR in handle_buyer_product_id: Cannot specify ',' with 's'.
2025-12-28 16:58:29,736 - __main__ - ERROR - ❌ Traceback:
Traceback (most recent call last):
  File "C:\smyards_bot\bot_final_fixed.py", line 1998, in handle_buyer_product_id
    text = f"""✅ **Product Found!**
           ^^^^^^^^^^^^^^^^^^^^^^^^
ValueError: Cannot specify ',' with 's'.

2025-12-28 17:10:10,753 - __main__ - INFO - 🧹 Cleaning database number formatting...
2025-12-28 17:10:10,753 - __main__ - INFO -   🔧 Fixed subscribers for YT-108: '110,000' -> 110000
2025-12-28 17:10:10,753 - __main__ - INFO -   🔧 Fixed views for YT-108: '15,500,000' -> 15500000
2025-12-28 17:10:10,753 - __main__ - INFO -   🔧 Fixed subscribers for YT-112: '110,000' -> 110000
2025-12-28 17:10:10,758 - __main__ - INFO -   🔧 Fixed views for YT-112: '15,500,000' -> 15500000
2025-12-28 17:10:10,758 - __main__ - INFO -   🔧 Fixed subscribers for YT-113: '110,000' -> 110000
2025-12-28 17:10:10,758 - __main__ - INFO -   🔧 Fixed views for YT-113: '15,500,000' -> 15500000
2025-12-28 17:10:10,758 - __main__ - INFO -   🔧 Fixed subscribers for YT-114: '110,000' -> 110000
2025-12-28 17:10:10,758 - __main__ - INFO -   🔧 Fixed views for YT-114: '15,500,000' -> 15500000
2025-12-28 17:10:10,758 - __main__ - INFO -   🔧 Fixed subscribers for YT-062: '110,000' -> 110000
2025-12-28 17:10:10,758 - __main__ - INFO -   🔧 Fixed views for YT-062: '15,500,000' -> 15500000
2025-12-28 17:10:10,758 - __main__ - INFO -   🔧 Fixed subscribers for YT-119: '3,300' -> 3300
2025-12-28 17:10:10,758 - __main__ - INFO -   🔧 Fixed views for YT-119: '150,000' -> 150000
2025-12-28 17:10:10,763 - __main__ - INFO -   🔧 Fixed float subscribers for YT-120: 6.78 -> 6
2025-12-28 17:10:10,763 - __main__ - INFO -   🔧 Fixed views for YT-120: '2.400.000' -> 2400000
2025-12-28 17:10:10,763 - __main__ - INFO -   🔧 Fixed float subscribers for YT-121: 6.78 -> 6
2025-12-28 17:10:10,763 - __main__ - INFO -   🔧 Fixed views for YT-121: '2.400.000' -> 2400000
2025-12-28 17:10:10,763 - __main__ - INFO -   🔧 Fixed float subscribers for YT-123: 6.78 -> 6
2025-12-28 17:10:10,763 - __main__ - INFO -   🔧 Fixed views for YT-123: '2.400.000' -> 2400000
2025-12-28 17:10:10,763 - __main__ - INFO -   🔧 Fixed float subscribers for YT-124: 6.78 -> 6
2025-12-28 17:10:10,763 - __main__ - INFO -   🔧 Fixed views for YT-124: '2.400.000' -> 2400000
2025-12-28 17:10:10,763 - __main__ - INFO -   🔧 Fixed float subscribers for YT-125: 6.78 -> 6
2025-12-28 17:10:10,763 - __main__ - INFO -   🔧 Fixed views for YT-125: '2.400.000' -> 2400000
2025-12-28 17:10:10,771 - __main__ - INFO -   🔧 Fixed float subscribers for YT-126: 6.78 -> 6
2025-12-28 17:10:10,771 - __main__ - INFO -   🔧 Fixed views for YT-126: '2.400.000' -> 2400000
2025-12-28 17:10:10,777 - __main__ - INFO - ✅ Database cleaning complete. Updated 12 listings.
2025-12-28 17:10:21,031 - __main__ - INFO - 🧹 Cleaning database number formatting...
2025-12-28 17:10:21,032 - __main__ - INFO - ✅ Database cleaning complete. Updated 0 listings.
2025-12-28 17:10:21,038 - __main__ - INFO - ==================================================
2025-12-28 17:10:21,039 - __main__ - INFO - ✅ SMYARDS BOT STARTED
2025-12-28 17:10:21,039 - __main__ - INFO - 📢 Main Channel: @smyard
2025-12-28 17:10:21,040 - __main__ - INFO - 📋 Stock Channel: -1002861193688
2025-12-28 17:10:21,040 - __main__ - INFO - ==================================================
2025-12-28 17:11:43,382 - __main__ - INFO - YT-108 exists, using YT-127 instead
2025-12-28 17:11:56,397 - __main__ - INFO - ?? Confirmation callback received: publish_now
2025-12-28 17:11:56,397 - __main__ - INFO - ?? PUBLISH NOW clicked - Starting publish process
2025-12-28 17:11:56,400 - __main__ - INFO - ?? Listing data: {'platform': 'YouTube', 'account_type': 'Monetized Channel', 'subscribers': 6780, 'views': 2400000, 'niche': 'quiz', 'features': '3 Features Enabled', 'monetization': 'Enabled', 'region': 'Indonesia', 'status': 'No Strikes', 'price': 148.0, 'listing_id': 'YT-127', 'seller_contact': 'https://t.me/submarket7'}
2025-12-28 17:11:56,571 - __main__ - INFO - ?? Screenshot post: 323
2025-12-28 17:11:56,696 - __main__ - INFO - ?? Discussion post: 2416
2025-12-28 17:11:56,697 - __main__ - INFO - ?? Posting to main channel...
2025-12-28 17:11:56,699 - __main__ - INFO - 📤 Posting to MAIN CHANNEL: @smyard
2025-12-28 17:11:57,244 - __main__ - INFO - ✅ Main channel posted: 161
2025-12-28 17:11:57,244 - __main__ - INFO - ? Main channel: 161
2025-12-28 17:11:57,246 - __main__ - INFO - ?? Posting to stock channel...
2025-12-28 17:11:57,403 - __main__ - INFO - ? Stock channel: 103
2025-12-28 17:11:57,499 - __main__ - INFO - ?? Publishing completed successfully!
2025-12-28 17:12:05,225 - __main__ - INFO - Customer callback received: buyer_start
2025-12-28 17:12:06,790 - __main__ - INFO - Customer callback received: enter_product_id
2025-12-28 17:12:09,574 - __main__ - INFO - 🛒 Customer searching for: YT-127
2025-12-28 17:12:09,575 - __main__ - INFO - 🔍 Checking database for: YT-127
2025-12-28 17:12:09,577 - __main__ - INFO - ✅ Found listing: YT-127, Status: published, Price: 148.0
2025-12-28 17:12:09,577 - __main__ - INFO - 🔍 Cleaned status: 'published'
2025-12-28 17:12:09,578 - __main__ - INFO - ✅ Listing is published: YT-127
2025-12-28 17:12:09,579 - __main__ - INFO - 💰 Price converted: 148.0 -> 148.0
2025-12-28 17:12:09,579 - __main__ - INFO - 📊 Cleaned numbers: Subscribers='6780' -> '6,780', Views='2400000' -> '2,400,000'
2025-12-28 17:12:09,580 - __main__ - INFO - 💰 Escrow fee calculated: 7.4
2025-12-28 17:12:09,581 - __main__ - INFO - ✅ Sending payment options for YT-127
2025-12-28 17:12:29,534 - __main__ - INFO - Customer callback received: pay_usdt
2025-12-28 17:12:59,261 - __main__ - INFO - Customer callback received: confirm_payment
2025-12-28 17:13:11,393 - __main__ - INFO - Customer callback received: back_to_customer
2025-12-28 17:13:46,105 - __main__ - INFO - Customer callback received: seller_start
2025-12-28 17:13:47,571 - __main__ - INFO - Customer callback received: seller_list_account
2025-12-28 17:13:49,218 - __main__ - INFO - Customer callback received: customer_platform_YouTube
2025-12-28 17:13:50,496 - __main__ - INFO - Customer callback received: customer_type_Monetized Channel
2025-12-28 17:14:04,611 - __main__ - INFO - Customer callback received: customer_add_screenshots
2025-12-28 17:14:14,118 - __main__ - INFO - Customer callback received: customer_submit_listing
2025-12-28 17:14:18,415 - __main__ - INFO - Admin approving customer listing: CYT-011
2025-12-28 17:14:18,417 - __main__ - INFO - Customer listing ID: CYT-011 → New ID: YT-128 (Max found: 127)
2025-12-28 17:14:18,571 - __main__ - INFO - Screenshot post: 324
2025-12-28 17:14:18,704 - __main__ - INFO - Discussion post: 2418
2025-12-28 17:14:18,704 - __main__ - INFO - 📤 Posting to MAIN CHANNEL: @smyard
2025-12-28 17:14:18,863 - __main__ - INFO - ✅ Main channel posted: 162
2025-12-28 17:14:18,864 - __main__ - INFO - Main channel posted: 162
2025-12-28 17:14:19,047 - __main__ - INFO - Stock channel posted: 104
2025-12-28 17:30:22,646 - __main__ - INFO - ==================================================
2025-12-28 17:30:22,646 - __main__ - INFO - ✅ SMYARDS BOT STARTED
2025-12-28 17:30:22,646 - __main__ - INFO - 📢 Main Channel: @smyard
2025-12-28 17:30:22,646 - __main__ - INFO - 📋 Stock Channel: -1002861193688
2025-12-28 17:30:22,646 - __main__ - INFO - ==================================================
2025-12-28 17:30:45,213 - __main__ - INFO - YT-108 exists, using YT-129 instead
2025-12-28 17:31:00,594 - __main__ - INFO - ?? Confirmation callback received: publish_now
2025-12-28 17:31:00,595 - __main__ - INFO - ?? PUBLISH NOW clicked - Starting publish process
2025-12-28 17:31:00,598 - __main__ - INFO - ?? Listing data: {'platform': 'YouTube', 'account_type': 'Monetized Channel', 'subscribers': 6780, 'views': 2400000, 'niche': 'quiz', 'features': '3 Features Enabled', 'monetization': 'Enabled', 'region': 'Indonesia', 'status': 'No Strikes', 'price': 158.0, 'listing_id': 'YT-129', 'seller_contact': 'https://t.me/submarket7'}
2025-12-28 17:31:00,812 - __main__ - INFO - ?? Screenshot post: 325
2025-12-28 17:31:00,935 - __main__ - INFO - ?? Discussion post: 2420
2025-12-28 17:31:00,935 - __main__ - INFO - ?? Posting to main channel...
2025-12-28 17:31:00,937 - __main__ - INFO - 📤 Posting to MAIN CHANNEL: @smyard
2025-12-28 17:31:01,188 - __main__ - INFO - ✅ Main channel posted: 163
2025-12-28 17:31:01,189 - __main__ - INFO - ? Main channel: 163
2025-12-28 17:31:01,190 - __main__ - INFO - ?? Posting to stock channel...
2025-12-28 17:31:02,546 - __main__ - INFO - ? Stock channel: 105
2025-12-28 17:31:02,657 - __main__ - INFO - ?? Publishing completed successfully!
2025-12-28 17:31:20,869 - __main__ - INFO - Customer callback received: buyer_start
2025-12-28 17:31:22,024 - __main__ - INFO - Customer callback received: enter_product_id
2025-12-28 17:31:23,695 - __main__ - INFO - 🛒 Customer searching for: YT-129
2025-12-28 17:31:23,696 - __main__ - INFO - 🔍 Checking database for: YT-129
2025-12-28 17:31:23,698 - __main__ - INFO - ✅ Found listing: YT-129, Status: published, Price: 158.0
2025-12-28 17:31:23,699 - __main__ - INFO - 🔍 Cleaned status: 'published'
2025-12-28 17:31:23,700 - __main__ - INFO - ✅ Listing is published: YT-129
2025-12-28 17:31:23,700 - __main__ - INFO - 💰 Price converted: 158.0 -> 158.0
2025-12-28 17:31:23,701 - __main__ - INFO - 📊 Cleaned numbers: Subscribers='6780' -> '6,780', Views='2400000' -> '2,400,000'
2025-12-28 17:31:23,702 - __main__ - INFO - 💰 Escrow fee calculated: 7.9
2025-12-28 17:31:23,702 - __main__ - INFO - ✅ Sending payment options for YT-129
2025-12-28 17:31:29,630 - __main__ - INFO - Customer callback received: pay_coinbase
2025-12-28 17:31:35,578 - __main__ - INFO - Customer callback received: confirm_payment
2025-12-28 17:31:48,229 - __main__ - INFO - Customer callback received: back_to_customer
2025-12-28 17:31:49,920 - __main__ - INFO - Customer callback received: seller_start
2025-12-28 17:31:52,523 - __main__ - INFO - Customer callback received: seller_list_account
2025-12-28 17:31:54,116 - __main__ - INFO - Customer callback received: customer_platform_YouTube
2025-12-28 17:31:56,406 - __main__ - INFO - Customer callback received: customer_type_Monetized Channel
2025-12-28 17:32:10,457 - __main__ - INFO - Customer callback received: customer_add_screenshots
2025-12-28 17:32:20,040 - __main__ - INFO - Customer callback received: customer_submit_listing
2025-12-28 17:32:23,740 - __main__ - INFO - Admin approving customer listing: CYT-012
2025-12-28 17:32:23,742 - __main__ - INFO - Customer listing ID: CYT-012 → New ID: YT-130 (Max found: 129)
2025-12-28 17:32:23,954 - __main__ - INFO - Screenshot post: 326
2025-12-28 17:32:24,126 - __main__ - INFO - Discussion post: 2422
2025-12-28 17:32:24,127 - __main__ - INFO - 📤 Posting to MAIN CHANNEL: @smyard
2025-12-28 17:32:24,316 - __main__ - INFO - ✅ Main channel posted: 164
2025-12-28 17:32:24,317 - __main__ - INFO - Main channel posted: 164
2025-12-28 17:32:24,462 - __main__ - INFO - Stock channel posted: 106
2025-12-28 17:55:54,317 - __main__ - INFO - ============================================================
2025-12-28 17:55:54,318 - __main__ - INFO - 🆔 SMYARDS BOT - COMPLETE VERSION
2025-12-28 17:55:54,319 - __main__ - INFO - ============================================================
2025-12-28 17:55:54,325 - __main__ - INFO - ✅ Database initialized: listings.db
2025-12-28 17:55:54,331 - __main__ - INFO - ==================================================
2025-12-28 17:55:54,331 - __main__ - INFO - ✅ SMYARDS BOT STARTED
2025-12-28 17:55:54,332 - __main__ - INFO - 📢 Main Channel: @smyard
2025-12-28 17:55:54,332 - __main__ - INFO - 📋 Stock Channel: -1002861193688
2025-12-28 17:55:54,333 - __main__ - INFO - ==================================================
2025-12-28 17:57:19,982 - __main__ - INFO - YT-108 exists, using YT-131 instead
2025-12-28 17:57:44,109 - __main__ - INFO - Confirmation callback received: publish_now
2025-12-28 17:57:44,109 - __main__ - INFO - PUBLISH NOW clicked - Starting publish process
2025-12-28 17:57:44,111 - __main__ - INFO - Listing data: {'platform': 'YouTube', 'account_type': 'Monetized Channel', 'subscribers': 6780, 'views': 2400000, 'niche': 'quiz', 'features': '3 Features Enabled', 'monetization': 'Enabled', 'region': 'Indonesia', 'status': 'No Strikes', 'price': 254.0, 'listing_id': 'YT-131', 'seller_contact': 'https://t.me/submarket7'}
2025-12-28 17:57:44,403 - __main__ - INFO - Screenshot post: 327
2025-12-28 17:57:44,582 - __main__ - INFO - Discussion post: 2424
2025-12-28 17:57:44,583 - __main__ - INFO - Posting to main channel...
2025-12-28 17:57:44,584 - __main__ - INFO - 📤 Posting to MAIN CHANNEL: @smyard
2025-12-28 17:57:45,520 - __main__ - INFO - ✅ Main channel posted: 165
2025-12-28 17:57:45,520 - __main__ - INFO - Main channel: 165
2025-12-28 17:57:45,522 - __main__ - INFO - Posting to stock channel...
2025-12-28 17:57:45,523 - __main__ - INFO - Attempting to post to stock channel: -1002861193688
2025-12-28 17:57:45,981 - __main__ - INFO - ✅ Successfully posted to stock channel. Message ID: 107
2025-12-28 17:57:45,981 - __main__ - INFO - Stock channel: 107
2025-12-28 17:57:46,097 - __main__ - INFO - Publishing completed successfully!
2025-12-28 18:00:27,404 - __main__ - INFO - Customer callback received: buyer_start
2025-12-28 18:00:28,834 - __main__ - INFO - Customer callback received: enter_product_id
2025-12-28 18:00:31,056 - __main__ - INFO - Customer searching for: YT-131
2025-12-28 18:00:31,058 - __main__ - INFO - Checking database for: YT-131
2025-12-28 18:00:31,061 - __main__ - INFO - Found listing: YT-131, Status: published, Price: 254.0
2025-12-28 18:00:31,061 - __main__ - INFO - Cleaned status: 'published'
2025-12-28 18:00:31,062 - __main__ - INFO - Listing is published: YT-131
2025-12-28 18:00:31,063 - __main__ - INFO - Price converted: 254.0 -> 254.0
2025-12-28 18:00:31,063 - __main__ - INFO - Cleaned numbers: Subscribers='6780' -> '6,780', Views='2400000' -> '2,400,000'
2025-12-28 18:00:31,065 - __main__ - INFO - Escrow fee calculated: 12.700000000000001
2025-12-28 18:00:31,067 - __main__ - INFO - Sending payment options for YT-131
2025-12-28 18:00:32,637 - __main__ - INFO - Customer callback received: pay_coinbase
2025-12-28 18:00:35,187 - __main__ - INFO - Customer callback received: confirm_payment
2025-12-28 18:00:49,232 - __main__ - INFO - Customer callback received: seller_start
2025-12-28 18:00:54,043 - __main__ - INFO - Customer callback received: seller_list_account
2025-12-28 18:00:55,646 - __main__ - INFO - Customer callback received: customer_platform_YouTube
2025-12-28 18:00:57,894 - __main__ - INFO - Customer callback received: customer_type_Monetized Channel
2025-12-28 18:01:11,040 - __main__ - INFO - Customer callback received: customer_add_screenshots
2025-12-28 18:01:20,877 - __main__ - INFO - Customer callback received: customer_submit_listing
2025-12-28 18:01:24,707 - __main__ - INFO - Admin approving customer listing: CYT-013
2025-12-28 18:01:24,709 - __main__ - INFO - Customer listing ID: CYT-013 → New ID: YT-132 (Max found: 131)
2025-12-28 18:01:24,877 - __main__ - INFO - Screenshot post: 328
2025-12-28 18:01:25,074 - __main__ - INFO - Discussion post: 2426
2025-12-28 18:01:25,075 - __main__ - INFO - 📤 Posting to MAIN CHANNEL: @smyard
2025-12-28 18:01:25,265 - __main__ - INFO - ✅ Main channel posted: 166
2025-12-28 18:01:25,266 - __main__ - INFO - Main channel posted: 166
2025-12-28 18:01:25,267 - __main__ - INFO - Attempting to post to stock channel: -1002861193688
2025-12-28 18:01:25,462 - __main__ - INFO - ✅ Successfully posted to stock channel. Message ID: 108
2025-12-28 18:01:25,463 - __main__ - INFO - Stock channel posted: 108
2025-12-28 18:32:22,923 - __main__ - INFO - ============================================================
2025-12-28 18:32:22,924 - __main__ - INFO - 🆔 SMYARDS BOT - COMPLETE VERSION
2025-12-28 18:32:22,924 - __main__ - INFO - ============================================================
2025-12-28 18:32:22,929 - __main__ - INFO - ✅ Database initialized: listings.db
2025-12-28 18:32:22,935 - __main__ - INFO - ==================================================
2025-12-28 18:32:22,935 - __main__ - INFO - ✅ SMYARDS BOT STARTED
2025-12-28 18:32:22,935 - __main__ - INFO - 📢 Main Channel: @smyard
2025-12-28 18:32:22,935 - __main__ - INFO - 📋 Stock Channel: -1002861193688
2025-12-28 18:32:22,935 - __main__ - INFO - ==================================================
2025-12-28 18:32:49,237 - __main__ - INFO - YT-108 exists, using YT-133 instead
2025-12-28 18:33:18,646 - __main__ - INFO - Confirmation callback received: publish_now
2025-12-28 18:33:18,647 - __main__ - INFO - PUBLISH NOW clicked - Starting publish process
2025-12-28 18:33:18,648 - __main__ - INFO - Listing data: {'platform': 'YouTube', 'account_type': 'Monetized Channel', 'subscribers': 6780, 'views': 2400000, 'niche': 'quiz', 'features': '3 Features Enabled', 'monetization': 'Enabled', 'region': 'Indonesia', 'status': 'No Strikes', 'price': 156.0, 'listing_id': 'YT-133', 'seller_contact': 'https://t.me/submarket7'}
2025-12-28 18:33:18,884 - __main__ - INFO - Screenshot post: 329
2025-12-28 18:33:19,005 - __main__ - INFO - Discussion post: 2428
2025-12-28 18:33:19,005 - __main__ - INFO - Posting to main channel...
2025-12-28 18:33:19,008 - __main__ - INFO - 📤 Posting to MAIN CHANNEL: @smyard
2025-12-28 18:33:19,247 - __main__ - INFO - ✅ Main channel posted: 167
2025-12-28 18:33:19,247 - __main__ - INFO - Main channel: 167
2025-12-28 18:33:19,251 - __main__ - INFO - Posting to stock channel...
2025-12-28 18:33:19,252 - __main__ - INFO - Attempting to post to stock channel: -1002861193688
2025-12-28 18:33:19,439 - __main__ - INFO - ✅ Successfully posted to stock channel. Message ID: 109
2025-12-28 18:33:19,440 - __main__ - INFO - Stock channel: 109
2025-12-28 18:33:19,546 - __main__ - INFO - Publishing completed successfully!
2025-12-28 18:33:52,749 - __main__ - ERROR - Error updating main post as sold: Timed out
2025-12-28 18:33:58,151 - __main__ - ERROR - Error updating stock post as sold: Timed out
2025-12-28 18:41:56,086 - __main__ - INFO - ============================================================
2025-12-28 18:41:56,086 - __main__ - INFO - 🆔 SMYARDS BOT - COMPLETE VERSION
2025-12-28 18:41:56,086 - __main__ - INFO - ============================================================
2025-12-28 18:41:56,101 - __main__ - INFO - ✅ Database initialized: listings.db
2025-12-28 18:41:56,101 - __main__ - INFO - ==================================================
2025-12-28 18:41:56,101 - __main__ - INFO - ✅ SMYARDS BOT STARTED
2025-12-28 18:41:56,101 - __main__ - INFO - 📢 Main Channel: @smyard
2025-12-28 18:41:56,101 - __main__ - INFO - 📋 Stock Channel: -1002861193688
2025-12-28 18:41:56,101 - __main__ - INFO - ==================================================
2025-12-28 18:42:17,300 - __main__ - INFO - YT-108 exists, using YT-134 instead
2025-12-28 18:42:43,144 - __main__ - INFO - Confirmation callback received: publish_now
2025-12-28 18:42:43,145 - __main__ - INFO - PUBLISH NOW clicked - Starting publish process
2025-12-28 18:42:43,146 - __main__ - INFO - Listing data: {'platform': 'YouTube', 'account_type': 'Monetized Channel', 'subscribers': 6780, 'views': 2400000, 'niche': 'quiz', 'features': '3 Features Enabled', 'monetization': 'Enabled', 'region': 'Indonesia', 'status': 'No Strikes', 'price': 149.0, 'listing_id': 'YT-134', 'seller_contact': 'https://t.me/submarket7'}
2025-12-28 18:42:43,346 - __main__ - INFO - Screenshot post: 330
2025-12-28 18:42:43,465 - __main__ - INFO - Discussion post: 2430
2025-12-28 18:42:43,465 - __main__ - INFO - Posting to main channel...
2025-12-28 18:42:43,467 - __main__ - INFO - 📤 Posting to MAIN CHANNEL: @smyard
2025-12-28 18:42:43,835 - __main__ - INFO - ✅ Main channel posted: 168
2025-12-28 18:42:43,836 - __main__ - INFO - Main channel: 168
2025-12-28 18:42:43,839 - __main__ - INFO - Posting to stock channel...
2025-12-28 18:42:43,842 - __main__ - INFO - Attempting to post to stock channel: -1002861193688
2025-12-28 18:42:44,074 - __main__ - INFO - ✅ Successfully posted to stock channel. Message ID: 110
2025-12-28 18:42:44,075 - __main__ - INFO - Stock channel: 110
2025-12-28 18:42:44,233 - __main__ - INFO - Publishing completed successfully!
2025-12-28 18:43:04,857 - __main__ - INFO - Attempting to update main channel post 168 for YT-134
2025-12-28 18:43:04,861 - __main__ - INFO - Escrow URL: https://t.me/c/2872620027/50
2025-12-28 18:43:04,863 - __main__ - INFO - Editing main channel message: chat_id=@smyard, message_id=168
2025-12-28 18:43:10,094 - __main__ - ERROR - Error updating main post as sold: Timed out
2025-12-28 18:43:10,210 - __main__ - ERROR - Traceback: Traceback (most recent call last):
  File "C:\Users\Win10 Pro\AppData\Roaming\Python\Python311\site-packages\telegram\vendor\ptb_urllib3\urllib3\connectionpool.py", line 402, in _make_request
    six.raise_from(e, None)
  File "<string>", line 2, in raise_from
  File "C:\Users\Win10 Pro\AppData\Roaming\Python\Python311\site-packages\telegram\vendor\ptb_urllib3\urllib3\connectionpool.py", line 398, in _make_request
    httplib_response = conn.getresponse()
                       ^^^^^^^^^^^^^^^^^^
  File "C:\Program Files\Python311\Lib\http\client.py", line 1374, in getresponse
    response.begin()
  File "C:\Program Files\Python311\Lib\http\client.py", line 318, in begin
    version, status, reason = self._read_status()
                              ^^^^^^^^^^^^^^^^^^^
  File "C:\Program Files\Python311\Lib\http\client.py", line 279, in _read_status
    line = str(self.fp.readline(_MAXLINE + 1), "iso-8859-1")
               ^^^^^^^^^^^^^^^^^^^^^^^^^^^^^^
  File "C:\Program Files\Python311\Lib\socket.py", line 705, in readinto
    return self._sock.recv_into(b)
           ^^^^^^^^^^^^^^^^^^^^^^^
  File "C:\Program Files\Python311\Lib\ssl.py", line 1278, in recv_into
    return self.read(nbytes, buffer)
           ^^^^^^^^^^^^^^^^^^^^^^^^^
  File "C:\Program Files\Python311\Lib\ssl.py", line 1134, in read
    return self._sslobj.read(len, buffer)
           ^^^^^^^^^^^^^^^^^^^^^^^^^^^^^^
TimeoutError: The read operation timed out

During handling of the above exception, another exception occurred:

Traceback (most recent call last):
  File "C:\Users\Win10 Pro\AppData\Roaming\Python\Python311\site-packages\telegram\utils\request.py", line 259, in _request_wrapper
    resp = self._con_pool.request(*args, **kwargs)
           ^^^^^^^^^^^^^^^^^^^^^^^^^^^^^^^^^^^^^^^
  File "C:\Users\Win10 Pro\AppData\Roaming\Python\Python311\site-packages\telegram\vendor\ptb_urllib3\urllib3\request.py", line 68, in request
    return self.request_encode_body(method, url, fields=fields,
           ^^^^^^^^^^^^^^^^^^^^^^^^^^^^^^^^^^^^^^^^^^^^^^^^^^^^
  File "C:\Users\Win10 Pro\AppData\Roaming\Python\Python311\site-packages\telegram\vendor\ptb_urllib3\urllib3\request.py", line 148, in request_encode_body
    return self.urlopen(method, url, **extra_kw)
           ^^^^^^^^^^^^^^^^^^^^^^^^^^^^^^^^^^^^^
  File "C:\Users\Win10 Pro\AppData\Roaming\Python\Python311\site-packages\telegram\vendor\ptb_urllib3\urllib3\poolmanager.py", line 244, in urlopen
    response = conn.urlopen(method, u.request_uri, **kw)
               ^^^^^^^^^^^^^^^^^^^^^^^^^^^^^^^^^^^^^^^^^
  File "C:\Users\Win10 Pro\AppData\Roaming\Python\Python311\site-packages\telegram\vendor\ptb_urllib3\urllib3\connectionpool.py", line 665, in urlopen
    retries = retries.increment(method, url, error=e, _pool=self,
              ^^^^^^^^^^^^^^^^^^^^^^^^^^^^^^^^^^^^^^^^^^^^^^^^^^^
  File "C:\Users\Win10 Pro\AppData\Roaming\Python\Python311\site-packages\telegram\vendor\ptb_urllib3\urllib3\util\retry.py", line 347, in increment
    raise six.reraise(type(error), error, _stacktrace)
          ^^^^^^^^^^^^^^^^^^^^^^^^^^^^^^^^^^^^^^^^^^^^
  File "C:\Users\Win10 Pro\AppData\Roaming\Python\Python311\site-packages\telegram\vendor\ptb_urllib3\urllib3\packages\six.py", line 686, in reraise
    raise value
  File "C:\Users\Win10 Pro\AppData\Roaming\Python\Python311\site-packages\telegram\vendor\ptb_urllib3\urllib3\connectionpool.py", line 614, in urlopen
    httplib_response = self._make_request(conn, method, url,
                       ^^^^^^^^^^^^^^^^^^^^^^^^^^^^^^^^^^^^^
  File "C:\Users\Win10 Pro\AppData\Roaming\Python\Python311\site-packages\telegram\vendor\ptb_urllib3\urllib3\connectionpool.py", line 404, in _make_request
    self._raise_timeout(err=e, url=url, timeout_value=read_timeout,
  File "C:\Users\Win10 Pro\AppData\Roaming\Python\Python311\site-packages\telegram\vendor\ptb_urllib3\urllib3\connectionpool.py", line 321, in _raise_timeout
    raise exc_cls(*args)
telegram.vendor.ptb_urllib3.urllib3.exceptions.ReadTimeoutError: HTTPSConnectionPool(host='api.telegram.org', port=443): Read timed out. (read timeout=5.0)

The above exception was the direct cause of the following exception:

Traceback (most recent call last):
  File "C:\smyards_bot\bot_final_fixed.py", line 1558, in admin_update_main_post_as_sold
    bot.edit_message_reply_markup(
  File "C:\Users\Win10 Pro\AppData\Roaming\Python\Python311\site-packages\telegram\bot.py", line 134, in decorator
    result = func(*args, **kwargs)
             ^^^^^^^^^^^^^^^^^^^^^
  File "C:\Users\Win10 Pro\AppData\Roaming\Python\Python311\site-packages\telegram\bot.py", line 3063, in edit_message_reply_markup
    return self._message(
           ^^^^^^^^^^^^^^
  File "C:\Users\Win10 Pro\AppData\Roaming\Python\Python311\site-packages\telegram\ext\extbot.py", line 203, in _message
    result = super()._message(
             ^^^^^^^^^^^^^^^^^
  File "C:\Users\Win10 Pro\AppData\Roaming\Python\Python311\site-packages\telegram\bot.py", line 344, in _message
    result = self._post(endpoint, data, timeout=timeout, api_kwargs=api_kwargs)
             ^^^^^^^^^^^^^^^^^^^^^^^^^^^^^^^^^^^^^^^^^^^^^^^^^^^^^^^^^^^^^^^^^^
  File "C:\Users\Win10 Pro\AppData\Roaming\Python\Python311\site-packages\telegram\bot.py", line 299, in _post
    return self.request.post(
           ^^^^^^^^^^^^^^^^^^
  File "C:\Users\Win10 Pro\AppData\Roaming\Python\Python311\site-packages\telegram\utils\request.py", line 361, in post
    result = self._request_wrapper(
             ^^^^^^^^^^^^^^^^^^^^^^
  File "C:\Users\Win10 Pro\AppData\Roaming\Python\Python311\site-packages\telegram\utils\request.py", line 261, in _request_wrapper
    raise TimedOut() from error
telegram.error.TimedOut: Timed out

2025-12-28 18:43:10,218 - __main__ - INFO - Attempting to update stock channel post 110 for YT-134
2025-12-28 18:43:10,221 - __main__ - INFO - Escrow URL for stock: https://t.me/c/2872620027/50
2025-12-28 18:43:10,223 - __main__ - INFO - Editing stock channel message: chat_id=-1002861193688, message_id=110
2025-12-28 18:43:15,630 - __main__ - ERROR - Error updating stock post as sold: Timed out
2025-12-28 18:43:15,635 - __main__ - ERROR - Traceback: Traceback (most recent call last):
  File "C:\Users\Win10 Pro\AppData\Roaming\Python\Python311\site-packages\telegram\vendor\ptb_urllib3\urllib3\connectionpool.py", line 402, in _make_request
    six.raise_from(e, None)
  File "<string>", line 2, in raise_from
  File "C:\Users\Win10 Pro\AppData\Roaming\Python\Python311\site-packages\telegram\vendor\ptb_urllib3\urllib3\connectionpool.py", line 398, in _make_request
    httplib_response = conn.getresponse()
                       ^^^^^^^^^^^^^^^^^^
  File "C:\Program Files\Python311\Lib\http\client.py", line 1374, in getresponse
    response.begin()
  File "C:\Program Files\Python311\Lib\http\client.py", line 318, in begin
    version, status, reason = self._read_status()
                              ^^^^^^^^^^^^^^^^^^^
  File "C:\Program Files\Python311\Lib\http\client.py", line 279, in _read_status
    line = str(self.fp.readline(_MAXLINE + 1), "iso-8859-1")
               ^^^^^^^^^^^^^^^^^^^^^^^^^^^^^^
  File "C:\Program Files\Python311\Lib\socket.py", line 705, in readinto
    return self._sock.recv_into(b)
           ^^^^^^^^^^^^^^^^^^^^^^^
  File "C:\Program Files\Python311\Lib\ssl.py", line 1278, in recv_into
    return self.read(nbytes, buffer)
           ^^^^^^^^^^^^^^^^^^^^^^^^^
  File "C:\Program Files\Python311\Lib\ssl.py", line 1134, in read
    return self._sslobj.read(len, buffer)
           ^^^^^^^^^^^^^^^^^^^^^^^^^^^^^^
TimeoutError: The read operation timed out

During handling of the above exception, another exception occurred:

Traceback (most recent call last):
  File "C:\Users\Win10 Pro\AppData\Roaming\Python\Python311\site-packages\telegram\utils\request.py", line 259, in _request_wrapper
    resp = self._con_pool.request(*args, **kwargs)
           ^^^^^^^^^^^^^^^^^^^^^^^^^^^^^^^^^^^^^^^
  File "C:\Users\Win10 Pro\AppData\Roaming\Python\Python311\site-packages\telegram\vendor\ptb_urllib3\urllib3\request.py", line 68, in request
    return self.request_encode_body(method, url, fields=fields,
           ^^^^^^^^^^^^^^^^^^^^^^^^^^^^^^^^^^^^^^^^^^^^^^^^^^^^
  File "C:\Users\Win10 Pro\AppData\Roaming\Python\Python311\site-packages\telegram\vendor\ptb_urllib3\urllib3\request.py", line 148, in request_encode_body
    return self.urlopen(method, url, **extra_kw)
           ^^^^^^^^^^^^^^^^^^^^^^^^^^^^^^^^^^^^^
  File "C:\Users\Win10 Pro\AppData\Roaming\Python\Python311\site-packages\telegram\vendor\ptb_urllib3\urllib3\poolmanager.py", line 244, in urlopen
    response = conn.urlopen(method, u.request_uri, **kw)
               ^^^^^^^^^^^^^^^^^^^^^^^^^^^^^^^^^^^^^^^^^
  File "C:\Users\Win10 Pro\AppData\Roaming\Python\Python311\site-packages\telegram\vendor\ptb_urllib3\urllib3\connectionpool.py", line 665, in urlopen
    retries = retries.increment(method, url, error=e, _pool=self,
              ^^^^^^^^^^^^^^^^^^^^^^^^^^^^^^^^^^^^^^^^^^^^^^^^^^^
  File "C:\Users\Win10 Pro\AppData\Roaming\Python\Python311\site-packages\telegram\vendor\ptb_urllib3\urllib3\util\retry.py", line 347, in increment
    raise six.reraise(type(error), error, _stacktrace)
          ^^^^^^^^^^^^^^^^^^^^^^^^^^^^^^^^^^^^^^^^^^^^
  File "C:\Users\Win10 Pro\AppData\Roaming\Python\Python311\site-packages\telegram\vendor\ptb_urllib3\urllib3\packages\six.py", line 686, in reraise
    raise value
  File "C:\Users\Win10 Pro\AppData\Roaming\Python\Python311\site-packages\telegram\vendor\ptb_urllib3\urllib3\connectionpool.py", line 614, in urlopen
    httplib_response = self._make_request(conn, method, url,
                       ^^^^^^^^^^^^^^^^^^^^^^^^^^^^^^^^^^^^^
  File "C:\Users\Win10 Pro\AppData\Roaming\Python\Python311\site-packages\telegram\vendor\ptb_urllib3\urllib3\connectionpool.py", line 404, in _make_request
    self._raise_timeout(err=e, url=url, timeout_value=read_timeout,
  File "C:\Users\Win10 Pro\AppData\Roaming\Python\Python311\site-packages\telegram\vendor\ptb_urllib3\urllib3\connectionpool.py", line 321, in _raise_timeout
    raise exc_cls(*args)
telegram.vendor.ptb_urllib3.urllib3.exceptions.ReadTimeoutError: HTTPSConnectionPool(host='api.telegram.org', port=443): Read timed out. (read timeout=5.0)

The above exception was the direct cause of the following exception:

Traceback (most recent call last):
  File "C:\smyards_bot\bot_final_fixed.py", line 1703, in admin_update_stock_post_as_sold
    bot.edit_message_reply_markup(
  File "C:\Users\Win10 Pro\AppData\Roaming\Python\Python311\site-packages\telegram\bot.py", line 134, in decorator
    result = func(*args, **kwargs)
             ^^^^^^^^^^^^^^^^^^^^^
  File "C:\Users\Win10 Pro\AppData\Roaming\Python\Python311\site-packages\telegram\bot.py", line 3063, in edit_message_reply_markup
    return self._message(
           ^^^^^^^^^^^^^^
  File "C:\Users\Win10 Pro\AppData\Roaming\Python\Python311\site-packages\telegram\ext\extbot.py", line 203, in _message
    result = super()._message(
             ^^^^^^^^^^^^^^^^^
  File "C:\Users\Win10 Pro\AppData\Roaming\Python\Python311\site-packages\telegram\bot.py", line 344, in _message
    result = self._post(endpoint, data, timeout=timeout, api_kwargs=api_kwargs)
             ^^^^^^^^^^^^^^^^^^^^^^^^^^^^^^^^^^^^^^^^^^^^^^^^^^^^^^^^^^^^^^^^^^
  File "C:\Users\Win10 Pro\AppData\Roaming\Python\Python311\site-packages\telegram\bot.py", line 299, in _post
    return self.request.post(
           ^^^^^^^^^^^^^^^^^^
  File "C:\Users\Win10 Pro\AppData\Roaming\Python\Python311\site-packages\telegram\utils\request.py", line 361, in post
    result = self._request_wrapper(
             ^^^^^^^^^^^^^^^^^^^^^^
  File "C:\Users\Win10 Pro\AppData\Roaming\Python\Python311\site-packages\telegram\utils\request.py", line 261, in _request_wrapper
    raise TimedOut() from error
telegram.error.TimedOut: Timed out

2025-12-28 18:54:08,201 - __main__ - ERROR - Update "{'update_id': 814883816, 'message': {'delete_chat_photo': False, 'entities': [{'offset': 0, 'length': 9, 'type': 'bot_command'}], 'message_id': 1869, 'channel_chat_created': False, 'caption_entities': [], 'new_chat_members': [], 'supergroup_chat_created': False, 'new_chat_photo': [], 'date': 1766940847, 'photo': [], 'text': '/customer', 'chat': {'first_name': 'SubMarket', 'id': 8002340669, 'type': 'private', 'username': 'submarket7'}, 'group_chat_created': False, 'from': {'username': 'submarket7', 'language_code': 'en', 'first_name': 'SubMarket', 'is_bot': False, 'id': 8002340669}}}" caused error "urllib3 HTTPError ('Connection aborted.', RemoteDisconnected('Remote end closed connection without response'))"
2025-12-28 18:54:08,248 - __main__ - ERROR - Full error: Traceback (most recent call last):
  File "C:\Users\Win10 Pro\AppData\Roaming\Python\Python311\site-packages\telegram\vendor\ptb_urllib3\urllib3\connectionpool.py", line 614, in urlopen
    httplib_response = self._make_request(conn, method, url,
                       ^^^^^^^^^^^^^^^^^^^^^^^^^^^^^^^^^^^^^
  File "C:\Users\Win10 Pro\AppData\Roaming\Python\Python311\site-packages\telegram\vendor\ptb_urllib3\urllib3\connectionpool.py", line 402, in _make_request
    six.raise_from(e, None)
  File "<string>", line 2, in raise_from
  File "C:\Users\Win10 Pro\AppData\Roaming\Python\Python311\site-packages\telegram\vendor\ptb_urllib3\urllib3\connectionpool.py", line 398, in _make_request
    httplib_response = conn.getresponse()
                       ^^^^^^^^^^^^^^^^^^
  File "C:\Program Files\Python311\Lib\http\client.py", line 1374, in getresponse
    response.begin()
  File "C:\Program Files\Python311\Lib\http\client.py", line 318, in begin
    version, status, reason = self._read_status()
                              ^^^^^^^^^^^^^^^^^^^
  File "C:\Program Files\Python311\Lib\http\client.py", line 287, in _read_status
    raise RemoteDisconnected("Remote end closed connection without"
http.client.RemoteDisconnected: Remote end closed connection without response

During handling of the above exception, another exception occurred:

Traceback (most recent call last):
  File "C:\Users\Win10 Pro\AppData\Roaming\Python\Python311\site-packages\telegram\utils\request.py", line 259, in _request_wrapper
    resp = self._con_pool.request(*args, **kwargs)
           ^^^^^^^^^^^^^^^^^^^^^^^^^^^^^^^^^^^^^^^
  File "C:\Users\Win10 Pro\AppData\Roaming\Python\Python311\site-packages\telegram\vendor\ptb_urllib3\urllib3\request.py", line 68, in request
    return self.request_encode_body(method, url, fields=fields,
           ^^^^^^^^^^^^^^^^^^^^^^^^^^^^^^^^^^^^^^^^^^^^^^^^^^^^
  File "C:\Users\Win10 Pro\AppData\Roaming\Python\Python311\site-packages\telegram\vendor\ptb_urllib3\urllib3\request.py", line 148, in request_encode_body
    return self.urlopen(method, url, **extra_kw)
           ^^^^^^^^^^^^^^^^^^^^^^^^^^^^^^^^^^^^^
  File "C:\Users\Win10 Pro\AppData\Roaming\Python\Python311\site-packages\telegram\vendor\ptb_urllib3\urllib3\poolmanager.py", line 244, in urlopen
    response = conn.urlopen(method, u.request_uri, **kw)
               ^^^^^^^^^^^^^^^^^^^^^^^^^^^^^^^^^^^^^^^^^
  File "C:\Users\Win10 Pro\AppData\Roaming\Python\Python311\site-packages\telegram\vendor\ptb_urllib3\urllib3\connectionpool.py", line 665, in urlopen
    retries = retries.increment(method, url, error=e, _pool=self,
              ^^^^^^^^^^^^^^^^^^^^^^^^^^^^^^^^^^^^^^^^^^^^^^^^^^^
  File "C:\Users\Win10 Pro\AppData\Roaming\Python\Python311\site-packages\telegram\vendor\ptb_urllib3\urllib3\util\retry.py", line 347, in increment
    raise six.reraise(type(error), error, _stacktrace)
          ^^^^^^^^^^^^^^^^^^^^^^^^^^^^^^^^^^^^^^^^^^^^
  File "C:\Users\Win10 Pro\AppData\Roaming\Python\Python311\site-packages\telegram\vendor\ptb_urllib3\urllib3\packages\six.py", line 685, in reraise
    raise value.with_traceback(tb)
  File "C:\Users\Win10 Pro\AppData\Roaming\Python\Python311\site-packages\telegram\vendor\ptb_urllib3\urllib3\connectionpool.py", line 614, in urlopen
    httplib_response = self._make_request(conn, method, url,
                       ^^^^^^^^^^^^^^^^^^^^^^^^^^^^^^^^^^^^^
  File "C:\Users\Win10 Pro\AppData\Roaming\Python\Python311\site-packages\telegram\vendor\ptb_urllib3\urllib3\connectionpool.py", line 402, in _make_request
    six.raise_from(e, None)
  File "<string>", line 2, in raise_from
  File "C:\Users\Win10 Pro\AppData\Roaming\Python\Python311\site-packages\telegram\vendor\ptb_urllib3\urllib3\connectionpool.py", line 398, in _make_request
    httplib_response = conn.getresponse()
                       ^^^^^^^^^^^^^^^^^^
  File "C:\Program Files\Python311\Lib\http\client.py", line 1374, in getresponse
    response.begin()
  File "C:\Program Files\Python311\Lib\http\client.py", line 318, in begin
    version, status, reason = self._read_status()
                              ^^^^^^^^^^^^^^^^^^^
  File "C:\Program Files\Python311\Lib\http\client.py", line 287, in _read_status
    raise RemoteDisconnected("Remote end closed connection without"
telegram.vendor.ptb_urllib3.urllib3.exceptions.ProtocolError: ('Connection aborted.', RemoteDisconnected('Remote end closed connection without response'))

The above exception was the direct cause of the following exception:

Traceback (most recent call last):
  File "C:\smyards_bot\bot_final_fixed.py", line 3037, in error_handler
    raise context.error
  File "C:\Users\Win10 Pro\AppData\Roaming\Python\Python311\site-packages\telegram\ext\dispatcher.py", line 557, in process_update
    handler.handle_update(update, self, check, context)
  File "C:\Users\Win10 Pro\AppData\Roaming\Python\Python311\site-packages\telegram\ext\conversationhandler.py", line 627, in handle_update
    new_state = handler.handle_update(update, dispatcher, check_result, context)
                ^^^^^^^^^^^^^^^^^^^^^^^^^^^^^^^^^^^^^^^^^^^^^^^^^^^^^^^^^^^^^^^^
  File "C:\Users\Win10 Pro\AppData\Roaming\Python\Python311\site-packages\telegram\ext\handler.py", line 199, in handle_update
    return self.callback(update, context)
           ^^^^^^^^^^^^^^^^^^^^^^^^^^^^^^
  File "C:\smyards_bot\bot_final_fixed.py", line 1742, in customer_start
    update.message.reply_text(text, reply_markup=InlineKeyboardMarkup(keyboard), parse_mode=ParseMode.MARKDOWN)
  File "C:\Users\Win10 Pro\AppData\Roaming\Python\Python311\site-packages\telegram\message.py", line 977, in reply_text
    return self.bot.send_message(
           ^^^^^^^^^^^^^^^^^^^^^^
  File "C:\Users\Win10 Pro\AppData\Roaming\Python\Python311\site-packages\telegram\bot.py", line 134, in decorator
    result = func(*args, **kwargs)
             ^^^^^^^^^^^^^^^^^^^^^
  File "C:\Users\Win10 Pro\AppData\Roaming\Python\Python311\site-packages\telegram\bot.py", line 534, in send_message
    return self._message(  # type: ignore[return-value]
           ^^^^^^^^^^^^^^^^^^^^^^^^^^^^^^^^^^^^^^^^^^^^
  File "C:\Users\Win10 Pro\AppData\Roaming\Python\Python311\site-packages\telegram\ext\extbot.py", line 203, in _message
    result = super()._message(
             ^^^^^^^^^^^^^^^^^
  File "C:\Users\Win10 Pro\AppData\Roaming\Python\Python311\site-packages\telegram\bot.py", line 344, in _message
    result = self._post(endpoint, data, timeout=timeout, api_kwargs=api_kwargs)
             ^^^^^^^^^^^^^^^^^^^^^^^^^^^^^^^^^^^^^^^^^^^^^^^^^^^^^^^^^^^^^^^^^^
  File "C:\Users\Win10 Pro\AppData\Roaming\Python\Python311\site-packages\telegram\bot.py", line 299, in _post
    return self.request.post(
           ^^^^^^^^^^^^^^^^^^
  File "C:\Users\Win10 Pro\AppData\Roaming\Python\Python311\site-packages\telegram\utils\request.py", line 361, in post
    result = self._request_wrapper(
             ^^^^^^^^^^^^^^^^^^^^^^
  File "C:\Users\Win10 Pro\AppData\Roaming\Python\Python311\site-packages\telegram\utils\request.py", line 265, in _request_wrapper
    raise NetworkError(f'urllib3 HTTPError {error}') from error
telegram.error.NetworkError: urllib3 HTTPError ('Connection aborted.', RemoteDisconnected('Remote end closed connection without response'))

2025-12-28 20:45:38,245 - __main__ - INFO - ============================================================
2025-12-28 20:45:38,246 - __main__ - INFO - 🆔 SMYARDS BOT - COMPLETE VERSION
2025-12-28 20:45:38,247 - __main__ - INFO - ============================================================
2025-12-28 20:45:38,252 - __main__ - INFO - ✅ Database initialized: listings.db
2025-12-28 20:45:38,275 - __main__ - INFO - ==================================================
2025-12-28 20:45:38,276 - __main__ - INFO - ✅ SMYARDS BOT STARTED
2025-12-28 20:45:38,277 - __main__ - INFO - 📢 Main Channel: @smyard
2025-12-28 20:45:38,278 - __main__ - INFO - 📋 Stock Channel: -1002861193688
2025-12-28 20:45:38,278 - __main__ - INFO - ==================================================
2025-12-29 13:59:13,051 - __main__ - INFO - ============================================================
2025-12-29 13:59:13,052 - __main__ - INFO - 🆔 SMYARDS BOT - COMPLETE VERSION
2025-12-29 13:59:13,053 - __main__ - INFO - ============================================================
2025-12-29 13:59:13,069 - __main__ - INFO - ✅ Database initialized: listings.db
2025-12-29 13:59:13,094 - __main__ - INFO - ==================================================
2025-12-29 13:59:13,094 - __main__ - INFO - ✅ SMYARDS BOT STARTED
2025-12-29 13:59:13,096 - __main__ - INFO - 📢 Main Channel: @smyard
2025-12-29 13:59:13,096 - __main__ - INFO - 📋 Stock Channel: -1002861193688
2025-12-29 13:59:13,096 - __main__ - INFO - ==================================================
2025-12-30 13:45:24,488 - __main__ - INFO - ============================================================
2025-12-30 13:45:24,489 - __main__ - INFO - 🆔 SMYARDS BOT - COMPLETE VERSION
2025-12-30 13:45:24,491 - __main__ - INFO - ============================================================
2025-12-30 13:45:24,508 - __main__ - INFO - ✅ Database initialized: listings.db
2025-12-30 13:45:24,529 - __main__ - INFO - ==================================================
2025-12-30 13:45:24,529 - __main__ - INFO - ✅ SMYARDS BOT STARTED
2025-12-30 13:45:24,531 - __main__ - INFO - 📢 Main Channel: @smyard
2025-12-30 13:45:24,531 - __main__ - INFO - 📋 Stock Channel: -1002861193688
2025-12-30 13:45:24,531 - __main__ - INFO - ==================================================
2025-12-30 13:51:00,209 - __main__ - INFO - Attempting to update main channel post 154 for YT-120
2025-12-30 13:51:00,210 - __main__ - INFO - Escrow URL: https://t.me/c/2872620027/51
2025-12-30 13:51:00,210 - __main__ - INFO - Editing main channel message: chat_id=@smyard, message_id=154
2025-12-30 13:51:05,381 - __main__ - ERROR - Error updating main post as sold: Timed out
2025-12-30 13:51:05,460 - __main__ - ERROR - Traceback: Traceback (most recent call last):
  File "C:\Users\Win10 Pro\AppData\Roaming\Python\Python311\site-packages\telegram\vendor\ptb_urllib3\urllib3\connectionpool.py", line 402, in _make_request
    six.raise_from(e, None)
  File "<string>", line 2, in raise_from
  File "C:\Users\Win10 Pro\AppData\Roaming\Python\Python311\site-packages\telegram\vendor\ptb_urllib3\urllib3\connectionpool.py", line 398, in _make_request
    httplib_response = conn.getresponse()
                       ^^^^^^^^^^^^^^^^^^
  File "C:\Program Files\Python311\Lib\http\client.py", line 1374, in getresponse
    response.begin()
  File "C:\Program Files\Python311\Lib\http\client.py", line 318, in begin
    version, status, reason = self._read_status()
                              ^^^^^^^^^^^^^^^^^^^
  File "C:\Program Files\Python311\Lib\http\client.py", line 279, in _read_status
    line = str(self.fp.readline(_MAXLINE + 1), "iso-8859-1")
               ^^^^^^^^^^^^^^^^^^^^^^^^^^^^^^
  File "C:\Program Files\Python311\Lib\socket.py", line 705, in readinto
    return self._sock.recv_into(b)
           ^^^^^^^^^^^^^^^^^^^^^^^
  File "C:\Program Files\Python311\Lib\ssl.py", line 1278, in recv_into
    return self.read(nbytes, buffer)
           ^^^^^^^^^^^^^^^^^^^^^^^^^
  File "C:\Program Files\Python311\Lib\ssl.py", line 1134, in read
    return self._sslobj.read(len, buffer)
           ^^^^^^^^^^^^^^^^^^^^^^^^^^^^^^
TimeoutError: The read operation timed out

During handling of the above exception, another exception occurred:

Traceback (most recent call last):
  File "C:\Users\Win10 Pro\AppData\Roaming\Python\Python311\site-packages\telegram\utils\request.py", line 259, in _request_wrapper
    resp = self._con_pool.request(*args, **kwargs)
           ^^^^^^^^^^^^^^^^^^^^^^^^^^^^^^^^^^^^^^^
  File "C:\Users\Win10 Pro\AppData\Roaming\Python\Python311\site-packages\telegram\vendor\ptb_urllib3\urllib3\request.py", line 68, in request
    return self.request_encode_body(method, url, fields=fields,
           ^^^^^^^^^^^^^^^^^^^^^^^^^^^^^^^^^^^^^^^^^^^^^^^^^^^^
  File "C:\Users\Win10 Pro\AppData\Roaming\Python\Python311\site-packages\telegram\vendor\ptb_urllib3\urllib3\request.py", line 148, in request_encode_body
    return self.urlopen(method, url, **extra_kw)
           ^^^^^^^^^^^^^^^^^^^^^^^^^^^^^^^^^^^^^
  File "C:\Users\Win10 Pro\AppData\Roaming\Python\Python311\site-packages\telegram\vendor\ptb_urllib3\urllib3\poolmanager.py", line 244, in urlopen
    response = conn.urlopen(method, u.request_uri, **kw)
               ^^^^^^^^^^^^^^^^^^^^^^^^^^^^^^^^^^^^^^^^^
  File "C:\Users\Win10 Pro\AppData\Roaming\Python\Python311\site-packages\telegram\vendor\ptb_urllib3\urllib3\connectionpool.py", line 665, in urlopen
    retries = retries.increment(method, url, error=e, _pool=self,
              ^^^^^^^^^^^^^^^^^^^^^^^^^^^^^^^^^^^^^^^^^^^^^^^^^^^
  File "C:\Users\Win10 Pro\AppData\Roaming\Python\Python311\site-packages\telegram\vendor\ptb_urllib3\urllib3\util\retry.py", line 347, in increment
    raise six.reraise(type(error), error, _stacktrace)
          ^^^^^^^^^^^^^^^^^^^^^^^^^^^^^^^^^^^^^^^^^^^^
  File "C:\Users\Win10 Pro\AppData\Roaming\Python\Python311\site-packages\telegram\vendor\ptb_urllib3\urllib3\packages\six.py", line 686, in reraise
    raise value
  File "C:\Users\Win10 Pro\AppData\Roaming\Python\Python311\site-packages\telegram\vendor\ptb_urllib3\urllib3\connectionpool.py", line 614, in urlopen
    httplib_response = self._make_request(conn, method, url,
                       ^^^^^^^^^^^^^^^^^^^^^^^^^^^^^^^^^^^^^
  File "C:\Users\Win10 Pro\AppData\Roaming\Python\Python311\site-packages\telegram\vendor\ptb_urllib3\urllib3\connectionpool.py", line 404, in _make_request
    self._raise_timeout(err=e, url=url, timeout_value=read_timeout,
  File "C:\Users\Win10 Pro\AppData\Roaming\Python\Python311\site-packages\telegram\vendor\ptb_urllib3\urllib3\connectionpool.py", line 321, in _raise_timeout
    raise exc_cls(*args)
telegram.vendor.ptb_urllib3.urllib3.exceptions.ReadTimeoutError: HTTPSConnectionPool(host='api.telegram.org', port=443): Read timed out. (read timeout=5.0)

The above exception was the direct cause of the following exception:

Traceback (most recent call last):
  File "C:\smyards_bot\bot_final_fixed.py", line 1558, in admin_update_main_post_as_sold
    bot.edit_message_reply_markup(
  File "C:\Users\Win10 Pro\AppData\Roaming\Python\Python311\site-packages\telegram\bot.py", line 134, in decorator
    result = func(*args, **kwargs)
             ^^^^^^^^^^^^^^^^^^^^^
  File "C:\Users\Win10 Pro\AppData\Roaming\Python\Python311\site-packages\telegram\bot.py", line 3063, in edit_message_reply_markup
    return self._message(
           ^^^^^^^^^^^^^^
  File "C:\Users\Win10 Pro\AppData\Roaming\Python\Python311\site-packages\telegram\ext\extbot.py", line 203, in _message
    result = super()._message(
             ^^^^^^^^^^^^^^^^^
  File "C:\Users\Win10 Pro\AppData\Roaming\Python\Python311\site-packages\telegram\bot.py", line 344, in _message
    result = self._post(endpoint, data, timeout=timeout, api_kwargs=api_kwargs)
             ^^^^^^^^^^^^^^^^^^^^^^^^^^^^^^^^^^^^^^^^^^^^^^^^^^^^^^^^^^^^^^^^^^
  File "C:\Users\Win10 Pro\AppData\Roaming\Python\Python311\site-packages\telegram\bot.py", line 299, in _post
    return self.request.post(
           ^^^^^^^^^^^^^^^^^^
  File "C:\Users\Win10 Pro\AppData\Roaming\Python\Python311\site-packages\telegram\utils\request.py", line 361, in post
    result = self._request_wrapper(
             ^^^^^^^^^^^^^^^^^^^^^^
  File "C:\Users\Win10 Pro\AppData\Roaming\Python\Python311\site-packages\telegram\utils\request.py", line 261, in _request_wrapper
    raise TimedOut() from error
telegram.error.TimedOut: Timed out

2025-12-30 13:51:05,461 - __main__ - INFO - Attempting to update stock channel post 96 for YT-120
2025-12-30 13:51:05,462 - __main__ - INFO - Escrow URL for stock: https://t.me/c/2872620027/51
2025-12-30 13:51:05,463 - __main__ - INFO - Editing stock channel message: chat_id=-1002861193688, message_id=96
2025-12-30 13:51:10,867 - __main__ - ERROR - Error updating stock post as sold: Timed out
2025-12-30 13:51:10,867 - __main__ - ERROR - Traceback: Traceback (most recent call last):
  File "C:\Users\Win10 Pro\AppData\Roaming\Python\Python311\site-packages\telegram\vendor\ptb_urllib3\urllib3\connectionpool.py", line 402, in _make_request
    six.raise_from(e, None)
  File "<string>", line 2, in raise_from
  File "C:\Users\Win10 Pro\AppData\Roaming\Python\Python311\site-packages\telegram\vendor\ptb_urllib3\urllib3\connectionpool.py", line 398, in _make_request
    httplib_response = conn.getresponse()
                       ^^^^^^^^^^^^^^^^^^
  File "C:\Program Files\Python311\Lib\http\client.py", line 1374, in getresponse
    response.begin()
  File "C:\Program Files\Python311\Lib\http\client.py", line 318, in begin
    version, status, reason = self._read_status()
                              ^^^^^^^^^^^^^^^^^^^
  File "C:\Program Files\Python311\Lib\http\client.py", line 279, in _read_status
    line = str(self.fp.readline(_MAXLINE + 1), "iso-8859-1")
               ^^^^^^^^^^^^^^^^^^^^^^^^^^^^^^
  File "C:\Program Files\Python311\Lib\socket.py", line 705, in readinto
    return self._sock.recv_into(b)
           ^^^^^^^^^^^^^^^^^^^^^^^
  File "C:\Program Files\Python311\Lib\ssl.py", line 1278, in recv_into
    return self.read(nbytes, buffer)
           ^^^^^^^^^^^^^^^^^^^^^^^^^
  File "C:\Program Files\Python311\Lib\ssl.py", line 1134, in read
    return self._sslobj.read(len, buffer)
           ^^^^^^^^^^^^^^^^^^^^^^^^^^^^^^
TimeoutError: The read operation timed out

During handling of the above exception, another exception occurred:

Traceback (most recent call last):
  File "C:\Users\Win10 Pro\AppData\Roaming\Python\Python311\site-packages\telegram\utils\request.py", line 259, in _request_wrapper
    resp = self._con_pool.request(*args, **kwargs)
           ^^^^^^^^^^^^^^^^^^^^^^^^^^^^^^^^^^^^^^^
  File "C:\Users\Win10 Pro\AppData\Roaming\Python\Python311\site-packages\telegram\vendor\ptb_urllib3\urllib3\request.py", line 68, in request
    return self.request_encode_body(method, url, fields=fields,
           ^^^^^^^^^^^^^^^^^^^^^^^^^^^^^^^^^^^^^^^^^^^^^^^^^^^^
  File "C:\Users\Win10 Pro\AppData\Roaming\Python\Python311\site-packages\telegram\vendor\ptb_urllib3\urllib3\request.py", line 148, in request_encode_body
    return self.urlopen(method, url, **extra_kw)
           ^^^^^^^^^^^^^^^^^^^^^^^^^^^^^^^^^^^^^
  File "C:\Users\Win10 Pro\AppData\Roaming\Python\Python311\site-packages\telegram\vendor\ptb_urllib3\urllib3\poolmanager.py", line 244, in urlopen
    response = conn.urlopen(method, u.request_uri, **kw)
               ^^^^^^^^^^^^^^^^^^^^^^^^^^^^^^^^^^^^^^^^^
  File "C:\Users\Win10 Pro\AppData\Roaming\Python\Python311\site-packages\telegram\vendor\ptb_urllib3\urllib3\connectionpool.py", line 665, in urlopen
    retries = retries.increment(method, url, error=e, _pool=self,
              ^^^^^^^^^^^^^^^^^^^^^^^^^^^^^^^^^^^^^^^^^^^^^^^^^^^
  File "C:\Users\Win10 Pro\AppData\Roaming\Python\Python311\site-packages\telegram\vendor\ptb_urllib3\urllib3\util\retry.py", line 347, in increment
    raise six.reraise(type(error), error, _stacktrace)
          ^^^^^^^^^^^^^^^^^^^^^^^^^^^^^^^^^^^^^^^^^^^^
  File "C:\Users\Win10 Pro\AppData\Roaming\Python\Python311\site-packages\telegram\vendor\ptb_urllib3\urllib3\packages\six.py", line 686, in reraise
    raise value
  File "C:\Users\Win10 Pro\AppData\Roaming\Python\Python311\site-packages\telegram\vendor\ptb_urllib3\urllib3\connectionpool.py", line 614, in urlopen
    httplib_response = self._make_request(conn, method, url,
                       ^^^^^^^^^^^^^^^^^^^^^^^^^^^^^^^^^^^^^
  File "C:\Users\Win10 Pro\AppData\Roaming\Python\Python311\site-packages\telegram\vendor\ptb_urllib3\urllib3\connectionpool.py", line 404, in _make_request
    self._raise_timeout(err=e, url=url, timeout_value=read_timeout,
  File "C:\Users\Win10 Pro\AppData\Roaming\Python\Python311\site-packages\telegram\vendor\ptb_urllib3\urllib3\connectionpool.py", line 321, in _raise_timeout
    raise exc_cls(*args)
telegram.vendor.ptb_urllib3.urllib3.exceptions.ReadTimeoutError: HTTPSConnectionPool(host='api.telegram.org', port=443): Read timed out. (read timeout=5.0)

The above exception was the direct cause of the following exception:

Traceback (most recent call last):
  File "C:\smyards_bot\bot_final_fixed.py", line 1703, in admin_update_stock_post_as_sold
    bot.edit_message_reply_markup(
  File "C:\Users\Win10 Pro\AppData\Roaming\Python\Python311\site-packages\telegram\bot.py", line 134, in decorator
    result = func(*args, **kwargs)
             ^^^^^^^^^^^^^^^^^^^^^
  File "C:\Users\Win10 Pro\AppData\Roaming\Python\Python311\site-packages\telegram\bot.py", line 3063, in edit_message_reply_markup
    return self._message(
           ^^^^^^^^^^^^^^
  File "C:\Users\Win10 Pro\AppData\Roaming\Python\Python311\site-packages\telegram\ext\extbot.py", line 203, in _message
    result = super()._message(
             ^^^^^^^^^^^^^^^^^
  File "C:\Users\Win10 Pro\AppData\Roaming\Python\Python311\site-packages\telegram\bot.py", line 344, in _message
    result = self._post(endpoint, data, timeout=timeout, api_kwargs=api_kwargs)
             ^^^^^^^^^^^^^^^^^^^^^^^^^^^^^^^^^^^^^^^^^^^^^^^^^^^^^^^^^^^^^^^^^^
  File "C:\Users\Win10 Pro\AppData\Roaming\Python\Python311\site-packages\telegram\bot.py", line 299, in _post
    return self.request.post(
           ^^^^^^^^^^^^^^^^^^
  File "C:\Users\Win10 Pro\AppData\Roaming\Python\Python311\site-packages\telegram\utils\request.py", line 361, in post
    result = self._request_wrapper(
             ^^^^^^^^^^^^^^^^^^^^^^
  File "C:\Users\Win10 Pro\AppData\Roaming\Python\Python311\site-packages\telegram\utils\request.py", line 261, in _request_wrapper
    raise TimedOut() from error
telegram.error.TimedOut: Timed out

2025-12-30 14:03:23,492 - __main__ - ERROR - Update "None" caused error "urllib3 HTTPError HTTPSConnectionPool(host='api.telegram.org', port=443): Max retries exceeded with url: /bot8383643986:AAFVI4MDb2zjy7DT9lsI3x6rn2UOyd-biPQ/getUpdates (Caused by ConnectTimeoutError(<telegram.vendor.ptb_urllib3.urllib3.connectionpool.HTTPSConnectionPool object at 0x000001B4BDED2CD0>, 'Connect timed out. (connect timeout=5.0)'))"
2025-12-30 14:03:23,542 - __main__ - ERROR - Full error: Traceback (most recent call last):
  File "C:\Users\Win10 Pro\AppData\Roaming\Python\Python311\site-packages\telegram\vendor\ptb_urllib3\urllib3\connectionpool.py", line 360, in _make_request
    self._validate_conn(conn)
  File "C:\Users\Win10 Pro\AppData\Roaming\Python\Python311\site-packages\telegram\vendor\ptb_urllib3\urllib3\connectionpool.py", line 857, in _validate_conn
    super(HTTPSConnectionPool, self)._validate_conn(conn)
  File "C:\Users\Win10 Pro\AppData\Roaming\Python\Python311\site-packages\telegram\vendor\ptb_urllib3\urllib3\connectionpool.py", line 289, in _validate_conn
    conn.connect()
  File "C:\Users\Win10 Pro\AppData\Roaming\Python\Python311\site-packages\telegram\vendor\ptb_urllib3\urllib3\connection.py", line 319, in connect
    self.sock = ssl_wrap_socket(
                ^^^^^^^^^^^^^^^^
  File "C:\Users\Win10 Pro\AppData\Roaming\Python\Python311\site-packages\telegram\vendor\ptb_urllib3\urllib3\util\ssl_.py", line 324, in ssl_wrap_socket
    return context.wrap_socket(sock, server_hostname=server_hostname)
           ^^^^^^^^^^^^^^^^^^^^^^^^^^^^^^^^^^^^^^^^^^^^^^^^^^^^^^^^^^
  File "C:\Program Files\Python311\Lib\ssl.py", line 517, in wrap_socket
    return self.sslsocket_class._create(
           ^^^^^^^^^^^^^^^^^^^^^^^^^^^^^
  File "C:\Program Files\Python311\Lib\ssl.py", line 1075, in _create
    self.do_handshake()
  File "C:\Program Files\Python311\Lib\ssl.py", line 1346, in do_handshake
    self._sslobj.do_handshake()
TimeoutError: _ssl.c:975: The handshake operation timed out

During handling of the above exception, another exception occurred:

Traceback (most recent call last):
  File "C:\Users\Win10 Pro\AppData\Roaming\Python\Python311\site-packages\telegram\vendor\ptb_urllib3\urllib3\connectionpool.py", line 614, in urlopen
    httplib_response = self._make_request(conn, method, url,
                       ^^^^^^^^^^^^^^^^^^^^^^^^^^^^^^^^^^^^^
  File "C:\Users\Win10 Pro\AppData\Roaming\Python\Python311\site-packages\telegram\vendor\ptb_urllib3\urllib3\connectionpool.py", line 363, in _make_request
    self._raise_timeout(err=e, url=url, timeout_value=conn.timeout,
  File "C:\Users\Win10 Pro\AppData\Roaming\Python\Python311\site-packages\telegram\vendor\ptb_urllib3\urllib3\connectionpool.py", line 321, in _raise_timeout
    raise exc_cls(*args)
telegram.vendor.ptb_urllib3.urllib3.exceptions.ConnectTimeoutError: (<telegram.vendor.ptb_urllib3.urllib3.connectionpool.HTTPSConnectionPool object at 0x000001B4BDED2CD0>, 'Connect timed out. (connect timeout=5.0)')

During handling of the above exception, another exception occurred:

Traceback (most recent call last):
  File "C:\Users\Win10 Pro\AppData\Roaming\Python\Python311\site-packages\telegram\utils\request.py", line 259, in _request_wrapper
    resp = self._con_pool.request(*args, **kwargs)
           ^^^^^^^^^^^^^^^^^^^^^^^^^^^^^^^^^^^^^^^
  File "C:\Users\Win10 Pro\AppData\Roaming\Python\Python311\site-packages\telegram\vendor\ptb_urllib3\urllib3\request.py", line 68, in request
    return self.request_encode_body(method, url, fields=fields,
           ^^^^^^^^^^^^^^^^^^^^^^^^^^^^^^^^^^^^^^^^^^^^^^^^^^^^
  File "C:\Users\Win10 Pro\AppData\Roaming\Python\Python311\site-packages\telegram\vendor\ptb_urllib3\urllib3\request.py", line 148, in request_encode_body
    return self.urlopen(method, url, **extra_kw)
           ^^^^^^^^^^^^^^^^^^^^^^^^^^^^^^^^^^^^^
  File "C:\Users\Win10 Pro\AppData\Roaming\Python\Python311\site-packages\telegram\vendor\ptb_urllib3\urllib3\poolmanager.py", line 244, in urlopen
    response = conn.urlopen(method, u.request_uri, **kw)
               ^^^^^^^^^^^^^^^^^^^^^^^^^^^^^^^^^^^^^^^^^
  File "C:\Users\Win10 Pro\AppData\Roaming\Python\Python311\site-packages\telegram\vendor\ptb_urllib3\urllib3\connectionpool.py", line 691, in urlopen
    return self.urlopen(method, url, body, headers, retries,
           ^^^^^^^^^^^^^^^^^^^^^^^^^^^^^^^^^^^^^^^^^^^^^^^^^
  File "C:\Users\Win10 Pro\AppData\Roaming\Python\Python311\site-packages\telegram\vendor\ptb_urllib3\urllib3\connectionpool.py", line 691, in urlopen
    return self.urlopen(method, url, body, headers, retries,
           ^^^^^^^^^^^^^^^^^^^^^^^^^^^^^^^^^^^^^^^^^^^^^^^^^
  File "C:\Users\Win10 Pro\AppData\Roaming\Python\Python311\site-packages\telegram\vendor\ptb_urllib3\urllib3\connectionpool.py", line 691, in urlopen
    return self.urlopen(method, url, body, headers, retries,
           ^^^^^^^^^^^^^^^^^^^^^^^^^^^^^^^^^^^^^^^^^^^^^^^^^
  File "C:\Users\Win10 Pro\AppData\Roaming\Python\Python311\site-packages\telegram\vendor\ptb_urllib3\urllib3\connectionpool.py", line 665, in urlopen
    retries = retries.increment(method, url, error=e, _pool=self,
              ^^^^^^^^^^^^^^^^^^^^^^^^^^^^^^^^^^^^^^^^^^^^^^^^^^^
  File "C:\Users\Win10 Pro\AppData\Roaming\Python\Python311\site-packages\telegram\vendor\ptb_urllib3\urllib3\util\retry.py", line 376, in increment
    raise MaxRetryError(_pool, url, error or ResponseError(cause))
telegram.vendor.ptb_urllib3.urllib3.exceptions.MaxRetryError: HTTPSConnectionPool(host='api.telegram.org', port=443): Max retries exceeded with url: /bot8383643986:AAFVI4MDb2zjy7DT9lsI3x6rn2UOyd-biPQ/getUpdates (Caused by ConnectTimeoutError(<telegram.vendor.ptb_urllib3.urllib3.connectionpool.HTTPSConnectionPool object at 0x000001B4BDED2CD0>, 'Connect timed out. (connect timeout=5.0)'))

The above exception was the direct cause of the following exception:

Traceback (most recent call last):
  File "C:\smyards_bot\bot_final_fixed.py", line 3037, in error_handler
    raise context.error
  File "C:\Users\Win10 Pro\AppData\Roaming\Python\Python311\site-packages\telegram\ext\updater.py", line 651, in _network_loop_retry
    if not action_cb():
           ^^^^^^^^^^^
  File "C:\Users\Win10 Pro\AppData\Roaming\Python\Python311\site-packages\telegram\ext\updater.py", line 602, in polling_action_cb
    updates = self.bot.get_updates(
              ^^^^^^^^^^^^^^^^^^^^^
  File "C:\Users\Win10 Pro\AppData\Roaming\Python\Python311\site-packages\telegram\ext\extbot.py", line 228, in get_updates
    updates = super().get_updates(
              ^^^^^^^^^^^^^^^^^^^^
  File "C:\Users\Win10 Pro\AppData\Roaming\Python\Python311\site-packages\telegram\bot.py", line 134, in decorator
    result = func(*args, **kwargs)
             ^^^^^^^^^^^^^^^^^^^^^
  File "C:\Users\Win10 Pro\AppData\Roaming\Python\Python311\site-packages\telegram\bot.py", line 3140, in get_updates
    self._post(
  File "C:\Users\Win10 Pro\AppData\Roaming\Python\Python311\site-packages\telegram\bot.py", line 299, in _post
    return self.request.post(
           ^^^^^^^^^^^^^^^^^^
  File "C:\Users\Win10 Pro\AppData\Roaming\Python\Python311\site-packages\telegram\utils\request.py", line 361, in post
    result = self._request_wrapper(
             ^^^^^^^^^^^^^^^^^^^^^^
  File "C:\Users\Win10 Pro\AppData\Roaming\Python\Python311\site-packages\telegram\utils\request.py", line 265, in _request_wrapper
    raise NetworkError(f'urllib3 HTTPError {error}') from error
telegram.error.NetworkError: urllib3 HTTPError HTTPSConnectionPool(host='api.telegram.org', port=443): Max retries exceeded with url: /bot8383643986:AAFVI4MDb2zjy7DT9lsI3x6rn2UOyd-biPQ/getUpdates (Caused by ConnectTimeoutError(<telegram.vendor.ptb_urllib3.urllib3.connectionpool.HTTPSConnectionPool object at 0x000001B4BDED2CD0>, 'Connect timed out. (connect timeout=5.0)'))

2025-12-30 14:04:07,794 - __main__ - ERROR - Update "None" caused error "urllib3 HTTPError HTTPSConnectionPool(host='api.telegram.org', port=443): Max retries exceeded with url: /bot8383643986:AAFVI4MDb2zjy7DT9lsI3x6rn2UOyd-biPQ/getUpdates (Caused by NewConnectionError('<telegram.vendor.ptb_urllib3.urllib3.connection.VerifiedHTTPSConnection object at 0x000001B4BE189690>: Failed to establish a new connection: [WinError 10051] A socket operation was attempted to an unreachable network'))"
2025-12-30 14:04:07,804 - __main__ - ERROR - Full error: Traceback (most recent call last):
  File "C:\Users\Win10 Pro\AppData\Roaming\Python\Python311\site-packages\telegram\vendor\ptb_urllib3\urllib3\connection.py", line 140, in _new_conn
    conn = connection.create_connection(
           ^^^^^^^^^^^^^^^^^^^^^^^^^^^^^
  File "C:\Users\Win10 Pro\AppData\Roaming\Python\Python311\site-packages\telegram\vendor\ptb_urllib3\urllib3\util\connection.py", line 83, in create_connection
    raise err
  File "C:\Users\Win10 Pro\AppData\Roaming\Python\Python311\site-packages\telegram\vendor\ptb_urllib3\urllib3\util\connection.py", line 73, in create_connection
    sock.connect(sa)
OSError: [WinError 10051] A socket operation was attempted to an unreachable network

During handling of the above exception, another exception occurred:

Traceback (most recent call last):
  File "C:\Users\Win10 Pro\AppData\Roaming\Python\Python311\site-packages\telegram\vendor\ptb_urllib3\urllib3\connectionpool.py", line 614, in urlopen
    httplib_response = self._make_request(conn, method, url,
                       ^^^^^^^^^^^^^^^^^^^^^^^^^^^^^^^^^^^^^
  File "C:\Users\Win10 Pro\AppData\Roaming\Python\Python311\site-packages\telegram\vendor\ptb_urllib3\urllib3\connectionpool.py", line 360, in _make_request
    self._validate_conn(conn)
  File "C:\Users\Win10 Pro\AppData\Roaming\Python\Python311\site-packages\telegram\vendor\ptb_urllib3\urllib3\connectionpool.py", line 857, in _validate_conn
    super(HTTPSConnectionPool, self)._validate_conn(conn)
  File "C:\Users\Win10 Pro\AppData\Roaming\Python\Python311\site-packages\telegram\vendor\ptb_urllib3\urllib3\connectionpool.py", line 289, in _validate_conn
    conn.connect()
  File "C:\Users\Win10 Pro\AppData\Roaming\Python\Python311\site-packages\telegram\vendor\ptb_urllib3\urllib3\connection.py", line 284, in connect
    conn = self._new_conn()
           ^^^^^^^^^^^^^^^^
  File "C:\Users\Win10 Pro\AppData\Roaming\Python\Python311\site-packages\telegram\vendor\ptb_urllib3\urllib3\connection.py", line 149, in _new_conn
    raise NewConnectionError(
telegram.vendor.ptb_urllib3.urllib3.exceptions.NewConnectionError: <telegram.vendor.ptb_urllib3.urllib3.connection.VerifiedHTTPSConnection object at 0x000001B4BE189690>: Failed to establish a new connection: [WinError 10051] A socket operation was attempted to an unreachable network

During handling of the above exception, another exception occurred:

Traceback (most recent call last):
  File "C:\Users\Win10 Pro\AppData\Roaming\Python\Python311\site-packages\telegram\utils\request.py", line 259, in _request_wrapper
    resp = self._con_pool.request(*args, **kwargs)
           ^^^^^^^^^^^^^^^^^^^^^^^^^^^^^^^^^^^^^^^
  File "C:\Users\Win10 Pro\AppData\Roaming\Python\Python311\site-packages\telegram\vendor\ptb_urllib3\urllib3\request.py", line 68, in request
    return self.request_encode_body(method, url, fields=fields,
           ^^^^^^^^^^^^^^^^^^^^^^^^^^^^^^^^^^^^^^^^^^^^^^^^^^^^
  File "C:\Users\Win10 Pro\AppData\Roaming\Python\Python311\site-packages\telegram\vendor\ptb_urllib3\urllib3\request.py", line 148, in request_encode_body
    return self.urlopen(method, url, **extra_kw)
           ^^^^^^^^^^^^^^^^^^^^^^^^^^^^^^^^^^^^^
  File "C:\Users\Win10 Pro\AppData\Roaming\Python\Python311\site-packages\telegram\vendor\ptb_urllib3\urllib3\poolmanager.py", line 244, in urlopen
    response = conn.urlopen(method, u.request_uri, **kw)
               ^^^^^^^^^^^^^^^^^^^^^^^^^^^^^^^^^^^^^^^^^
  File "C:\Users\Win10 Pro\AppData\Roaming\Python\Python311\site-packages\telegram\vendor\ptb_urllib3\urllib3\connectionpool.py", line 691, in urlopen
    return self.urlopen(method, url, body, headers, retries,
           ^^^^^^^^^^^^^^^^^^^^^^^^^^^^^^^^^^^^^^^^^^^^^^^^^
  File "C:\Users\Win10 Pro\AppData\Roaming\Python\Python311\site-packages\telegram\vendor\ptb_urllib3\urllib3\connectionpool.py", line 691, in urlopen
    return self.urlopen(method, url, body, headers, retries,
           ^^^^^^^^^^^^^^^^^^^^^^^^^^^^^^^^^^^^^^^^^^^^^^^^^
  File "C:\Users\Win10 Pro\AppData\Roaming\Python\Python311\site-packages\telegram\vendor\ptb_urllib3\urllib3\connectionpool.py", line 691, in urlopen
    return self.urlopen(method, url, body, headers, retries,
           ^^^^^^^^^^^^^^^^^^^^^^^^^^^^^^^^^^^^^^^^^^^^^^^^^
  File "C:\Users\Win10 Pro\AppData\Roaming\Python\Python311\site-packages\telegram\vendor\ptb_urllib3\urllib3\connectionpool.py", line 665, in urlopen
    retries = retries.increment(method, url, error=e, _pool=self,
              ^^^^^^^^^^^^^^^^^^^^^^^^^^^^^^^^^^^^^^^^^^^^^^^^^^^
  File "C:\Users\Win10 Pro\AppData\Roaming\Python\Python311\site-packages\telegram\vendor\ptb_urllib3\urllib3\util\retry.py", line 376, in increment
    raise MaxRetryError(_pool, url, error or ResponseError(cause))
telegram.vendor.ptb_urllib3.urllib3.exceptions.MaxRetryError: HTTPSConnectionPool(host='api.telegram.org', port=443): Max retries exceeded with url: /bot8383643986:AAFVI4MDb2zjy7DT9lsI3x6rn2UOyd-biPQ/getUpdates (Caused by NewConnectionError('<telegram.vendor.ptb_urllib3.urllib3.connection.VerifiedHTTPSConnection object at 0x000001B4BE189690>: Failed to establish a new connection: [WinError 10051] A socket operation was attempted to an unreachable network'))

The above exception was the direct cause of the following exception:

Traceback (most recent call last):
  File "C:\smyards_bot\bot_final_fixed.py", line 3037, in error_handler
    raise context.error
  File "C:\Users\Win10 Pro\AppData\Roaming\Python\Python311\site-packages\telegram\ext\updater.py", line 651, in _network_loop_retry
    if not action_cb():
           ^^^^^^^^^^^
  File "C:\Users\Win10 Pro\AppData\Roaming\Python\Python311\site-packages\telegram\ext\updater.py", line 602, in polling_action_cb
    updates = self.bot.get_updates(
              ^^^^^^^^^^^^^^^^^^^^^
  File "C:\Users\Win10 Pro\AppData\Roaming\Python\Python311\site-packages\telegram\ext\extbot.py", line 228, in get_updates
    updates = super().get_updates(
              ^^^^^^^^^^^^^^^^^^^^
  File "C:\Users\Win10 Pro\AppData\Roaming\Python\Python311\site-packages\telegram\bot.py", line 134, in decorator
    result = func(*args, **kwargs)
             ^^^^^^^^^^^^^^^^^^^^^
  File "C:\Users\Win10 Pro\AppData\Roaming\Python\Python311\site-packages\telegram\bot.py", line 3140, in get_updates
    self._post(
  File "C:\Users\Win10 Pro\AppData\Roaming\Python\Python311\site-packages\telegram\bot.py", line 299, in _post
    return self.request.post(
           ^^^^^^^^^^^^^^^^^^
  File "C:\Users\Win10 Pro\AppData\Roaming\Python\Python311\site-packages\telegram\utils\request.py", line 361, in post
    result = self._request_wrapper(
             ^^^^^^^^^^^^^^^^^^^^^^
  File "C:\Users\Win10 Pro\AppData\Roaming\Python\Python311\site-packages\telegram\utils\request.py", line 265, in _request_wrapper
    raise NetworkError(f'urllib3 HTTPError {error}') from error
telegram.error.NetworkError: urllib3 HTTPError HTTPSConnectionPool(host='api.telegram.org', port=443): Max retries exceeded with url: /bot8383643986:AAFVI4MDb2zjy7DT9lsI3x6rn2UOyd-biPQ/getUpdates (Caused by NewConnectionError('<telegram.vendor.ptb_urllib3.urllib3.connection.VerifiedHTTPSConnection object at 0x000001B4BE189690>: Failed to establish a new connection: [WinError 10051] A socket operation was attempted to an unreachable network'))

2025-12-30 14:08:02,002 - __main__ - INFO - ============================================================
2025-12-30 14:08:02,002 - __main__ - INFO - 🆔 SMYARDS BOT - COMPLETE VERSION
2025-12-30 14:08:02,002 - __main__ - INFO - ============================================================
2025-12-30 14:08:02,008 - __main__ - INFO - ✅ Database initialized: listings.db
2025-12-30 14:08:02,014 - __main__ - INFO - ==================================================
2025-12-30 14:08:02,014 - __main__ - INFO - ✅ SMYARDS BOT STARTED
2025-12-30 14:08:02,014 - __main__ - INFO - 📢 Main Channel: @smyard
2025-12-30 14:08:02,015 - __main__ - INFO - 📋 Stock Channel: -1002861193688
2025-12-30 14:08:02,015 - __main__ - INFO - ==================================================
2025-12-30 17:44:57,721 - __main__ - INFO - Customer callback received: buyer_start
2025-12-30 17:44:58,859 - __main__ - INFO - Customer callback received: enter_product_id
2025-12-30 17:45:01,009 - __main__ - INFO - Customer searching for: YT-119
2025-12-30 17:45:01,010 - __main__ - INFO - Checking database for: YT-119
2025-12-30 17:45:01,011 - __main__ - INFO - Found listing: YT-119, Status: published, Price: 105.0
2025-12-30 17:45:01,011 - __main__ - INFO - Cleaned status: 'published'
2025-12-30 17:45:01,011 - __main__ - INFO - Listing is published: YT-119
2025-12-30 17:45:01,012 - __main__ - INFO - Price converted: 105.0 -> 105.0
2025-12-30 17:45:01,012 - __main__ - INFO - Cleaned numbers: Subscribers='3300' -> '3,300', Views='150000' -> '150,000'
2025-12-30 17:45:01,012 - __main__ - INFO - Escrow fee calculated: 5.25
2025-12-30 17:45:01,012 - __main__ - INFO - Sending payment options for YT-119
2025-12-30 17:45:11,263 - __main__ - INFO - Customer callback received: pay_usdt
2025-12-30 17:45:42,010 - __main__ - ERROR - Update "{'callback_query': {'data': 'back_to_payment_methods', 'id': '6699675356707476027', 'message': {'date': 1767109501, 'group_chat_created': False, 'message_id': 1891, 'edit_date': 1767109511, 'reply_markup': {'inline_keyboard': [[{'callback_data': 'confirm_payment', 'text': "✅ I've Paid - Confirm Payment"}], [{'callback_data': 'back_to_payment_methods', 'text': '⬅️ Choose Different Method'}]]}, 'chat': {'username': 'submarket7', 'first_name': 'SubMarket', 'id': 8002340669, 'type': 'private'}, 'entities': [{'type': 'code', 'offset': 67, 'length': 6}, {'type': 'code', 'offset': 195, 'length': 17}, {'type': 'code', 'offset': 491, 'length': 6}], 'text': '💳 Payment Instructions - USDT\n\n📋 Order Summary:\n• 🆔 Product ID: YT-119\n• 📱 Platform: YouTube\n• 💵 Account Price: $105.00\n• 🛡️ Escrow Fee: $5.25\n\n💰 Amount to Pay: $5.25\n\n📝 Send Payment to:\nyour_usdt_address\n\nImportant Instructions:\n1. Send exactly $5.25 \n2. Use the network: USDT\n3. Do NOT send from an exchange (use personal wallet)\n4. After sending, click "✅ Confirm Payment" below\n5. We\'ll verify your payment within 15 minutes\n\n⚠️ Note: Include the Product ID in the payment memo: YT-119', 'photo': [], 'delete_chat_photo': False, 'supergroup_chat_created': False, 'channel_chat_created': False, 'caption_entities': [], 'new_chat_photo': [], 'new_chat_members': [], 'from': {'first_name': 'smyardsbot', 'is_bot': True, 'id': 8383643986, 'username': 'smyardbot'}}, 'chat_instance': '-7653025196374882768', 'from': {'first_name': 'SubMarket', 'is_bot': False, 'id': 8002340669, 'language_code': 'en', 'username': 'submarket7'}}, 'update_id': 814883842}" caused error "Timed out"
2025-12-30 17:45:42,048 - __main__ - ERROR - Full error: Traceback (most recent call last):
  File "C:\Users\Win10 Pro\AppData\Roaming\Python\Python311\site-packages\telegram\vendor\ptb_urllib3\urllib3\connectionpool.py", line 402, in _make_request
    six.raise_from(e, None)
  File "<string>", line 2, in raise_from
  File "C:\Users\Win10 Pro\AppData\Roaming\Python\Python311\site-packages\telegram\vendor\ptb_urllib3\urllib3\connectionpool.py", line 398, in _make_request
    httplib_response = conn.getresponse()
                       ^^^^^^^^^^^^^^^^^^
  File "C:\Program Files\Python311\Lib\http\client.py", line 1374, in getresponse
    response.begin()
  File "C:\Program Files\Python311\Lib\http\client.py", line 318, in begin
    version, status, reason = self._read_status()
                              ^^^^^^^^^^^^^^^^^^^
  File "C:\Program Files\Python311\Lib\http\client.py", line 279, in _read_status
    line = str(self.fp.readline(_MAXLINE + 1), "iso-8859-1")
               ^^^^^^^^^^^^^^^^^^^^^^^^^^^^^^
  File "C:\Program Files\Python311\Lib\socket.py", line 705, in readinto
    return self._sock.recv_into(b)
           ^^^^^^^^^^^^^^^^^^^^^^^
  File "C:\Program Files\Python311\Lib\ssl.py", line 1278, in recv_into
    return self.read(nbytes, buffer)
           ^^^^^^^^^^^^^^^^^^^^^^^^^
  File "C:\Program Files\Python311\Lib\ssl.py", line 1134, in read
    return self._sslobj.read(len, buffer)
           ^^^^^^^^^^^^^^^^^^^^^^^^^^^^^^
TimeoutError: The read operation timed out

During handling of the above exception, another exception occurred:

Traceback (most recent call last):
  File "C:\Users\Win10 Pro\AppData\Roaming\Python\Python311\site-packages\telegram\utils\request.py", line 259, in _request_wrapper
    resp = self._con_pool.request(*args, **kwargs)
           ^^^^^^^^^^^^^^^^^^^^^^^^^^^^^^^^^^^^^^^
  File "C:\Users\Win10 Pro\AppData\Roaming\Python\Python311\site-packages\telegram\vendor\ptb_urllib3\urllib3\request.py", line 68, in request
    return self.request_encode_body(method, url, fields=fields,
           ^^^^^^^^^^^^^^^^^^^^^^^^^^^^^^^^^^^^^^^^^^^^^^^^^^^^
  File "C:\Users\Win10 Pro\AppData\Roaming\Python\Python311\site-packages\telegram\vendor\ptb_urllib3\urllib3\request.py", line 148, in request_encode_body
    return self.urlopen(method, url, **extra_kw)
           ^^^^^^^^^^^^^^^^^^^^^^^^^^^^^^^^^^^^^
  File "C:\Users\Win10 Pro\AppData\Roaming\Python\Python311\site-packages\telegram\vendor\ptb_urllib3\urllib3\poolmanager.py", line 244, in urlopen
    response = conn.urlopen(method, u.request_uri, **kw)
               ^^^^^^^^^^^^^^^^^^^^^^^^^^^^^^^^^^^^^^^^^
  File "C:\Users\Win10 Pro\AppData\Roaming\Python\Python311\site-packages\telegram\vendor\ptb_urllib3\urllib3\connectionpool.py", line 665, in urlopen
    retries = retries.increment(method, url, error=e, _pool=self,
              ^^^^^^^^^^^^^^^^^^^^^^^^^^^^^^^^^^^^^^^^^^^^^^^^^^^
  File "C:\Users\Win10 Pro\AppData\Roaming\Python\Python311\site-packages\telegram\vendor\ptb_urllib3\urllib3\util\retry.py", line 347, in increment
    raise six.reraise(type(error), error, _stacktrace)
          ^^^^^^^^^^^^^^^^^^^^^^^^^^^^^^^^^^^^^^^^^^^^
  File "C:\Users\Win10 Pro\AppData\Roaming\Python\Python311\site-packages\telegram\vendor\ptb_urllib3\urllib3\packages\six.py", line 686, in reraise
    raise value
  File "C:\Users\Win10 Pro\AppData\Roaming\Python\Python311\site-packages\telegram\vendor\ptb_urllib3\urllib3\connectionpool.py", line 614, in urlopen
    httplib_response = self._make_request(conn, method, url,
                       ^^^^^^^^^^^^^^^^^^^^^^^^^^^^^^^^^^^^^
  File "C:\Users\Win10 Pro\AppData\Roaming\Python\Python311\site-packages\telegram\vendor\ptb_urllib3\urllib3\connectionpool.py", line 404, in _make_request
    self._raise_timeout(err=e, url=url, timeout_value=read_timeout,
  File "C:\Users\Win10 Pro\AppData\Roaming\Python\Python311\site-packages\telegram\vendor\ptb_urllib3\urllib3\connectionpool.py", line 321, in _raise_timeout
    raise exc_cls(*args)
telegram.vendor.ptb_urllib3.urllib3.exceptions.ReadTimeoutError: HTTPSConnectionPool(host='api.telegram.org', port=443): Read timed out. (read timeout=5.0)

The above exception was the direct cause of the following exception:

Traceback (most recent call last):
  File "C:\smyards_bot\bot_final_fixed.py", line 3037, in error_handler
    raise context.error
  File "C:\Users\Win10 Pro\AppData\Roaming\Python\Python311\site-packages\telegram\ext\dispatcher.py", line 557, in process_update
    handler.handle_update(update, self, check, context)
  File "C:\Users\Win10 Pro\AppData\Roaming\Python\Python311\site-packages\telegram\ext\conversationhandler.py", line 627, in handle_update
    new_state = handler.handle_update(update, dispatcher, check_result, context)
                ^^^^^^^^^^^^^^^^^^^^^^^^^^^^^^^^^^^^^^^^^^^^^^^^^^^^^^^^^^^^^^^^
  File "C:\Users\Win10 Pro\AppData\Roaming\Python\Python311\site-packages\telegram\ext\handler.py", line 199, in handle_update
    return self.callback(update, context)
           ^^^^^^^^^^^^^^^^^^^^^^^^^^^^^^
  File "C:\smyards_bot\bot_final_fixed.py", line 2928, in customer_callback
    query.answer()
  File "C:\Users\Win10 Pro\AppData\Roaming\Python\Python311\site-packages\telegram\callbackquery.py", line 166, in answer
    return self.bot.answer_callback_query(
           ^^^^^^^^^^^^^^^^^^^^^^^^^^^^^^^
  File "C:\Users\Win10 Pro\AppData\Roaming\Python\Python311\site-packages\telegram\bot.py", line 134, in decorator
    result = func(*args, **kwargs)
             ^^^^^^^^^^^^^^^^^^^^^
  File "C:\Users\Win10 Pro\AppData\Roaming\Python\Python311\site-packages\telegram\bot.py", line 2793, in answer_callback_query
    result = self._post('answerCallbackQuery', data, timeout=timeout, api_kwargs=api_kwargs)
             ^^^^^^^^^^^^^^^^^^^^^^^^^^^^^^^^^^^^^^^^^^^^^^^^^^^^^^^^^^^^^^^^^^^^^^^^^^^^^^^
  File "C:\Users\Win10 Pro\AppData\Roaming\Python\Python311\site-packages\telegram\bot.py", line 299, in _post
    return self.request.post(
           ^^^^^^^^^^^^^^^^^^
  File "C:\Users\Win10 Pro\AppData\Roaming\Python\Python311\site-packages\telegram\utils\request.py", line 361, in post
    result = self._request_wrapper(
             ^^^^^^^^^^^^^^^^^^^^^^
  File "C:\Users\Win10 Pro\AppData\Roaming\Python\Python311\site-packages\telegram\utils\request.py", line 261, in _request_wrapper
    raise TimedOut() from error
telegram.error.TimedOut: Timed out

2025-12-30 17:46:04,694 - __main__ - INFO - ============================================================
2025-12-30 17:46:04,695 - __main__ - INFO - 🆔 SMYARDS BOT - COMPLETE VERSION
2025-12-30 17:46:04,695 - __main__ - INFO - ============================================================
2025-12-30 17:46:04,700 - __main__ - INFO - ✅ Database initialized: listings.db
2025-12-30 17:46:04,706 - __main__ - INFO - ==================================================
2025-12-30 17:46:04,707 - __main__ - INFO - ✅ SMYARDS BOT STARTED
2025-12-30 17:46:04,707 - __main__ - INFO - 📢 Main Channel: @smyard
2025-12-30 17:46:04,707 - __main__ - INFO - 📋 Stock Channel: -1002861193688
2025-12-30 17:46:04,708 - __main__ - INFO - ==================================================
2025-12-30 17:47:25,923 - __main__ - INFO - ============================================================
2025-12-30 17:47:25,924 - __main__ - INFO - 🆔 SMYARDS BOT - COMPLETE VERSION
2025-12-30 17:47:25,924 - __main__ - INFO - ============================================================
2025-12-30 17:47:25,929 - __main__ - INFO - ✅ Database initialized: listings.db
2025-12-30 17:47:25,935 - __main__ - INFO - ==================================================
2025-12-30 17:47:25,936 - __main__ - INFO - ✅ SMYARDS BOT STARTED
2025-12-30 17:47:25,936 - __main__ - INFO - 📢 Main Channel: @smyard
2025-12-30 17:47:25,936 - __main__ - INFO - 📋 Stock Channel: -1002861193688
2025-12-30 17:47:25,937 - __main__ - INFO - ==================================================
2025-12-30 17:47:42,423 - __main__ - INFO - Customer callback received: buyer_start
2025-12-30 17:47:45,404 - __main__ - INFO - Customer callback received: enter_product_id
2025-12-30 17:47:48,397 - __main__ - INFO - Customer searching for: YT-119
2025-12-30 17:47:48,398 - __main__ - INFO - Checking database for: YT-119
2025-12-30 17:47:48,399 - __main__ - INFO - Found listing: YT-119, Status: published, Price: 105.0
2025-12-30 17:47:48,399 - __main__ - INFO - Cleaned status: 'published'
2025-12-30 17:47:48,400 - __main__ - INFO - Listing is published: YT-119
2025-12-30 17:47:48,400 - __main__ - INFO - Price converted: 105.0 -> 105.0
2025-12-30 17:47:48,400 - __main__ - INFO - Cleaned numbers: Subscribers='3300' -> '3,300', Views='150000' -> '150,000'
2025-12-30 17:47:48,400 - __main__ - INFO - Escrow fee calculated: 5.25
2025-12-30 17:47:48,401 - __main__ - INFO - Sending payment options for YT-119
2025-12-30 17:47:51,912 - __main__ - INFO - Customer callback received: pay_usdt
2025-12-30 17:48:01,307 - __main__ - INFO - Customer callback received: back_to_payment_methods
2025-12-30 17:48:03,657 - __main__ - INFO - Customer callback received: pay_binance
2025-12-30 17:48:06,684 - __main__ - INFO - Customer callback received: back_to_payment_methods
2025-12-30 17:48:23,616 - __main__ - INFO - Customer callback received: pay_btc
2025-12-30 17:48:28,623 - __main__ - ERROR - Update "{'update_id': 814883852, 'callback_query': {'id': '6699675355514479253', 'message': {'delete_chat_photo': False, 'date': 1767109668, 'photo': [], 'text': '✅ Product Details:\n\n📋 Account:\n• 🆔 Product ID: YT-119\n• 📱 Platform: YouTube\n• 👤 Type: Organic Channel\n• 👥 Subscribers: 3,300\n• 👀 Views: 150,000\n• 🗃️ Niche: Mixed\n\n💰 Pricing:\n• 💵 Account Price: $105.00\n• 🛡️ Escrow Fee (5%): $5.25\n\nChoose your payment method:', 'message_id': 1897, 'reply_markup': {'inline_keyboard': [[{'callback_data': 'pay_coinbase', 'text': '💳 Coinbase'}], [{'callback_data': 'pay_binance', 'text': '📊 Binance'}], [{'callback_data': 'pay_btc', 'text': '₿ Bitcoin (BTC)'}], [{'callback_data': 'pay_eth', 'text': 'Ξ Ethereum (ETH)'}], [{'callback_data': 'pay_usdt', 'text': '💵 USDT'}], [{'callback_data': 'pay_usdc', 'text': '💳 USDC'}], [{'callback_data': 'back_to_escrow_info', 'text': '⬅️ Back'}]]}, 'edit_date': 1767109686, 'chat': {'id': 8002340669, 'first_name': 'SubMarket', 'username': 'submarket7', 'type': 'private'}, 'supergroup_chat_created': False, 'channel_chat_created': False, 'caption_entities': [], 'new_chat_photo': [], 'new_chat_members': [], 'entities': [{'length': 6, 'type': 'code', 'offset': 49}], 'group_chat_created': False, 'from': {'is_bot': True, 'username': 'smyardbot', 'id': 8383643986, 'first_name': 'smyardsbot'}}, 'data': 'pay_btc', 'chat_instance': '-7653025196374882768', 'from': {'is_bot': False, 'username': 'submarket7', 'id': 8002340669, 'first_name': 'SubMarket', 'language_code': 'en'}}}" caused error "Timed out"
2025-12-30 17:48:28,638 - __main__ - ERROR - Full error: Traceback (most recent call last):
  File "C:\Users\Win10 Pro\AppData\Roaming\Python\Python311\site-packages\telegram\vendor\ptb_urllib3\urllib3\connectionpool.py", line 402, in _make_request
    six.raise_from(e, None)
  File "<string>", line 2, in raise_from
  File "C:\Users\Win10 Pro\AppData\Roaming\Python\Python311\site-packages\telegram\vendor\ptb_urllib3\urllib3\connectionpool.py", line 398, in _make_request
    httplib_response = conn.getresponse()
                       ^^^^^^^^^^^^^^^^^^
  File "C:\Program Files\Python311\Lib\http\client.py", line 1374, in getresponse
    response.begin()
  File "C:\Program Files\Python311\Lib\http\client.py", line 318, in begin
    version, status, reason = self._read_status()
                              ^^^^^^^^^^^^^^^^^^^
  File "C:\Program Files\Python311\Lib\http\client.py", line 279, in _read_status
    line = str(self.fp.readline(_MAXLINE + 1), "iso-8859-1")
               ^^^^^^^^^^^^^^^^^^^^^^^^^^^^^^
  File "C:\Program Files\Python311\Lib\socket.py", line 705, in readinto
    return self._sock.recv_into(b)
           ^^^^^^^^^^^^^^^^^^^^^^^
  File "C:\Program Files\Python311\Lib\ssl.py", line 1278, in recv_into
    return self.read(nbytes, buffer)
           ^^^^^^^^^^^^^^^^^^^^^^^^^
  File "C:\Program Files\Python311\Lib\ssl.py", line 1134, in read
    return self._sslobj.read(len, buffer)
           ^^^^^^^^^^^^^^^^^^^^^^^^^^^^^^
TimeoutError: The read operation timed out

During handling of the above exception, another exception occurred:

Traceback (most recent call last):
  File "C:\Users\Win10 Pro\AppData\Roaming\Python\Python311\site-packages\telegram\utils\request.py", line 259, in _request_wrapper
    resp = self._con_pool.request(*args, **kwargs)
           ^^^^^^^^^^^^^^^^^^^^^^^^^^^^^^^^^^^^^^^
  File "C:\Users\Win10 Pro\AppData\Roaming\Python\Python311\site-packages\telegram\vendor\ptb_urllib3\urllib3\request.py", line 68, in request
    return self.request_encode_body(method, url, fields=fields,
           ^^^^^^^^^^^^^^^^^^^^^^^^^^^^^^^^^^^^^^^^^^^^^^^^^^^^
  File "C:\Users\Win10 Pro\AppData\Roaming\Python\Python311\site-packages\telegram\vendor\ptb_urllib3\urllib3\request.py", line 148, in request_encode_body
    return self.urlopen(method, url, **extra_kw)
           ^^^^^^^^^^^^^^^^^^^^^^^^^^^^^^^^^^^^^
  File "C:\Users\Win10 Pro\AppData\Roaming\Python\Python311\site-packages\telegram\vendor\ptb_urllib3\urllib3\poolmanager.py", line 244, in urlopen
    response = conn.urlopen(method, u.request_uri, **kw)
               ^^^^^^^^^^^^^^^^^^^^^^^^^^^^^^^^^^^^^^^^^
  File "C:\Users\Win10 Pro\AppData\Roaming\Python\Python311\site-packages\telegram\vendor\ptb_urllib3\urllib3\connectionpool.py", line 665, in urlopen
    retries = retries.increment(method, url, error=e, _pool=self,
              ^^^^^^^^^^^^^^^^^^^^^^^^^^^^^^^^^^^^^^^^^^^^^^^^^^^
  File "C:\Users\Win10 Pro\AppData\Roaming\Python\Python311\site-packages\telegram\vendor\ptb_urllib3\urllib3\util\retry.py", line 347, in increment
    raise six.reraise(type(error), error, _stacktrace)
          ^^^^^^^^^^^^^^^^^^^^^^^^^^^^^^^^^^^^^^^^^^^^
  File "C:\Users\Win10 Pro\AppData\Roaming\Python\Python311\site-packages\telegram\vendor\ptb_urllib3\urllib3\packages\six.py", line 686, in reraise
    raise value
  File "C:\Users\Win10 Pro\AppData\Roaming\Python\Python311\site-packages\telegram\vendor\ptb_urllib3\urllib3\connectionpool.py", line 614, in urlopen
    httplib_response = self._make_request(conn, method, url,
                       ^^^^^^^^^^^^^^^^^^^^^^^^^^^^^^^^^^^^^
  File "C:\Users\Win10 Pro\AppData\Roaming\Python\Python311\site-packages\telegram\vendor\ptb_urllib3\urllib3\connectionpool.py", line 404, in _make_request
    self._raise_timeout(err=e, url=url, timeout_value=read_timeout,
  File "C:\Users\Win10 Pro\AppData\Roaming\Python\Python311\site-packages\telegram\vendor\ptb_urllib3\urllib3\connectionpool.py", line 321, in _raise_timeout
    raise exc_cls(*args)
telegram.vendor.ptb_urllib3.urllib3.exceptions.ReadTimeoutError: HTTPSConnectionPool(host='api.telegram.org', port=443): Read timed out. (read timeout=5.0)

The above exception was the direct cause of the following exception:

Traceback (most recent call last):
  File "C:\smyards_bot\bot_final_fixed.py", line 3037, in error_handler
    raise context.error
  File "C:\Users\Win10 Pro\AppData\Roaming\Python\Python311\site-packages\telegram\ext\dispatcher.py", line 557, in process_update
    handler.handle_update(update, self, check, context)
  File "C:\Users\Win10 Pro\AppData\Roaming\Python\Python311\site-packages\telegram\ext\conversationhandler.py", line 627, in handle_update
    new_state = handler.handle_update(update, dispatcher, check_result, context)
                ^^^^^^^^^^^^^^^^^^^^^^^^^^^^^^^^^^^^^^^^^^^^^^^^^^^^^^^^^^^^^^^^
  File "C:\Users\Win10 Pro\AppData\Roaming\Python\Python311\site-packages\telegram\ext\handler.py", line 199, in handle_update
    return self.callback(update, context)
           ^^^^^^^^^^^^^^^^^^^^^^^^^^^^^^
  File "C:\smyards_bot\bot_final_fixed.py", line 2943, in customer_callback
    return handle_payment_method(update, context)
           ^^^^^^^^^^^^^^^^^^^^^^^^^^^^^^^^^^^^^^
  File "C:\smyards_bot\bot_final_fixed.py", line 1992, in handle_payment_method
    query.answer()
  File "C:\Users\Win10 Pro\AppData\Roaming\Python\Python311\site-packages\telegram\callbackquery.py", line 166, in answer
    return self.bot.answer_callback_query(
           ^^^^^^^^^^^^^^^^^^^^^^^^^^^^^^^
  File "C:\Users\Win10 Pro\AppData\Roaming\Python\Python311\site-packages\telegram\bot.py", line 134, in decorator
    result = func(*args, **kwargs)
             ^^^^^^^^^^^^^^^^^^^^^
  File "C:\Users\Win10 Pro\AppData\Roaming\Python\Python311\site-packages\telegram\bot.py", line 2793, in answer_callback_query
    result = self._post('answerCallbackQuery', data, timeout=timeout, api_kwargs=api_kwargs)
             ^^^^^^^^^^^^^^^^^^^^^^^^^^^^^^^^^^^^^^^^^^^^^^^^^^^^^^^^^^^^^^^^^^^^^^^^^^^^^^^
  File "C:\Users\Win10 Pro\AppData\Roaming\Python\Python311\site-packages\telegram\bot.py", line 299, in _post
    return self.request.post(
           ^^^^^^^^^^^^^^^^^^
  File "C:\Users\Win10 Pro\AppData\Roaming\Python\Python311\site-packages\telegram\utils\request.py", line 361, in post
    result = self._request_wrapper(
             ^^^^^^^^^^^^^^^^^^^^^^
  File "C:\Users\Win10 Pro\AppData\Roaming\Python\Python311\site-packages\telegram\utils\request.py", line 261, in _request_wrapper
    raise TimedOut() from error
telegram.error.TimedOut: Timed out

2025-12-30 17:48:48,781 - __main__ - ERROR - Error in error handler: urllib3 HTTPError HTTPSConnectionPool(host='api.telegram.org', port=443): Max retries exceeded with url: /bot8383643986:AAFVI4MDb2zjy7DT9lsI3x6rn2UOyd-biPQ/sendMessage (Caused by NewConnectionError('<telegram.vendor.ptb_urllib3.urllib3.connection.VerifiedHTTPSConnection object at 0x00000275FC236C50>: Failed to establish a new connection: [WinError 10051] A socket operation was attempted to an unreachable network'))
2025-12-30 17:49:02,944 - __main__ - ERROR - Update "None" caused error "urllib3 HTTPError HTTPSConnectionPool(host='api.telegram.org', port=443): Max retries exceeded with url: /bot8383643986:AAFVI4MDb2zjy7DT9lsI3x6rn2UOyd-biPQ/getUpdates (Caused by NewConnectionError('<telegram.vendor.ptb_urllib3.urllib3.connection.VerifiedHTTPSConnection object at 0x00000275FC237CD0>: Failed to establish a new connection: [WinError 10051] A socket operation was attempted to an unreachable network'))"
2025-12-30 17:49:02,951 - __main__ - ERROR - Full error: Traceback (most recent call last):
  File "C:\Users\Win10 Pro\AppData\Roaming\Python\Python311\site-packages\telegram\vendor\ptb_urllib3\urllib3\connection.py", line 140, in _new_conn
    conn = connection.create_connection(
           ^^^^^^^^^^^^^^^^^^^^^^^^^^^^^
  File "C:\Users\Win10 Pro\AppData\Roaming\Python\Python311\site-packages\telegram\vendor\ptb_urllib3\urllib3\util\connection.py", line 83, in create_connection
    raise err
  File "C:\Users\Win10 Pro\AppData\Roaming\Python\Python311\site-packages\telegram\vendor\ptb_urllib3\urllib3\util\connection.py", line 73, in create_connection
    sock.connect(sa)
OSError: [WinError 10051] A socket operation was attempted to an unreachable network

During handling of the above exception, another exception occurred:

Traceback (most recent call last):
  File "C:\Users\Win10 Pro\AppData\Roaming\Python\Python311\site-packages\telegram\vendor\ptb_urllib3\urllib3\connectionpool.py", line 614, in urlopen
    httplib_response = self._make_request(conn, method, url,
                       ^^^^^^^^^^^^^^^^^^^^^^^^^^^^^^^^^^^^^
  File "C:\Users\Win10 Pro\AppData\Roaming\Python\Python311\site-packages\telegram\vendor\ptb_urllib3\urllib3\connectionpool.py", line 360, in _make_request
    self._validate_conn(conn)
  File "C:\Users\Win10 Pro\AppData\Roaming\Python\Python311\site-packages\telegram\vendor\ptb_urllib3\urllib3\connectionpool.py", line 857, in _validate_conn
    super(HTTPSConnectionPool, self)._validate_conn(conn)
  File "C:\Users\Win10 Pro\AppData\Roaming\Python\Python311\site-packages\telegram\vendor\ptb_urllib3\urllib3\connectionpool.py", line 289, in _validate_conn
    conn.connect()
  File "C:\Users\Win10 Pro\AppData\Roaming\Python\Python311\site-packages\telegram\vendor\ptb_urllib3\urllib3\connection.py", line 284, in connect
    conn = self._new_conn()
           ^^^^^^^^^^^^^^^^
  File "C:\Users\Win10 Pro\AppData\Roaming\Python\Python311\site-packages\telegram\vendor\ptb_urllib3\urllib3\connection.py", line 149, in _new_conn
    raise NewConnectionError(
telegram.vendor.ptb_urllib3.urllib3.exceptions.NewConnectionError: <telegram.vendor.ptb_urllib3.urllib3.connection.VerifiedHTTPSConnection object at 0x00000275FC237CD0>: Failed to establish a new connection: [WinError 10051] A socket operation was attempted to an unreachable network

During handling of the above exception, another exception occurred:

Traceback (most recent call last):
  File "C:\Users\Win10 Pro\AppData\Roaming\Python\Python311\site-packages\telegram\utils\request.py", line 259, in _request_wrapper
    resp = self._con_pool.request(*args, **kwargs)
           ^^^^^^^^^^^^^^^^^^^^^^^^^^^^^^^^^^^^^^^
  File "C:\Users\Win10 Pro\AppData\Roaming\Python\Python311\site-packages\telegram\vendor\ptb_urllib3\urllib3\request.py", line 68, in request
    return self.request_encode_body(method, url, fields=fields,
           ^^^^^^^^^^^^^^^^^^^^^^^^^^^^^^^^^^^^^^^^^^^^^^^^^^^^
  File "C:\Users\Win10 Pro\AppData\Roaming\Python\Python311\site-packages\telegram\vendor\ptb_urllib3\urllib3\request.py", line 148, in request_encode_body
    return self.urlopen(method, url, **extra_kw)
           ^^^^^^^^^^^^^^^^^^^^^^^^^^^^^^^^^^^^^
  File "C:\Users\Win10 Pro\AppData\Roaming\Python\Python311\site-packages\telegram\vendor\ptb_urllib3\urllib3\poolmanager.py", line 244, in urlopen
    response = conn.urlopen(method, u.request_uri, **kw)
               ^^^^^^^^^^^^^^^^^^^^^^^^^^^^^^^^^^^^^^^^^
  File "C:\Users\Win10 Pro\AppData\Roaming\Python\Python311\site-packages\telegram\vendor\ptb_urllib3\urllib3\connectionpool.py", line 691, in urlopen
    return self.urlopen(method, url, body, headers, retries,
           ^^^^^^^^^^^^^^^^^^^^^^^^^^^^^^^^^^^^^^^^^^^^^^^^^
  File "C:\Users\Win10 Pro\AppData\Roaming\Python\Python311\site-packages\telegram\vendor\ptb_urllib3\urllib3\connectionpool.py", line 691, in urlopen
    return self.urlopen(method, url, body, headers, retries,
           ^^^^^^^^^^^^^^^^^^^^^^^^^^^^^^^^^^^^^^^^^^^^^^^^^
  File "C:\Users\Win10 Pro\AppData\Roaming\Python\Python311\site-packages\telegram\vendor\ptb_urllib3\urllib3\connectionpool.py", line 691, in urlopen
    return self.urlopen(method, url, body, headers, retries,
           ^^^^^^^^^^^^^^^^^^^^^^^^^^^^^^^^^^^^^^^^^^^^^^^^^
  File "C:\Users\Win10 Pro\AppData\Roaming\Python\Python311\site-packages\telegram\vendor\ptb_urllib3\urllib3\connectionpool.py", line 665, in urlopen
    retries = retries.increment(method, url, error=e, _pool=self,
              ^^^^^^^^^^^^^^^^^^^^^^^^^^^^^^^^^^^^^^^^^^^^^^^^^^^
  File "C:\Users\Win10 Pro\AppData\Roaming\Python\Python311\site-packages\telegram\vendor\ptb_urllib3\urllib3\util\retry.py", line 376, in increment
    raise MaxRetryError(_pool, url, error or ResponseError(cause))
telegram.vendor.ptb_urllib3.urllib3.exceptions.MaxRetryError: HTTPSConnectionPool(host='api.telegram.org', port=443): Max retries exceeded with url: /bot8383643986:AAFVI4MDb2zjy7DT9lsI3x6rn2UOyd-biPQ/getUpdates (Caused by NewConnectionError('<telegram.vendor.ptb_urllib3.urllib3.connection.VerifiedHTTPSConnection object at 0x00000275FC237CD0>: Failed to establish a new connection: [WinError 10051] A socket operation was attempted to an unreachable network'))

The above exception was the direct cause of the following exception:

Traceback (most recent call last):
  File "C:\smyards_bot\bot_final_fixed.py", line 3037, in error_handler
    raise context.error
  File "C:\Users\Win10 Pro\AppData\Roaming\Python\Python311\site-packages\telegram\ext\updater.py", line 651, in _network_loop_retry
    if not action_cb():
           ^^^^^^^^^^^
  File "C:\Users\Win10 Pro\AppData\Roaming\Python\Python311\site-packages\telegram\ext\updater.py", line 602, in polling_action_cb
    updates = self.bot.get_updates(
              ^^^^^^^^^^^^^^^^^^^^^
  File "C:\Users\Win10 Pro\AppData\Roaming\Python\Python311\site-packages\telegram\ext\extbot.py", line 228, in get_updates
    updates = super().get_updates(
              ^^^^^^^^^^^^^^^^^^^^
  File "C:\Users\Win10 Pro\AppData\Roaming\Python\Python311\site-packages\telegram\bot.py", line 134, in decorator
    result = func(*args, **kwargs)
             ^^^^^^^^^^^^^^^^^^^^^
  File "C:\Users\Win10 Pro\AppData\Roaming\Python\Python311\site-packages\telegram\bot.py", line 3140, in get_updates
    self._post(
  File "C:\Users\Win10 Pro\AppData\Roaming\Python\Python311\site-packages\telegram\bot.py", line 299, in _post
    return self.request.post(
           ^^^^^^^^^^^^^^^^^^
  File "C:\Users\Win10 Pro\AppData\Roaming\Python\Python311\site-packages\telegram\utils\request.py", line 361, in post
    result = self._request_wrapper(
             ^^^^^^^^^^^^^^^^^^^^^^
  File "C:\Users\Win10 Pro\AppData\Roaming\Python\Python311\site-packages\telegram\utils\request.py", line 265, in _request_wrapper
    raise NetworkError(f'urllib3 HTTPError {error}') from error
telegram.error.NetworkError: urllib3 HTTPError HTTPSConnectionPool(host='api.telegram.org', port=443): Max retries exceeded with url: /bot8383643986:AAFVI4MDb2zjy7DT9lsI3x6rn2UOyd-biPQ/getUpdates (Caused by NewConnectionError('<telegram.vendor.ptb_urllib3.urllib3.connection.VerifiedHTTPSConnection object at 0x00000275FC237CD0>: Failed to establish a new connection: [WinError 10051] A socket operation was attempted to an unreachable network'))

2025-12-30 17:49:37,326 - __main__ - INFO - Customer callback received: pay_btc
2025-12-30 17:49:50,452 - __main__ - INFO - Customer callback received: back_to_payment_methods
2025-12-30 17:50:35,795 - __main__ - INFO - Customer callback received: pay_usdc
2025-12-30 17:51:18,145 - __main__ - ERROR - Update "None" caused error "urllib3 HTTPError HTTPSConnectionPool(host='api.telegram.org', port=443): Max retries exceeded with url: /bot8383643986:AAFVI4MDb2zjy7DT9lsI3x6rn2UOyd-biPQ/getUpdates (Caused by NewConnectionError('<telegram.vendor.ptb_urllib3.urllib3.connection.VerifiedHTTPSConnection object at 0x00000275FC283FD0>: Failed to establish a new connection: [WinError 10051] A socket operation was attempted to an unreachable network'))"
2025-12-30 17:51:18,154 - __main__ - ERROR - Full error: Traceback (most recent call last):
  File "C:\Users\Win10 Pro\AppData\Roaming\Python\Python311\site-packages\telegram\vendor\ptb_urllib3\urllib3\connection.py", line 140, in _new_conn
    conn = connection.create_connection(
           ^^^^^^^^^^^^^^^^^^^^^^^^^^^^^
  File "C:\Users\Win10 Pro\AppData\Roaming\Python\Python311\site-packages\telegram\vendor\ptb_urllib3\urllib3\util\connection.py", line 83, in create_connection
    raise err
  File "C:\Users\Win10 Pro\AppData\Roaming\Python\Python311\site-packages\telegram\vendor\ptb_urllib3\urllib3\util\connection.py", line 73, in create_connection
    sock.connect(sa)
OSError: [WinError 10051] A socket operation was attempted to an unreachable network

During handling of the above exception, another exception occurred:

Traceback (most recent call last):
  File "C:\Users\Win10 Pro\AppData\Roaming\Python\Python311\site-packages\telegram\vendor\ptb_urllib3\urllib3\connectionpool.py", line 614, in urlopen
    httplib_response = self._make_request(conn, method, url,
                       ^^^^^^^^^^^^^^^^^^^^^^^^^^^^^^^^^^^^^
  File "C:\Users\Win10 Pro\AppData\Roaming\Python\Python311\site-packages\telegram\vendor\ptb_urllib3\urllib3\connectionpool.py", line 360, in _make_request
    self._validate_conn(conn)
  File "C:\Users\Win10 Pro\AppData\Roaming\Python\Python311\site-packages\telegram\vendor\ptb_urllib3\urllib3\connectionpool.py", line 857, in _validate_conn
    super(HTTPSConnectionPool, self)._validate_conn(conn)
  File "C:\Users\Win10 Pro\AppData\Roaming\Python\Python311\site-packages\telegram\vendor\ptb_urllib3\urllib3\connectionpool.py", line 289, in _validate_conn
    conn.connect()
  File "C:\Users\Win10 Pro\AppData\Roaming\Python\Python311\site-packages\telegram\vendor\ptb_urllib3\urllib3\connection.py", line 284, in connect
    conn = self._new_conn()
           ^^^^^^^^^^^^^^^^
  File "C:\Users\Win10 Pro\AppData\Roaming\Python\Python311\site-packages\telegram\vendor\ptb_urllib3\urllib3\connection.py", line 149, in _new_conn
    raise NewConnectionError(
telegram.vendor.ptb_urllib3.urllib3.exceptions.NewConnectionError: <telegram.vendor.ptb_urllib3.urllib3.connection.VerifiedHTTPSConnection object at 0x00000275FC283FD0>: Failed to establish a new connection: [WinError 10051] A socket operation was attempted to an unreachable network

During handling of the above exception, another exception occurred:

Traceback (most recent call last):
  File "C:\Users\Win10 Pro\AppData\Roaming\Python\Python311\site-packages\telegram\utils\request.py", line 259, in _request_wrapper
    resp = self._con_pool.request(*args, **kwargs)
           ^^^^^^^^^^^^^^^^^^^^^^^^^^^^^^^^^^^^^^^
  File "C:\Users\Win10 Pro\AppData\Roaming\Python\Python311\site-packages\telegram\vendor\ptb_urllib3\urllib3\request.py", line 68, in request
    return self.request_encode_body(method, url, fields=fields,
           ^^^^^^^^^^^^^^^^^^^^^^^^^^^^^^^^^^^^^^^^^^^^^^^^^^^^
  File "C:\Users\Win10 Pro\AppData\Roaming\Python\Python311\site-packages\telegram\vendor\ptb_urllib3\urllib3\request.py", line 148, in request_encode_body
    return self.urlopen(method, url, **extra_kw)
           ^^^^^^^^^^^^^^^^^^^^^^^^^^^^^^^^^^^^^
  File "C:\Users\Win10 Pro\AppData\Roaming\Python\Python311\site-packages\telegram\vendor\ptb_urllib3\urllib3\poolmanager.py", line 244, in urlopen
    response = conn.urlopen(method, u.request_uri, **kw)
               ^^^^^^^^^^^^^^^^^^^^^^^^^^^^^^^^^^^^^^^^^
  File "C:\Users\Win10 Pro\AppData\Roaming\Python\Python311\site-packages\telegram\vendor\ptb_urllib3\urllib3\connectionpool.py", line 691, in urlopen
    return self.urlopen(method, url, body, headers, retries,
           ^^^^^^^^^^^^^^^^^^^^^^^^^^^^^^^^^^^^^^^^^^^^^^^^^
  File "C:\Users\Win10 Pro\AppData\Roaming\Python\Python311\site-packages\telegram\vendor\ptb_urllib3\urllib3\connectionpool.py", line 691, in urlopen
    return self.urlopen(method, url, body, headers, retries,
           ^^^^^^^^^^^^^^^^^^^^^^^^^^^^^^^^^^^^^^^^^^^^^^^^^
  File "C:\Users\Win10 Pro\AppData\Roaming\Python\Python311\site-packages\telegram\vendor\ptb_urllib3\urllib3\connectionpool.py", line 691, in urlopen
    return self.urlopen(method, url, body, headers, retries,
           ^^^^^^^^^^^^^^^^^^^^^^^^^^^^^^^^^^^^^^^^^^^^^^^^^
  File "C:\Users\Win10 Pro\AppData\Roaming\Python\Python311\site-packages\telegram\vendor\ptb_urllib3\urllib3\connectionpool.py", line 665, in urlopen
    retries = retries.increment(method, url, error=e, _pool=self,
              ^^^^^^^^^^^^^^^^^^^^^^^^^^^^^^^^^^^^^^^^^^^^^^^^^^^
  File "C:\Users\Win10 Pro\AppData\Roaming\Python\Python311\site-packages\telegram\vendor\ptb_urllib3\urllib3\util\retry.py", line 376, in increment
    raise MaxRetryError(_pool, url, error or ResponseError(cause))
telegram.vendor.ptb_urllib3.urllib3.exceptions.MaxRetryError: HTTPSConnectionPool(host='api.telegram.org', port=443): Max retries exceeded with url: /bot8383643986:AAFVI4MDb2zjy7DT9lsI3x6rn2UOyd-biPQ/getUpdates (Caused by NewConnectionError('<telegram.vendor.ptb_urllib3.urllib3.connection.VerifiedHTTPSConnection object at 0x00000275FC283FD0>: Failed to establish a new connection: [WinError 10051] A socket operation was attempted to an unreachable network'))

The above exception was the direct cause of the following exception:

Traceback (most recent call last):
  File "C:\smyards_bot\bot_final_fixed.py", line 3037, in error_handler
    raise context.error
  File "C:\Users\Win10 Pro\AppData\Roaming\Python\Python311\site-packages\telegram\ext\updater.py", line 651, in _network_loop_retry
    if not action_cb():
           ^^^^^^^^^^^
  File "C:\Users\Win10 Pro\AppData\Roaming\Python\Python311\site-packages\telegram\ext\updater.py", line 602, in polling_action_cb
    updates = self.bot.get_updates(
              ^^^^^^^^^^^^^^^^^^^^^
  File "C:\Users\Win10 Pro\AppData\Roaming\Python\Python311\site-packages\telegram\ext\extbot.py", line 228, in get_updates
    updates = super().get_updates(
              ^^^^^^^^^^^^^^^^^^^^
  File "C:\Users\Win10 Pro\AppData\Roaming\Python\Python311\site-packages\telegram\bot.py", line 134, in decorator
    result = func(*args, **kwargs)
             ^^^^^^^^^^^^^^^^^^^^^
  File "C:\Users\Win10 Pro\AppData\Roaming\Python\Python311\site-packages\telegram\bot.py", line 3140, in get_updates
    self._post(
  File "C:\Users\Win10 Pro\AppData\Roaming\Python\Python311\site-packages\telegram\bot.py", line 299, in _post
    return self.request.post(
           ^^^^^^^^^^^^^^^^^^
  File "C:\Users\Win10 Pro\AppData\Roaming\Python\Python311\site-packages\telegram\utils\request.py", line 361, in post
    result = self._request_wrapper(
             ^^^^^^^^^^^^^^^^^^^^^^
  File "C:\Users\Win10 Pro\AppData\Roaming\Python\Python311\site-packages\telegram\utils\request.py", line 265, in _request_wrapper
    raise NetworkError(f'urllib3 HTTPError {error}') from error
telegram.error.NetworkError: urllib3 HTTPError HTTPSConnectionPool(host='api.telegram.org', port=443): Max retries exceeded with url: /bot8383643986:AAFVI4MDb2zjy7DT9lsI3x6rn2UOyd-biPQ/getUpdates (Caused by NewConnectionError('<telegram.vendor.ptb_urllib3.urllib3.connection.VerifiedHTTPSConnection object at 0x00000275FC283FD0>: Failed to establish a new connection: [WinError 10051] A socket operation was attempted to an unreachable network'))

2025-12-30 17:51:39,207 - __main__ - ERROR - Update "None" caused error "urllib3 HTTPError HTTPSConnectionPool(host='api.telegram.org', port=443): Max retries exceeded with url: /bot8383643986:AAFVI4MDb2zjy7DT9lsI3x6rn2UOyd-biPQ/getUpdates (Caused by NewConnectionError('<telegram.vendor.ptb_urllib3.urllib3.connection.VerifiedHTTPSConnection object at 0x00000275FC280310>: Failed to establish a new connection: [WinError 10051] A socket operation was attempted to an unreachable network'))"
2025-12-30 17:51:39,213 - __main__ - ERROR - Full error: Traceback (most recent call last):
  File "C:\Users\Win10 Pro\AppData\Roaming\Python\Python311\site-packages\telegram\vendor\ptb_urllib3\urllib3\connection.py", line 140, in _new_conn
    conn = connection.create_connection(
           ^^^^^^^^^^^^^^^^^^^^^^^^^^^^^
  File "C:\Users\Win10 Pro\AppData\Roaming\Python\Python311\site-packages\telegram\vendor\ptb_urllib3\urllib3\util\connection.py", line 83, in create_connection
    raise err
  File "C:\Users\Win10 Pro\AppData\Roaming\Python\Python311\site-packages\telegram\vendor\ptb_urllib3\urllib3\util\connection.py", line 73, in create_connection
    sock.connect(sa)
OSError: [WinError 10051] A socket operation was attempted to an unreachable network

During handling of the above exception, another exception occurred:

Traceback (most recent call last):
  File "C:\Users\Win10 Pro\AppData\Roaming\Python\Python311\site-packages\telegram\vendor\ptb_urllib3\urllib3\connectionpool.py", line 614, in urlopen
    httplib_response = self._make_request(conn, method, url,
                       ^^^^^^^^^^^^^^^^^^^^^^^^^^^^^^^^^^^^^
  File "C:\Users\Win10 Pro\AppData\Roaming\Python\Python311\site-packages\telegram\vendor\ptb_urllib3\urllib3\connectionpool.py", line 360, in _make_request
    self._validate_conn(conn)
  File "C:\Users\Win10 Pro\AppData\Roaming\Python\Python311\site-packages\telegram\vendor\ptb_urllib3\urllib3\connectionpool.py", line 857, in _validate_conn
    super(HTTPSConnectionPool, self)._validate_conn(conn)
  File "C:\Users\Win10 Pro\AppData\Roaming\Python\Python311\site-packages\telegram\vendor\ptb_urllib3\urllib3\connectionpool.py", line 289, in _validate_conn
    conn.connect()
  File "C:\Users\Win10 Pro\AppData\Roaming\Python\Python311\site-packages\telegram\vendor\ptb_urllib3\urllib3\connection.py", line 284, in connect
    conn = self._new_conn()
           ^^^^^^^^^^^^^^^^
  File "C:\Users\Win10 Pro\AppData\Roaming\Python\Python311\site-packages\telegram\vendor\ptb_urllib3\urllib3\connection.py", line 149, in _new_conn
    raise NewConnectionError(
telegram.vendor.ptb_urllib3.urllib3.exceptions.NewConnectionError: <telegram.vendor.ptb_urllib3.urllib3.connection.VerifiedHTTPSConnection object at 0x00000275FC280310>: Failed to establish a new connection: [WinError 10051] A socket operation was attempted to an unreachable network

During handling of the above exception, another exception occurred:

Traceback (most recent call last):
  File "C:\Users\Win10 Pro\AppData\Roaming\Python\Python311\site-packages\telegram\utils\request.py", line 259, in _request_wrapper
    resp = self._con_pool.request(*args, **kwargs)
           ^^^^^^^^^^^^^^^^^^^^^^^^^^^^^^^^^^^^^^^
  File "C:\Users\Win10 Pro\AppData\Roaming\Python\Python311\site-packages\telegram\vendor\ptb_urllib3\urllib3\request.py", line 68, in request
    return self.request_encode_body(method, url, fields=fields,
           ^^^^^^^^^^^^^^^^^^^^^^^^^^^^^^^^^^^^^^^^^^^^^^^^^^^^
  File "C:\Users\Win10 Pro\AppData\Roaming\Python\Python311\site-packages\telegram\vendor\ptb_urllib3\urllib3\request.py", line 148, in request_encode_body
    return self.urlopen(method, url, **extra_kw)
           ^^^^^^^^^^^^^^^^^^^^^^^^^^^^^^^^^^^^^
  File "C:\Users\Win10 Pro\AppData\Roaming\Python\Python311\site-packages\telegram\vendor\ptb_urllib3\urllib3\poolmanager.py", line 244, in urlopen
    response = conn.urlopen(method, u.request_uri, **kw)
               ^^^^^^^^^^^^^^^^^^^^^^^^^^^^^^^^^^^^^^^^^
  File "C:\Users\Win10 Pro\AppData\Roaming\Python\Python311\site-packages\telegram\vendor\ptb_urllib3\urllib3\connectionpool.py", line 691, in urlopen
    return self.urlopen(method, url, body, headers, retries,
           ^^^^^^^^^^^^^^^^^^^^^^^^^^^^^^^^^^^^^^^^^^^^^^^^^
  File "C:\Users\Win10 Pro\AppData\Roaming\Python\Python311\site-packages\telegram\vendor\ptb_urllib3\urllib3\connectionpool.py", line 691, in urlopen
    return self.urlopen(method, url, body, headers, retries,
           ^^^^^^^^^^^^^^^^^^^^^^^^^^^^^^^^^^^^^^^^^^^^^^^^^
  File "C:\Users\Win10 Pro\AppData\Roaming\Python\Python311\site-packages\telegram\vendor\ptb_urllib3\urllib3\connectionpool.py", line 691, in urlopen
    return self.urlopen(method, url, body, headers, retries,
           ^^^^^^^^^^^^^^^^^^^^^^^^^^^^^^^^^^^^^^^^^^^^^^^^^
  File "C:\Users\Win10 Pro\AppData\Roaming\Python\Python311\site-packages\telegram\vendor\ptb_urllib3\urllib3\connectionpool.py", line 665, in urlopen
    retries = retries.increment(method, url, error=e, _pool=self,
              ^^^^^^^^^^^^^^^^^^^^^^^^^^^^^^^^^^^^^^^^^^^^^^^^^^^
  File "C:\Users\Win10 Pro\AppData\Roaming\Python\Python311\site-packages\telegram\vendor\ptb_urllib3\urllib3\util\retry.py", line 376, in increment
    raise MaxRetryError(_pool, url, error or ResponseError(cause))
telegram.vendor.ptb_urllib3.urllib3.exceptions.MaxRetryError: HTTPSConnectionPool(host='api.telegram.org', port=443): Max retries exceeded with url: /bot8383643986:AAFVI4MDb2zjy7DT9lsI3x6rn2UOyd-biPQ/getUpdates (Caused by NewConnectionError('<telegram.vendor.ptb_urllib3.urllib3.connection.VerifiedHTTPSConnection object at 0x00000275FC280310>: Failed to establish a new connection: [WinError 10051] A socket operation was attempted to an unreachable network'))

The above exception was the direct cause of the following exception:

Traceback (most recent call last):
  File "C:\smyards_bot\bot_final_fixed.py", line 3037, in error_handler
    raise context.error
  File "C:\Users\Win10 Pro\AppData\Roaming\Python\Python311\site-packages\telegram\ext\updater.py", line 651, in _network_loop_retry
    if not action_cb():
           ^^^^^^^^^^^
  File "C:\Users\Win10 Pro\AppData\Roaming\Python\Python311\site-packages\telegram\ext\updater.py", line 602, in polling_action_cb
    updates = self.bot.get_updates(
              ^^^^^^^^^^^^^^^^^^^^^
  File "C:\Users\Win10 Pro\AppData\Roaming\Python\Python311\site-packages\telegram\ext\extbot.py", line 228, in get_updates
    updates = super().get_updates(
              ^^^^^^^^^^^^^^^^^^^^
  File "C:\Users\Win10 Pro\AppData\Roaming\Python\Python311\site-packages\telegram\bot.py", line 134, in decorator
    result = func(*args, **kwargs)
             ^^^^^^^^^^^^^^^^^^^^^
  File "C:\Users\Win10 Pro\AppData\Roaming\Python\Python311\site-packages\telegram\bot.py", line 3140, in get_updates
    self._post(
  File "C:\Users\Win10 Pro\AppData\Roaming\Python\Python311\site-packages\telegram\bot.py", line 299, in _post
    return self.request.post(
           ^^^^^^^^^^^^^^^^^^
  File "C:\Users\Win10 Pro\AppData\Roaming\Python\Python311\site-packages\telegram\utils\request.py", line 361, in post
    result = self._request_wrapper(
             ^^^^^^^^^^^^^^^^^^^^^^
  File "C:\Users\Win10 Pro\AppData\Roaming\Python\Python311\site-packages\telegram\utils\request.py", line 265, in _request_wrapper
    raise NetworkError(f'urllib3 HTTPError {error}') from error
telegram.error.NetworkError: urllib3 HTTPError HTTPSConnectionPool(host='api.telegram.org', port=443): Max retries exceeded with url: /bot8383643986:AAFVI4MDb2zjy7DT9lsI3x6rn2UOyd-biPQ/getUpdates (Caused by NewConnectionError('<telegram.vendor.ptb_urllib3.urllib3.connection.VerifiedHTTPSConnection object at 0x00000275FC280310>: Failed to establish a new connection: [WinError 10051] A socket operation was attempted to an unreachable network'))

2025-12-30 17:52:05,612 - __main__ - INFO - Customer callback received: back_to_payment_methods
2025-12-30 17:52:50,514 - __main__ - INFO - Customer callback received: back_to_escrow_info
2025-12-30 18:05:03,045 - __main__ - INFO - ==================================================
2025-12-30 18:05:03,046 - __main__ - INFO - ✅ SMYARDS BOT STARTED
2025-12-30 18:05:03,046 - __main__ - INFO - 📢 Main Channel: @smyard
2025-12-30 18:05:03,047 - __main__ - INFO - 📋 Stock Channel: -1002861193688
2025-12-30 18:05:03,047 - __main__ - INFO - ==================================================
2025-12-30 18:29:24,658 - __main__ - INFO - ==================================================
2025-12-30 18:29:24,659 - __main__ - INFO - ✅ SMYARDS BOT STARTED
2025-12-30 18:29:24,659 - __main__ - INFO - 📢 Main Channel: @smyard
2025-12-30 18:29:24,660 - __main__ - INFO - 📋 Stock Channel: -1002861193688
2025-12-30 18:29:24,660 - __main__ - INFO - ==================================================
2025-12-30 18:29:38,047 - __main__ - INFO - Customer callback received: buyer_start
2025-12-30 18:29:39,303 - __main__ - INFO - Customer callback received: enter_product_id
2025-12-30 18:29:42,086 - __main__ - INFO - 🛒 Customer searching for: YT-119
2025-12-30 18:29:42,087 - __main__ - INFO - 🔍 Checking database for: YT-119
2025-12-30 18:29:42,088 - __main__ - INFO - ✅ Found listing: YT-119, Status: published, Price: 105.0
2025-12-30 18:29:42,088 - __main__ - INFO - 🔍 Cleaned status: 'published'
2025-12-30 18:29:42,089 - __main__ - INFO - ✅ Listing is published: YT-119
2025-12-30 18:29:42,089 - __main__ - INFO - 💰 Price converted: 105.0 -> 105.0
2025-12-30 18:29:42,089 - __main__ - INFO - 📊 Cleaned numbers: Subscribers='3300' -> '3,300', Views='150000' -> '150,000'
2025-12-30 18:29:42,089 - __main__ - INFO - 💰 Escrow fee calculated: 5.25
2025-12-30 18:29:42,090 - __main__ - INFO - ✅ Sending payment options for YT-119
2025-12-30 18:30:08,399 - __main__ - INFO - Customer callback received: pay_usdt
2025-12-30 18:30:12,403 - __main__ - INFO - Customer callback received: back_to_payment_methods
2025-12-30 18:51:22,802 - __main__ - INFO - ==================================================
2025-12-30 18:51:22,803 - __main__ - INFO - ✅ SMYARDS BOT STARTED
2025-12-30 18:51:22,803 - __main__ - INFO - 📢 Main Channel: @smyard
2025-12-30 18:51:22,804 - __main__ - INFO - 📋 Stock Channel: -1002861193688
2025-12-30 18:51:22,804 - __main__ - INFO - ==================================================
2025-12-30 19:31:51,134 - __main__ - INFO - ==================================================
2025-12-30 19:31:51,134 - __main__ - INFO - ✅ SMYARDS BOT STARTED
2025-12-30 19:31:51,135 - __main__ - INFO - 📢 Main Channel: @smyard
2025-12-30 19:31:51,135 - __main__ - INFO - 📋 Stock Channel: -1002861193688
2025-12-30 19:31:51,135 - __main__ - INFO - ==================================================
2025-12-30 20:56:10,695 - __main__ - ERROR - Update "None" caused error "urllib3 HTTPError HTTPSConnectionPool(host='api.telegram.org', port=443): Max retries exceeded with url: /bot8383643986:AAFVI4MDb2zjy7DT9lsI3x6rn2UOyd-biPQ/getUpdates (Caused by NewConnectionError('<telegram.vendor.ptb_urllib3.urllib3.connection.VerifiedHTTPSConnection object at 0x0000014C336F5250>: Failed to establish a new connection: [WinError 10051] A socket operation was attempted to an unreachable network'))"
2025-12-30 20:56:10,789 - __main__ - ERROR - Full error: Traceback (most recent call last):
  File "C:\Users\Win10 Pro\AppData\Roaming\Python\Python311\site-packages\telegram\vendor\ptb_urllib3\urllib3\connection.py", line 140, in _new_conn
    conn = connection.create_connection(
           ^^^^^^^^^^^^^^^^^^^^^^^^^^^^^
  File "C:\Users\Win10 Pro\AppData\Roaming\Python\Python311\site-packages\telegram\vendor\ptb_urllib3\urllib3\util\connection.py", line 83, in create_connection
    raise err
  File "C:\Users\Win10 Pro\AppData\Roaming\Python\Python311\site-packages\telegram\vendor\ptb_urllib3\urllib3\util\connection.py", line 73, in create_connection
    sock.connect(sa)
OSError: [WinError 10051] A socket operation was attempted to an unreachable network

During handling of the above exception, another exception occurred:

Traceback (most recent call last):
  File "C:\Users\Win10 Pro\AppData\Roaming\Python\Python311\site-packages\telegram\vendor\ptb_urllib3\urllib3\connectionpool.py", line 614, in urlopen
    httplib_response = self._make_request(conn, method, url,
                       ^^^^^^^^^^^^^^^^^^^^^^^^^^^^^^^^^^^^^
  File "C:\Users\Win10 Pro\AppData\Roaming\Python\Python311\site-packages\telegram\vendor\ptb_urllib3\urllib3\connectionpool.py", line 360, in _make_request
    self._validate_conn(conn)
  File "C:\Users\Win10 Pro\AppData\Roaming\Python\Python311\site-packages\telegram\vendor\ptb_urllib3\urllib3\connectionpool.py", line 857, in _validate_conn
    super(HTTPSConnectionPool, self)._validate_conn(conn)
  File "C:\Users\Win10 Pro\AppData\Roaming\Python\Python311\site-packages\telegram\vendor\ptb_urllib3\urllib3\connectionpool.py", line 289, in _validate_conn
    conn.connect()
  File "C:\Users\Win10 Pro\AppData\Roaming\Python\Python311\site-packages\telegram\vendor\ptb_urllib3\urllib3\connection.py", line 284, in connect
    conn = self._new_conn()
           ^^^^^^^^^^^^^^^^
  File "C:\Users\Win10 Pro\AppData\Roaming\Python\Python311\site-packages\telegram\vendor\ptb_urllib3\urllib3\connection.py", line 149, in _new_conn
    raise NewConnectionError(
telegram.vendor.ptb_urllib3.urllib3.exceptions.NewConnectionError: <telegram.vendor.ptb_urllib3.urllib3.connection.VerifiedHTTPSConnection object at 0x0000014C336F5250>: Failed to establish a new connection: [WinError 10051] A socket operation was attempted to an unreachable network

During handling of the above exception, another exception occurred:

Traceback (most recent call last):
  File "C:\Users\Win10 Pro\AppData\Roaming\Python\Python311\site-packages\telegram\utils\request.py", line 259, in _request_wrapper
    resp = self._con_pool.request(*args, **kwargs)
           ^^^^^^^^^^^^^^^^^^^^^^^^^^^^^^^^^^^^^^^
  File "C:\Users\Win10 Pro\AppData\Roaming\Python\Python311\site-packages\telegram\vendor\ptb_urllib3\urllib3\request.py", line 68, in request
    return self.request_encode_body(method, url, fields=fields,
           ^^^^^^^^^^^^^^^^^^^^^^^^^^^^^^^^^^^^^^^^^^^^^^^^^^^^
  File "C:\Users\Win10 Pro\AppData\Roaming\Python\Python311\site-packages\telegram\vendor\ptb_urllib3\urllib3\request.py", line 148, in request_encode_body
    return self.urlopen(method, url, **extra_kw)
           ^^^^^^^^^^^^^^^^^^^^^^^^^^^^^^^^^^^^^
  File "C:\Users\Win10 Pro\AppData\Roaming\Python\Python311\site-packages\telegram\vendor\ptb_urllib3\urllib3\poolmanager.py", line 244, in urlopen
    response = conn.urlopen(method, u.request_uri, **kw)
               ^^^^^^^^^^^^^^^^^^^^^^^^^^^^^^^^^^^^^^^^^
  File "C:\Users\Win10 Pro\AppData\Roaming\Python\Python311\site-packages\telegram\vendor\ptb_urllib3\urllib3\connectionpool.py", line 691, in urlopen
    return self.urlopen(method, url, body, headers, retries,
           ^^^^^^^^^^^^^^^^^^^^^^^^^^^^^^^^^^^^^^^^^^^^^^^^^
  File "C:\Users\Win10 Pro\AppData\Roaming\Python\Python311\site-packages\telegram\vendor\ptb_urllib3\urllib3\connectionpool.py", line 691, in urlopen
    return self.urlopen(method, url, body, headers, retries,
           ^^^^^^^^^^^^^^^^^^^^^^^^^^^^^^^^^^^^^^^^^^^^^^^^^
  File "C:\Users\Win10 Pro\AppData\Roaming\Python\Python311\site-packages\telegram\vendor\ptb_urllib3\urllib3\connectionpool.py", line 691, in urlopen
    return self.urlopen(method, url, body, headers, retries,
           ^^^^^^^^^^^^^^^^^^^^^^^^^^^^^^^^^^^^^^^^^^^^^^^^^
  File "C:\Users\Win10 Pro\AppData\Roaming\Python\Python311\site-packages\telegram\vendor\ptb_urllib3\urllib3\connectionpool.py", line 665, in urlopen
    retries = retries.increment(method, url, error=e, _pool=self,
              ^^^^^^^^^^^^^^^^^^^^^^^^^^^^^^^^^^^^^^^^^^^^^^^^^^^
  File "C:\Users\Win10 Pro\AppData\Roaming\Python\Python311\site-packages\telegram\vendor\ptb_urllib3\urllib3\util\retry.py", line 376, in increment
    raise MaxRetryError(_pool, url, error or ResponseError(cause))
telegram.vendor.ptb_urllib3.urllib3.exceptions.MaxRetryError: HTTPSConnectionPool(host='api.telegram.org', port=443): Max retries exceeded with url: /bot8383643986:AAFVI4MDb2zjy7DT9lsI3x6rn2UOyd-biPQ/getUpdates (Caused by NewConnectionError('<telegram.vendor.ptb_urllib3.urllib3.connection.VerifiedHTTPSConnection object at 0x0000014C336F5250>: Failed to establish a new connection: [WinError 10051] A socket operation was attempted to an unreachable network'))

The above exception was the direct cause of the following exception:

Traceback (most recent call last):
  File "C:\smyards_bot\bot_final_fixed.py", line 3221, in error_handler
    raise context.error
  File "C:\Users\Win10 Pro\AppData\Roaming\Python\Python311\site-packages\telegram\ext\updater.py", line 651, in _network_loop_retry
    if not action_cb():
           ^^^^^^^^^^^
  File "C:\Users\Win10 Pro\AppData\Roaming\Python\Python311\site-packages\telegram\ext\updater.py", line 602, in polling_action_cb
    updates = self.bot.get_updates(
              ^^^^^^^^^^^^^^^^^^^^^
  File "C:\Users\Win10 Pro\AppData\Roaming\Python\Python311\site-packages\telegram\ext\extbot.py", line 228, in get_updates
    updates = super().get_updates(
              ^^^^^^^^^^^^^^^^^^^^
  File "C:\Users\Win10 Pro\AppData\Roaming\Python\Python311\site-packages\telegram\bot.py", line 134, in decorator
    result = func(*args, **kwargs)
             ^^^^^^^^^^^^^^^^^^^^^
  File "C:\Users\Win10 Pro\AppData\Roaming\Python\Python311\site-packages\telegram\bot.py", line 3140, in get_updates
    self._post(
  File "C:\Users\Win10 Pro\AppData\Roaming\Python\Python311\site-packages\telegram\bot.py", line 299, in _post
    return self.request.post(
           ^^^^^^^^^^^^^^^^^^
  File "C:\Users\Win10 Pro\AppData\Roaming\Python\Python311\site-packages\telegram\utils\request.py", line 361, in post
    result = self._request_wrapper(
             ^^^^^^^^^^^^^^^^^^^^^^
  File "C:\Users\Win10 Pro\AppData\Roaming\Python\Python311\site-packages\telegram\utils\request.py", line 265, in _request_wrapper
    raise NetworkError(f'urllib3 HTTPError {error}') from error
telegram.error.NetworkError: urllib3 HTTPError HTTPSConnectionPool(host='api.telegram.org', port=443): Max retries exceeded with url: /bot8383643986:AAFVI4MDb2zjy7DT9lsI3x6rn2UOyd-biPQ/getUpdates (Caused by NewConnectionError('<telegram.vendor.ptb_urllib3.urllib3.connection.VerifiedHTTPSConnection object at 0x0000014C336F5250>: Failed to establish a new connection: [WinError 10051] A socket operation was attempted to an unreachable network'))

2025-12-30 20:56:31,772 - __main__ - ERROR - Update "None" caused error "urllib3 HTTPError HTTPSConnectionPool(host='api.telegram.org', port=443): Max retries exceeded with url: /bot8383643986:AAFVI4MDb2zjy7DT9lsI3x6rn2UOyd-biPQ/getUpdates (Caused by NewConnectionError('<telegram.vendor.ptb_urllib3.urllib3.connection.VerifiedHTTPSConnection object at 0x0000014C3389DAD0>: Failed to establish a new connection: [WinError 10051] A socket operation was attempted to an unreachable network'))"
2025-12-30 20:56:31,786 - __main__ - ERROR - Full error: Traceback (most recent call last):
  File "C:\Users\Win10 Pro\AppData\Roaming\Python\Python311\site-packages\telegram\vendor\ptb_urllib3\urllib3\connection.py", line 140, in _new_conn
    conn = connection.create_connection(
           ^^^^^^^^^^^^^^^^^^^^^^^^^^^^^
  File "C:\Users\Win10 Pro\AppData\Roaming\Python\Python311\site-packages\telegram\vendor\ptb_urllib3\urllib3\util\connection.py", line 83, in create_connection
    raise err
  File "C:\Users\Win10 Pro\AppData\Roaming\Python\Python311\site-packages\telegram\vendor\ptb_urllib3\urllib3\util\connection.py", line 73, in create_connection
    sock.connect(sa)
OSError: [WinError 10051] A socket operation was attempted to an unreachable network

During handling of the above exception, another exception occurred:

Traceback (most recent call last):
  File "C:\Users\Win10 Pro\AppData\Roaming\Python\Python311\site-packages\telegram\vendor\ptb_urllib3\urllib3\connectionpool.py", line 614, in urlopen
    httplib_response = self._make_request(conn, method, url,
                       ^^^^^^^^^^^^^^^^^^^^^^^^^^^^^^^^^^^^^
  File "C:\Users\Win10 Pro\AppData\Roaming\Python\Python311\site-packages\telegram\vendor\ptb_urllib3\urllib3\connectionpool.py", line 360, in _make_request
    self._validate_conn(conn)
  File "C:\Users\Win10 Pro\AppData\Roaming\Python\Python311\site-packages\telegram\vendor\ptb_urllib3\urllib3\connectionpool.py", line 857, in _validate_conn
    super(HTTPSConnectionPool, self)._validate_conn(conn)
  File "C:\Users\Win10 Pro\AppData\Roaming\Python\Python311\site-packages\telegram\vendor\ptb_urllib3\urllib3\connectionpool.py", line 289, in _validate_conn
    conn.connect()
  File "C:\Users\Win10 Pro\AppData\Roaming\Python\Python311\site-packages\telegram\vendor\ptb_urllib3\urllib3\connection.py", line 284, in connect
    conn = self._new_conn()
           ^^^^^^^^^^^^^^^^
  File "C:\Users\Win10 Pro\AppData\Roaming\Python\Python311\site-packages\telegram\vendor\ptb_urllib3\urllib3\connection.py", line 149, in _new_conn
    raise NewConnectionError(
telegram.vendor.ptb_urllib3.urllib3.exceptions.NewConnectionError: <telegram.vendor.ptb_urllib3.urllib3.connection.VerifiedHTTPSConnection object at 0x0000014C3389DAD0>: Failed to establish a new connection: [WinError 10051] A socket operation was attempted to an unreachable network

During handling of the above exception, another exception occurred:

Traceback (most recent call last):
  File "C:\Users\Win10 Pro\AppData\Roaming\Python\Python311\site-packages\telegram\utils\request.py", line 259, in _request_wrapper
    resp = self._con_pool.request(*args, **kwargs)
           ^^^^^^^^^^^^^^^^^^^^^^^^^^^^^^^^^^^^^^^
  File "C:\Users\Win10 Pro\AppData\Roaming\Python\Python311\site-packages\telegram\vendor\ptb_urllib3\urllib3\request.py", line 68, in request
    return self.request_encode_body(method, url, fields=fields,
           ^^^^^^^^^^^^^^^^^^^^^^^^^^^^^^^^^^^^^^^^^^^^^^^^^^^^
  File "C:\Users\Win10 Pro\AppData\Roaming\Python\Python311\site-packages\telegram\vendor\ptb_urllib3\urllib3\request.py", line 148, in request_encode_body
    return self.urlopen(method, url, **extra_kw)
           ^^^^^^^^^^^^^^^^^^^^^^^^^^^^^^^^^^^^^
  File "C:\Users\Win10 Pro\AppData\Roaming\Python\Python311\site-packages\telegram\vendor\ptb_urllib3\urllib3\poolmanager.py", line 244, in urlopen
    response = conn.urlopen(method, u.request_uri, **kw)
               ^^^^^^^^^^^^^^^^^^^^^^^^^^^^^^^^^^^^^^^^^
  File "C:\Users\Win10 Pro\AppData\Roaming\Python\Python311\site-packages\telegram\vendor\ptb_urllib3\urllib3\connectionpool.py", line 691, in urlopen
    return self.urlopen(method, url, body, headers, retries,
           ^^^^^^^^^^^^^^^^^^^^^^^^^^^^^^^^^^^^^^^^^^^^^^^^^
  File "C:\Users\Win10 Pro\AppData\Roaming\Python\Python311\site-packages\telegram\vendor\ptb_urllib3\urllib3\connectionpool.py", line 691, in urlopen
    return self.urlopen(method, url, body, headers, retries,
           ^^^^^^^^^^^^^^^^^^^^^^^^^^^^^^^^^^^^^^^^^^^^^^^^^
  File "C:\Users\Win10 Pro\AppData\Roaming\Python\Python311\site-packages\telegram\vendor\ptb_urllib3\urllib3\connectionpool.py", line 691, in urlopen
    return self.urlopen(method, url, body, headers, retries,
           ^^^^^^^^^^^^^^^^^^^^^^^^^^^^^^^^^^^^^^^^^^^^^^^^^
  File "C:\Users\Win10 Pro\AppData\Roaming\Python\Python311\site-packages\telegram\vendor\ptb_urllib3\urllib3\connectionpool.py", line 665, in urlopen
    retries = retries.increment(method, url, error=e, _pool=self,
              ^^^^^^^^^^^^^^^^^^^^^^^^^^^^^^^^^^^^^^^^^^^^^^^^^^^
  File "C:\Users\Win10 Pro\AppData\Roaming\Python\Python311\site-packages\telegram\vendor\ptb_urllib3\urllib3\util\retry.py", line 376, in increment
    raise MaxRetryError(_pool, url, error or ResponseError(cause))
telegram.vendor.ptb_urllib3.urllib3.exceptions.MaxRetryError: HTTPSConnectionPool(host='api.telegram.org', port=443): Max retries exceeded with url: /bot8383643986:AAFVI4MDb2zjy7DT9lsI3x6rn2UOyd-biPQ/getUpdates (Caused by NewConnectionError('<telegram.vendor.ptb_urllib3.urllib3.connection.VerifiedHTTPSConnection object at 0x0000014C3389DAD0>: Failed to establish a new connection: [WinError 10051] A socket operation was attempted to an unreachable network'))

The above exception was the direct cause of the following exception:

Traceback (most recent call last):
  File "C:\smyards_bot\bot_final_fixed.py", line 3221, in error_handler
    raise context.error
  File "C:\Users\Win10 Pro\AppData\Roaming\Python\Python311\site-packages\telegram\ext\updater.py", line 651, in _network_loop_retry
    if not action_cb():
           ^^^^^^^^^^^
  File "C:\Users\Win10 Pro\AppData\Roaming\Python\Python311\site-packages\telegram\ext\updater.py", line 602, in polling_action_cb
    updates = self.bot.get_updates(
              ^^^^^^^^^^^^^^^^^^^^^
  File "C:\Users\Win10 Pro\AppData\Roaming\Python\Python311\site-packages\telegram\ext\extbot.py", line 228, in get_updates
    updates = super().get_updates(
              ^^^^^^^^^^^^^^^^^^^^
  File "C:\Users\Win10 Pro\AppData\Roaming\Python\Python311\site-packages\telegram\bot.py", line 134, in decorator
    result = func(*args, **kwargs)
             ^^^^^^^^^^^^^^^^^^^^^
  File "C:\Users\Win10 Pro\AppData\Roaming\Python\Python311\site-packages\telegram\bot.py", line 3140, in get_updates
    self._post(
  File "C:\Users\Win10 Pro\AppData\Roaming\Python\Python311\site-packages\telegram\bot.py", line 299, in _post
    return self.request.post(
           ^^^^^^^^^^^^^^^^^^
  File "C:\Users\Win10 Pro\AppData\Roaming\Python\Python311\site-packages\telegram\utils\request.py", line 361, in post
    result = self._request_wrapper(
             ^^^^^^^^^^^^^^^^^^^^^^
  File "C:\Users\Win10 Pro\AppData\Roaming\Python\Python311\site-packages\telegram\utils\request.py", line 265, in _request_wrapper
    raise NetworkError(f'urllib3 HTTPError {error}') from error
telegram.error.NetworkError: urllib3 HTTPError HTTPSConnectionPool(host='api.telegram.org', port=443): Max retries exceeded with url: /bot8383643986:AAFVI4MDb2zjy7DT9lsI3x6rn2UOyd-biPQ/getUpdates (Caused by NewConnectionError('<telegram.vendor.ptb_urllib3.urllib3.connection.VerifiedHTTPSConnection object at 0x0000014C3389DAD0>: Failed to establish a new connection: [WinError 10051] A socket operation was attempted to an unreachable network'))

2025-12-30 20:56:53,327 - __main__ - ERROR - Update "None" caused error "urllib3 HTTPError HTTPSConnectionPool(host='api.telegram.org', port=443): Max retries exceeded with url: /bot8383643986:AAFVI4MDb2zjy7DT9lsI3x6rn2UOyd-biPQ/getUpdates (Caused by NewConnectionError('<telegram.vendor.ptb_urllib3.urllib3.connection.VerifiedHTTPSConnection object at 0x0000014C3389F150>: Failed to establish a new connection: [WinError 10051] A socket operation was attempted to an unreachable network'))"
2025-12-30 20:56:53,332 - __main__ - ERROR - Full error: Traceback (most recent call last):
  File "C:\Users\Win10 Pro\AppData\Roaming\Python\Python311\site-packages\telegram\vendor\ptb_urllib3\urllib3\connection.py", line 140, in _new_conn
    conn = connection.create_connection(
           ^^^^^^^^^^^^^^^^^^^^^^^^^^^^^
  File "C:\Users\Win10 Pro\AppData\Roaming\Python\Python311\site-packages\telegram\vendor\ptb_urllib3\urllib3\util\connection.py", line 83, in create_connection
    raise err
  File "C:\Users\Win10 Pro\AppData\Roaming\Python\Python311\site-packages\telegram\vendor\ptb_urllib3\urllib3\util\connection.py", line 73, in create_connection
    sock.connect(sa)
OSError: [WinError 10051] A socket operation was attempted to an unreachable network

During handling of the above exception, another exception occurred:

Traceback (most recent call last):
  File "C:\Users\Win10 Pro\AppData\Roaming\Python\Python311\site-packages\telegram\vendor\ptb_urllib3\urllib3\connectionpool.py", line 614, in urlopen
    httplib_response = self._make_request(conn, method, url,
                       ^^^^^^^^^^^^^^^^^^^^^^^^^^^^^^^^^^^^^
  File "C:\Users\Win10 Pro\AppData\Roaming\Python\Python311\site-packages\telegram\vendor\ptb_urllib3\urllib3\connectionpool.py", line 360, in _make_request
    self._validate_conn(conn)
  File "C:\Users\Win10 Pro\AppData\Roaming\Python\Python311\site-packages\telegram\vendor\ptb_urllib3\urllib3\connectionpool.py", line 857, in _validate_conn
    super(HTTPSConnectionPool, self)._validate_conn(conn)
  File "C:\Users\Win10 Pro\AppData\Roaming\Python\Python311\site-packages\telegram\vendor\ptb_urllib3\urllib3\connectionpool.py", line 289, in _validate_conn
    conn.connect()
  File "C:\Users\Win10 Pro\AppData\Roaming\Python\Python311\site-packages\telegram\vendor\ptb_urllib3\urllib3\connection.py", line 284, in connect
    conn = self._new_conn()
           ^^^^^^^^^^^^^^^^
  File "C:\Users\Win10 Pro\AppData\Roaming\Python\Python311\site-packages\telegram\vendor\ptb_urllib3\urllib3\connection.py", line 149, in _new_conn
    raise NewConnectionError(
telegram.vendor.ptb_urllib3.urllib3.exceptions.NewConnectionError: <telegram.vendor.ptb_urllib3.urllib3.connection.VerifiedHTTPSConnection object at 0x0000014C3389F150>: Failed to establish a new connection: [WinError 10051] A socket operation was attempted to an unreachable network

During handling of the above exception, another exception occurred:

Traceback (most recent call last):
  File "C:\Users\Win10 Pro\AppData\Roaming\Python\Python311\site-packages\telegram\utils\request.py", line 259, in _request_wrapper
    resp = self._con_pool.request(*args, **kwargs)
           ^^^^^^^^^^^^^^^^^^^^^^^^^^^^^^^^^^^^^^^
  File "C:\Users\Win10 Pro\AppData\Roaming\Python\Python311\site-packages\telegram\vendor\ptb_urllib3\urllib3\request.py", line 68, in request
    return self.request_encode_body(method, url, fields=fields,
           ^^^^^^^^^^^^^^^^^^^^^^^^^^^^^^^^^^^^^^^^^^^^^^^^^^^^
  File "C:\Users\Win10 Pro\AppData\Roaming\Python\Python311\site-packages\telegram\vendor\ptb_urllib3\urllib3\request.py", line 148, in request_encode_body
    return self.urlopen(method, url, **extra_kw)
           ^^^^^^^^^^^^^^^^^^^^^^^^^^^^^^^^^^^^^
  File "C:\Users\Win10 Pro\AppData\Roaming\Python\Python311\site-packages\telegram\vendor\ptb_urllib3\urllib3\poolmanager.py", line 244, in urlopen
    response = conn.urlopen(method, u.request_uri, **kw)
               ^^^^^^^^^^^^^^^^^^^^^^^^^^^^^^^^^^^^^^^^^
  File "C:\Users\Win10 Pro\AppData\Roaming\Python\Python311\site-packages\telegram\vendor\ptb_urllib3\urllib3\connectionpool.py", line 691, in urlopen
    return self.urlopen(method, url, body, headers, retries,
           ^^^^^^^^^^^^^^^^^^^^^^^^^^^^^^^^^^^^^^^^^^^^^^^^^
  File "C:\Users\Win10 Pro\AppData\Roaming\Python\Python311\site-packages\telegram\vendor\ptb_urllib3\urllib3\connectionpool.py", line 691, in urlopen
    return self.urlopen(method, url, body, headers, retries,
           ^^^^^^^^^^^^^^^^^^^^^^^^^^^^^^^^^^^^^^^^^^^^^^^^^
  File "C:\Users\Win10 Pro\AppData\Roaming\Python\Python311\site-packages\telegram\vendor\ptb_urllib3\urllib3\connectionpool.py", line 691, in urlopen
    return self.urlopen(method, url, body, headers, retries,
           ^^^^^^^^^^^^^^^^^^^^^^^^^^^^^^^^^^^^^^^^^^^^^^^^^
  File "C:\Users\Win10 Pro\AppData\Roaming\Python\Python311\site-packages\telegram\vendor\ptb_urllib3\urllib3\connectionpool.py", line 665, in urlopen
    retries = retries.increment(method, url, error=e, _pool=self,
              ^^^^^^^^^^^^^^^^^^^^^^^^^^^^^^^^^^^^^^^^^^^^^^^^^^^
  File "C:\Users\Win10 Pro\AppData\Roaming\Python\Python311\site-packages\telegram\vendor\ptb_urllib3\urllib3\util\retry.py", line 376, in increment
    raise MaxRetryError(_pool, url, error or ResponseError(cause))
telegram.vendor.ptb_urllib3.urllib3.exceptions.MaxRetryError: HTTPSConnectionPool(host='api.telegram.org', port=443): Max retries exceeded with url: /bot8383643986:AAFVI4MDb2zjy7DT9lsI3x6rn2UOyd-biPQ/getUpdates (Caused by NewConnectionError('<telegram.vendor.ptb_urllib3.urllib3.connection.VerifiedHTTPSConnection object at 0x0000014C3389F150>: Failed to establish a new connection: [WinError 10051] A socket operation was attempted to an unreachable network'))

The above exception was the direct cause of the following exception:

Traceback (most recent call last):
  File "C:\smyards_bot\bot_final_fixed.py", line 3221, in error_handler
    raise context.error
  File "C:\Users\Win10 Pro\AppData\Roaming\Python\Python311\site-packages\telegram\ext\updater.py", line 651, in _network_loop_retry
    if not action_cb():
           ^^^^^^^^^^^
  File "C:\Users\Win10 Pro\AppData\Roaming\Python\Python311\site-packages\telegram\ext\updater.py", line 602, in polling_action_cb
    updates = self.bot.get_updates(
              ^^^^^^^^^^^^^^^^^^^^^
  File "C:\Users\Win10 Pro\AppData\Roaming\Python\Python311\site-packages\telegram\ext\extbot.py", line 228, in get_updates
    updates = super().get_updates(
              ^^^^^^^^^^^^^^^^^^^^
  File "C:\Users\Win10 Pro\AppData\Roaming\Python\Python311\site-packages\telegram\bot.py", line 134, in decorator
    result = func(*args, **kwargs)
             ^^^^^^^^^^^^^^^^^^^^^
  File "C:\Users\Win10 Pro\AppData\Roaming\Python\Python311\site-packages\telegram\bot.py", line 3140, in get_updates
    self._post(
  File "C:\Users\Win10 Pro\AppData\Roaming\Python\Python311\site-packages\telegram\bot.py", line 299, in _post
    return self.request.post(
           ^^^^^^^^^^^^^^^^^^
  File "C:\Users\Win10 Pro\AppData\Roaming\Python\Python311\site-packages\telegram\utils\request.py", line 361, in post
    result = self._request_wrapper(
             ^^^^^^^^^^^^^^^^^^^^^^
  File "C:\Users\Win10 Pro\AppData\Roaming\Python\Python311\site-packages\telegram\utils\request.py", line 265, in _request_wrapper
    raise NetworkError(f'urllib3 HTTPError {error}') from error
telegram.error.NetworkError: urllib3 HTTPError HTTPSConnectionPool(host='api.telegram.org', port=443): Max retries exceeded with url: /bot8383643986:AAFVI4MDb2zjy7DT9lsI3x6rn2UOyd-biPQ/getUpdates (Caused by NewConnectionError('<telegram.vendor.ptb_urllib3.urllib3.connection.VerifiedHTTPSConnection object at 0x0000014C3389F150>: Failed to establish a new connection: [WinError 10051] A socket operation was attempted to an unreachable network'))

2025-12-30 20:57:15,736 - __main__ - ERROR - Update "None" caused error "urllib3 HTTPError HTTPSConnectionPool(host='api.telegram.org', port=443): Max retries exceeded with url: /bot8383643986:AAFVI4MDb2zjy7DT9lsI3x6rn2UOyd-biPQ/getUpdates (Caused by NewConnectionError('<telegram.vendor.ptb_urllib3.urllib3.connection.VerifiedHTTPSConnection object at 0x0000014C338B1250>: Failed to establish a new connection: [WinError 10051] A socket operation was attempted to an unreachable network'))"
2025-12-30 20:57:15,744 - __main__ - ERROR - Full error: Traceback (most recent call last):
  File "C:\Users\Win10 Pro\AppData\Roaming\Python\Python311\site-packages\telegram\vendor\ptb_urllib3\urllib3\connection.py", line 140, in _new_conn
    conn = connection.create_connection(
           ^^^^^^^^^^^^^^^^^^^^^^^^^^^^^
  File "C:\Users\Win10 Pro\AppData\Roaming\Python\Python311\site-packages\telegram\vendor\ptb_urllib3\urllib3\util\connection.py", line 83, in create_connection
    raise err
  File "C:\Users\Win10 Pro\AppData\Roaming\Python\Python311\site-packages\telegram\vendor\ptb_urllib3\urllib3\util\connection.py", line 73, in create_connection
    sock.connect(sa)
OSError: [WinError 10051] A socket operation was attempted to an unreachable network

During handling of the above exception, another exception occurred:

Traceback (most recent call last):
  File "C:\Users\Win10 Pro\AppData\Roaming\Python\Python311\site-packages\telegram\vendor\ptb_urllib3\urllib3\connectionpool.py", line 614, in urlopen
    httplib_response = self._make_request(conn, method, url,
                       ^^^^^^^^^^^^^^^^^^^^^^^^^^^^^^^^^^^^^
  File "C:\Users\Win10 Pro\AppData\Roaming\Python\Python311\site-packages\telegram\vendor\ptb_urllib3\urllib3\connectionpool.py", line 360, in _make_request
    self._validate_conn(conn)
  File "C:\Users\Win10 Pro\AppData\Roaming\Python\Python311\site-packages\telegram\vendor\ptb_urllib3\urllib3\connectionpool.py", line 857, in _validate_conn
    super(HTTPSConnectionPool, self)._validate_conn(conn)
  File "C:\Users\Win10 Pro\AppData\Roaming\Python\Python311\site-packages\telegram\vendor\ptb_urllib3\urllib3\connectionpool.py", line 289, in _validate_conn
    conn.connect()
  File "C:\Users\Win10 Pro\AppData\Roaming\Python\Python311\site-packages\telegram\vendor\ptb_urllib3\urllib3\connection.py", line 284, in connect
    conn = self._new_conn()
           ^^^^^^^^^^^^^^^^
  File "C:\Users\Win10 Pro\AppData\Roaming\Python\Python311\site-packages\telegram\vendor\ptb_urllib3\urllib3\connection.py", line 149, in _new_conn
    raise NewConnectionError(
telegram.vendor.ptb_urllib3.urllib3.exceptions.NewConnectionError: <telegram.vendor.ptb_urllib3.urllib3.connection.VerifiedHTTPSConnection object at 0x0000014C338B1250>: Failed to establish a new connection: [WinError 10051] A socket operation was attempted to an unreachable network

During handling of the above exception, another exception occurred:

Traceback (most recent call last):
  File "C:\Users\Win10 Pro\AppData\Roaming\Python\Python311\site-packages\telegram\utils\request.py", line 259, in _request_wrapper
    resp = self._con_pool.request(*args, **kwargs)
           ^^^^^^^^^^^^^^^^^^^^^^^^^^^^^^^^^^^^^^^
  File "C:\Users\Win10 Pro\AppData\Roaming\Python\Python311\site-packages\telegram\vendor\ptb_urllib3\urllib3\request.py", line 68, in request
    return self.request_encode_body(method, url, fields=fields,
           ^^^^^^^^^^^^^^^^^^^^^^^^^^^^^^^^^^^^^^^^^^^^^^^^^^^^
  File "C:\Users\Win10 Pro\AppData\Roaming\Python\Python311\site-packages\telegram\vendor\ptb_urllib3\urllib3\request.py", line 148, in request_encode_body
    return self.urlopen(method, url, **extra_kw)
           ^^^^^^^^^^^^^^^^^^^^^^^^^^^^^^^^^^^^^
  File "C:\Users\Win10 Pro\AppData\Roaming\Python\Python311\site-packages\telegram\vendor\ptb_urllib3\urllib3\poolmanager.py", line 244, in urlopen
    response = conn.urlopen(method, u.request_uri, **kw)
               ^^^^^^^^^^^^^^^^^^^^^^^^^^^^^^^^^^^^^^^^^
  File "C:\Users\Win10 Pro\AppData\Roaming\Python\Python311\site-packages\telegram\vendor\ptb_urllib3\urllib3\connectionpool.py", line 691, in urlopen
    return self.urlopen(method, url, body, headers, retries,
           ^^^^^^^^^^^^^^^^^^^^^^^^^^^^^^^^^^^^^^^^^^^^^^^^^
  File "C:\Users\Win10 Pro\AppData\Roaming\Python\Python311\site-packages\telegram\vendor\ptb_urllib3\urllib3\connectionpool.py", line 691, in urlopen
    return self.urlopen(method, url, body, headers, retries,
           ^^^^^^^^^^^^^^^^^^^^^^^^^^^^^^^^^^^^^^^^^^^^^^^^^
  File "C:\Users\Win10 Pro\AppData\Roaming\Python\Python311\site-packages\telegram\vendor\ptb_urllib3\urllib3\connectionpool.py", line 691, in urlopen
    return self.urlopen(method, url, body, headers, retries,
           ^^^^^^^^^^^^^^^^^^^^^^^^^^^^^^^^^^^^^^^^^^^^^^^^^
  File "C:\Users\Win10 Pro\AppData\Roaming\Python\Python311\site-packages\telegram\vendor\ptb_urllib3\urllib3\connectionpool.py", line 665, in urlopen
    retries = retries.increment(method, url, error=e, _pool=self,
              ^^^^^^^^^^^^^^^^^^^^^^^^^^^^^^^^^^^^^^^^^^^^^^^^^^^
  File "C:\Users\Win10 Pro\AppData\Roaming\Python\Python311\site-packages\telegram\vendor\ptb_urllib3\urllib3\util\retry.py", line 376, in increment
    raise MaxRetryError(_pool, url, error or ResponseError(cause))
telegram.vendor.ptb_urllib3.urllib3.exceptions.MaxRetryError: HTTPSConnectionPool(host='api.telegram.org', port=443): Max retries exceeded with url: /bot8383643986:AAFVI4MDb2zjy7DT9lsI3x6rn2UOyd-biPQ/getUpdates (Caused by NewConnectionError('<telegram.vendor.ptb_urllib3.urllib3.connection.VerifiedHTTPSConnection object at 0x0000014C338B1250>: Failed to establish a new connection: [WinError 10051] A socket operation was attempted to an unreachable network'))

The above exception was the direct cause of the following exception:

Traceback (most recent call last):
  File "C:\smyards_bot\bot_final_fixed.py", line 3221, in error_handler
    raise context.error
  File "C:\Users\Win10 Pro\AppData\Roaming\Python\Python311\site-packages\telegram\ext\updater.py", line 651, in _network_loop_retry
    if not action_cb():
           ^^^^^^^^^^^
  File "C:\Users\Win10 Pro\AppData\Roaming\Python\Python311\site-packages\telegram\ext\updater.py", line 602, in polling_action_cb
    updates = self.bot.get_updates(
              ^^^^^^^^^^^^^^^^^^^^^
  File "C:\Users\Win10 Pro\AppData\Roaming\Python\Python311\site-packages\telegram\ext\extbot.py", line 228, in get_updates
    updates = super().get_updates(
              ^^^^^^^^^^^^^^^^^^^^
  File "C:\Users\Win10 Pro\AppData\Roaming\Python\Python311\site-packages\telegram\bot.py", line 134, in decorator
    result = func(*args, **kwargs)
             ^^^^^^^^^^^^^^^^^^^^^
  File "C:\Users\Win10 Pro\AppData\Roaming\Python\Python311\site-packages\telegram\bot.py", line 3140, in get_updates
    self._post(
  File "C:\Users\Win10 Pro\AppData\Roaming\Python\Python311\site-packages\telegram\bot.py", line 299, in _post
    return self.request.post(
           ^^^^^^^^^^^^^^^^^^
  File "C:\Users\Win10 Pro\AppData\Roaming\Python\Python311\site-packages\telegram\utils\request.py", line 361, in post
    result = self._request_wrapper(
             ^^^^^^^^^^^^^^^^^^^^^^
  File "C:\Users\Win10 Pro\AppData\Roaming\Python\Python311\site-packages\telegram\utils\request.py", line 265, in _request_wrapper
    raise NetworkError(f'urllib3 HTTPError {error}') from error
telegram.error.NetworkError: urllib3 HTTPError HTTPSConnectionPool(host='api.telegram.org', port=443): Max retries exceeded with url: /bot8383643986:AAFVI4MDb2zjy7DT9lsI3x6rn2UOyd-biPQ/getUpdates (Caused by NewConnectionError('<telegram.vendor.ptb_urllib3.urllib3.connection.VerifiedHTTPSConnection object at 0x0000014C338B1250>: Failed to establish a new connection: [WinError 10051] A socket operation was attempted to an unreachable network'))

2025-12-30 20:57:39,199 - __main__ - ERROR - Update "None" caused error "urllib3 HTTPError HTTPSConnectionPool(host='api.telegram.org', port=443): Max retries exceeded with url: /bot8383643986:AAFVI4MDb2zjy7DT9lsI3x6rn2UOyd-biPQ/getUpdates (Caused by NewConnectionError('<telegram.vendor.ptb_urllib3.urllib3.connection.VerifiedHTTPSConnection object at 0x0000014C338B3350>: Failed to establish a new connection: [WinError 10051] A socket operation was attempted to an unreachable network'))"
2025-12-30 20:57:39,212 - __main__ - ERROR - Full error: Traceback (most recent call last):
  File "C:\Users\Win10 Pro\AppData\Roaming\Python\Python311\site-packages\telegram\vendor\ptb_urllib3\urllib3\connection.py", line 140, in _new_conn
    conn = connection.create_connection(
           ^^^^^^^^^^^^^^^^^^^^^^^^^^^^^
  File "C:\Users\Win10 Pro\AppData\Roaming\Python\Python311\site-packages\telegram\vendor\ptb_urllib3\urllib3\util\connection.py", line 83, in create_connection
    raise err
  File "C:\Users\Win10 Pro\AppData\Roaming\Python\Python311\site-packages\telegram\vendor\ptb_urllib3\urllib3\util\connection.py", line 73, in create_connection
    sock.connect(sa)
OSError: [WinError 10051] A socket operation was attempted to an unreachable network

During handling of the above exception, another exception occurred:

Traceback (most recent call last):
  File "C:\Users\Win10 Pro\AppData\Roaming\Python\Python311\site-packages\telegram\vendor\ptb_urllib3\urllib3\connectionpool.py", line 614, in urlopen
    httplib_response = self._make_request(conn, method, url,
                       ^^^^^^^^^^^^^^^^^^^^^^^^^^^^^^^^^^^^^
  File "C:\Users\Win10 Pro\AppData\Roaming\Python\Python311\site-packages\telegram\vendor\ptb_urllib3\urllib3\connectionpool.py", line 360, in _make_request
    self._validate_conn(conn)
  File "C:\Users\Win10 Pro\AppData\Roaming\Python\Python311\site-packages\telegram\vendor\ptb_urllib3\urllib3\connectionpool.py", line 857, in _validate_conn
    super(HTTPSConnectionPool, self)._validate_conn(conn)
  File "C:\Users\Win10 Pro\AppData\Roaming\Python\Python311\site-packages\telegram\vendor\ptb_urllib3\urllib3\connectionpool.py", line 289, in _validate_conn
    conn.connect()
  File "C:\Users\Win10 Pro\AppData\Roaming\Python\Python311\site-packages\telegram\vendor\ptb_urllib3\urllib3\connection.py", line 284, in connect
    conn = self._new_conn()
           ^^^^^^^^^^^^^^^^
  File "C:\Users\Win10 Pro\AppData\Roaming\Python\Python311\site-packages\telegram\vendor\ptb_urllib3\urllib3\connection.py", line 149, in _new_conn
    raise NewConnectionError(
telegram.vendor.ptb_urllib3.urllib3.exceptions.NewConnectionError: <telegram.vendor.ptb_urllib3.urllib3.connection.VerifiedHTTPSConnection object at 0x0000014C338B3350>: Failed to establish a new connection: [WinError 10051] A socket operation was attempted to an unreachable network

During handling of the above exception, another exception occurred:

Traceback (most recent call last):
  File "C:\Users\Win10 Pro\AppData\Roaming\Python\Python311\site-packages\telegram\utils\request.py", line 259, in _request_wrapper
    resp = self._con_pool.request(*args, **kwargs)
           ^^^^^^^^^^^^^^^^^^^^^^^^^^^^^^^^^^^^^^^
  File "C:\Users\Win10 Pro\AppData\Roaming\Python\Python311\site-packages\telegram\vendor\ptb_urllib3\urllib3\request.py", line 68, in request
    return self.request_encode_body(method, url, fields=fields,
           ^^^^^^^^^^^^^^^^^^^^^^^^^^^^^^^^^^^^^^^^^^^^^^^^^^^^
  File "C:\Users\Win10 Pro\AppData\Roaming\Python\Python311\site-packages\telegram\vendor\ptb_urllib3\urllib3\request.py", line 148, in request_encode_body
    return self.urlopen(method, url, **extra_kw)
           ^^^^^^^^^^^^^^^^^^^^^^^^^^^^^^^^^^^^^
  File "C:\Users\Win10 Pro\AppData\Roaming\Python\Python311\site-packages\telegram\vendor\ptb_urllib3\urllib3\poolmanager.py", line 244, in urlopen
    response = conn.urlopen(method, u.request_uri, **kw)
               ^^^^^^^^^^^^^^^^^^^^^^^^^^^^^^^^^^^^^^^^^
  File "C:\Users\Win10 Pro\AppData\Roaming\Python\Python311\site-packages\telegram\vendor\ptb_urllib3\urllib3\connectionpool.py", line 691, in urlopen
    return self.urlopen(method, url, body, headers, retries,
           ^^^^^^^^^^^^^^^^^^^^^^^^^^^^^^^^^^^^^^^^^^^^^^^^^
  File "C:\Users\Win10 Pro\AppData\Roaming\Python\Python311\site-packages\telegram\vendor\ptb_urllib3\urllib3\connectionpool.py", line 691, in urlopen
    return self.urlopen(method, url, body, headers, retries,
           ^^^^^^^^^^^^^^^^^^^^^^^^^^^^^^^^^^^^^^^^^^^^^^^^^
  File "C:\Users\Win10 Pro\AppData\Roaming\Python\Python311\site-packages\telegram\vendor\ptb_urllib3\urllib3\connectionpool.py", line 691, in urlopen
    return self.urlopen(method, url, body, headers, retries,
           ^^^^^^^^^^^^^^^^^^^^^^^^^^^^^^^^^^^^^^^^^^^^^^^^^
  File "C:\Users\Win10 Pro\AppData\Roaming\Python\Python311\site-packages\telegram\vendor\ptb_urllib3\urllib3\connectionpool.py", line 665, in urlopen
    retries = retries.increment(method, url, error=e, _pool=self,
              ^^^^^^^^^^^^^^^^^^^^^^^^^^^^^^^^^^^^^^^^^^^^^^^^^^^
  File "C:\Users\Win10 Pro\AppData\Roaming\Python\Python311\site-packages\telegram\vendor\ptb_urllib3\urllib3\util\retry.py", line 376, in increment
    raise MaxRetryError(_pool, url, error or ResponseError(cause))
telegram.vendor.ptb_urllib3.urllib3.exceptions.MaxRetryError: HTTPSConnectionPool(host='api.telegram.org', port=443): Max retries exceeded with url: /bot8383643986:AAFVI4MDb2zjy7DT9lsI3x6rn2UOyd-biPQ/getUpdates (Caused by NewConnectionError('<telegram.vendor.ptb_urllib3.urllib3.connection.VerifiedHTTPSConnection object at 0x0000014C338B3350>: Failed to establish a new connection: [WinError 10051] A socket operation was attempted to an unreachable network'))

The above exception was the direct cause of the following exception:

Traceback (most recent call last):
  File "C:\smyards_bot\bot_final_fixed.py", line 3221, in error_handler
    raise context.error
  File "C:\Users\Win10 Pro\AppData\Roaming\Python\Python311\site-packages\telegram\ext\updater.py", line 651, in _network_loop_retry
    if not action_cb():
           ^^^^^^^^^^^
  File "C:\Users\Win10 Pro\AppData\Roaming\Python\Python311\site-packages\telegram\ext\updater.py", line 602, in polling_action_cb
    updates = self.bot.get_updates(
              ^^^^^^^^^^^^^^^^^^^^^
  File "C:\Users\Win10 Pro\AppData\Roaming\Python\Python311\site-packages\telegram\ext\extbot.py", line 228, in get_updates
    updates = super().get_updates(
              ^^^^^^^^^^^^^^^^^^^^
  File "C:\Users\Win10 Pro\AppData\Roaming\Python\Python311\site-packages\telegram\bot.py", line 134, in decorator
    result = func(*args, **kwargs)
             ^^^^^^^^^^^^^^^^^^^^^
  File "C:\Users\Win10 Pro\AppData\Roaming\Python\Python311\site-packages\telegram\bot.py", line 3140, in get_updates
    self._post(
  File "C:\Users\Win10 Pro\AppData\Roaming\Python\Python311\site-packages\telegram\bot.py", line 299, in _post
    return self.request.post(
           ^^^^^^^^^^^^^^^^^^
  File "C:\Users\Win10 Pro\AppData\Roaming\Python\Python311\site-packages\telegram\utils\request.py", line 361, in post
    result = self._request_wrapper(
             ^^^^^^^^^^^^^^^^^^^^^^
  File "C:\Users\Win10 Pro\AppData\Roaming\Python\Python311\site-packages\telegram\utils\request.py", line 265, in _request_wrapper
    raise NetworkError(f'urllib3 HTTPError {error}') from error
telegram.error.NetworkError: urllib3 HTTPError HTTPSConnectionPool(host='api.telegram.org', port=443): Max retries exceeded with url: /bot8383643986:AAFVI4MDb2zjy7DT9lsI3x6rn2UOyd-biPQ/getUpdates (Caused by NewConnectionError('<telegram.vendor.ptb_urllib3.urllib3.connection.VerifiedHTTPSConnection object at 0x0000014C338B3350>: Failed to establish a new connection: [WinError 10051] A socket operation was attempted to an unreachable network'))

2025-12-30 20:58:04,371 - __main__ - ERROR - Update "None" caused error "urllib3 HTTPError HTTPSConnectionPool(host='api.telegram.org', port=443): Max retries exceeded with url: /bot8383643986:AAFVI4MDb2zjy7DT9lsI3x6rn2UOyd-biPQ/getUpdates (Caused by NewConnectionError('<telegram.vendor.ptb_urllib3.urllib3.connection.VerifiedHTTPSConnection object at 0x0000014C338B1610>: Failed to establish a new connection: [WinError 10051] A socket operation was attempted to an unreachable network'))"
2025-12-30 20:58:04,382 - __main__ - ERROR - Full error: Traceback (most recent call last):
  File "C:\Users\Win10 Pro\AppData\Roaming\Python\Python311\site-packages\telegram\vendor\ptb_urllib3\urllib3\connection.py", line 140, in _new_conn
    conn = connection.create_connection(
           ^^^^^^^^^^^^^^^^^^^^^^^^^^^^^
  File "C:\Users\Win10 Pro\AppData\Roaming\Python\Python311\site-packages\telegram\vendor\ptb_urllib3\urllib3\util\connection.py", line 83, in create_connection
    raise err
  File "C:\Users\Win10 Pro\AppData\Roaming\Python\Python311\site-packages\telegram\vendor\ptb_urllib3\urllib3\util\connection.py", line 73, in create_connection
    sock.connect(sa)
OSError: [WinError 10051] A socket operation was attempted to an unreachable network

During handling of the above exception, another exception occurred:

Traceback (most recent call last):
  File "C:\Users\Win10 Pro\AppData\Roaming\Python\Python311\site-packages\telegram\vendor\ptb_urllib3\urllib3\connectionpool.py", line 614, in urlopen
    httplib_response = self._make_request(conn, method, url,
                       ^^^^^^^^^^^^^^^^^^^^^^^^^^^^^^^^^^^^^
  File "C:\Users\Win10 Pro\AppData\Roaming\Python\Python311\site-packages\telegram\vendor\ptb_urllib3\urllib3\connectionpool.py", line 360, in _make_request
    self._validate_conn(conn)
  File "C:\Users\Win10 Pro\AppData\Roaming\Python\Python311\site-packages\telegram\vendor\ptb_urllib3\urllib3\connectionpool.py", line 857, in _validate_conn
    super(HTTPSConnectionPool, self)._validate_conn(conn)
  File "C:\Users\Win10 Pro\AppData\Roaming\Python\Python311\site-packages\telegram\vendor\ptb_urllib3\urllib3\connectionpool.py", line 289, in _validate_conn
    conn.connect()
  File "C:\Users\Win10 Pro\AppData\Roaming\Python\Python311\site-packages\telegram\vendor\ptb_urllib3\urllib3\connection.py", line 284, in connect
    conn = self._new_conn()
           ^^^^^^^^^^^^^^^^
  File "C:\Users\Win10 Pro\AppData\Roaming\Python\Python311\site-packages\telegram\vendor\ptb_urllib3\urllib3\connection.py", line 149, in _new_conn
    raise NewConnectionError(
telegram.vendor.ptb_urllib3.urllib3.exceptions.NewConnectionError: <telegram.vendor.ptb_urllib3.urllib3.connection.VerifiedHTTPSConnection object at 0x0000014C338B1610>: Failed to establish a new connection: [WinError 10051] A socket operation was attempted to an unreachable network

During handling of the above exception, another exception occurred:

Traceback (most recent call last):
  File "C:\Users\Win10 Pro\AppData\Roaming\Python\Python311\site-packages\telegram\utils\request.py", line 259, in _request_wrapper
    resp = self._con_pool.request(*args, **kwargs)
           ^^^^^^^^^^^^^^^^^^^^^^^^^^^^^^^^^^^^^^^
  File "C:\Users\Win10 Pro\AppData\Roaming\Python\Python311\site-packages\telegram\vendor\ptb_urllib3\urllib3\request.py", line 68, in request
    return self.request_encode_body(method, url, fields=fields,
           ^^^^^^^^^^^^^^^^^^^^^^^^^^^^^^^^^^^^^^^^^^^^^^^^^^^^
  File "C:\Users\Win10 Pro\AppData\Roaming\Python\Python311\site-packages\telegram\vendor\ptb_urllib3\urllib3\request.py", line 148, in request_encode_body
    return self.urlopen(method, url, **extra_kw)
           ^^^^^^^^^^^^^^^^^^^^^^^^^^^^^^^^^^^^^
  File "C:\Users\Win10 Pro\AppData\Roaming\Python\Python311\site-packages\telegram\vendor\ptb_urllib3\urllib3\poolmanager.py", line 244, in urlopen
    response = conn.urlopen(method, u.request_uri, **kw)
               ^^^^^^^^^^^^^^^^^^^^^^^^^^^^^^^^^^^^^^^^^
  File "C:\Users\Win10 Pro\AppData\Roaming\Python\Python311\site-packages\telegram\vendor\ptb_urllib3\urllib3\connectionpool.py", line 691, in urlopen
    return self.urlopen(method, url, body, headers, retries,
           ^^^^^^^^^^^^^^^^^^^^^^^^^^^^^^^^^^^^^^^^^^^^^^^^^
  File "C:\Users\Win10 Pro\AppData\Roaming\Python\Python311\site-packages\telegram\vendor\ptb_urllib3\urllib3\connectionpool.py", line 691, in urlopen
    return self.urlopen(method, url, body, headers, retries,
           ^^^^^^^^^^^^^^^^^^^^^^^^^^^^^^^^^^^^^^^^^^^^^^^^^
  File "C:\Users\Win10 Pro\AppData\Roaming\Python\Python311\site-packages\telegram\vendor\ptb_urllib3\urllib3\connectionpool.py", line 691, in urlopen
    return self.urlopen(method, url, body, headers, retries,
           ^^^^^^^^^^^^^^^^^^^^^^^^^^^^^^^^^^^^^^^^^^^^^^^^^
  File "C:\Users\Win10 Pro\AppData\Roaming\Python\Python311\site-packages\telegram\vendor\ptb_urllib3\urllib3\connectionpool.py", line 665, in urlopen
    retries = retries.increment(method, url, error=e, _pool=self,
              ^^^^^^^^^^^^^^^^^^^^^^^^^^^^^^^^^^^^^^^^^^^^^^^^^^^
  File "C:\Users\Win10 Pro\AppData\Roaming\Python\Python311\site-packages\telegram\vendor\ptb_urllib3\urllib3\util\retry.py", line 376, in increment
    raise MaxRetryError(_pool, url, error or ResponseError(cause))
telegram.vendor.ptb_urllib3.urllib3.exceptions.MaxRetryError: HTTPSConnectionPool(host='api.telegram.org', port=443): Max retries exceeded with url: /bot8383643986:AAFVI4MDb2zjy7DT9lsI3x6rn2UOyd-biPQ/getUpdates (Caused by NewConnectionError('<telegram.vendor.ptb_urllib3.urllib3.connection.VerifiedHTTPSConnection object at 0x0000014C338B1610>: Failed to establish a new connection: [WinError 10051] A socket operation was attempted to an unreachable network'))

The above exception was the direct cause of the following exception:

Traceback (most recent call last):
  File "C:\smyards_bot\bot_final_fixed.py", line 3221, in error_handler
    raise context.error
  File "C:\Users\Win10 Pro\AppData\Roaming\Python\Python311\site-packages\telegram\ext\updater.py", line 651, in _network_loop_retry
    if not action_cb():
           ^^^^^^^^^^^
  File "C:\Users\Win10 Pro\AppData\Roaming\Python\Python311\site-packages\telegram\ext\updater.py", line 602, in polling_action_cb
    updates = self.bot.get_updates(
              ^^^^^^^^^^^^^^^^^^^^^
  File "C:\Users\Win10 Pro\AppData\Roaming\Python\Python311\site-packages\telegram\ext\extbot.py", line 228, in get_updates
    updates = super().get_updates(
              ^^^^^^^^^^^^^^^^^^^^
  File "C:\Users\Win10 Pro\AppData\Roaming\Python\Python311\site-packages\telegram\bot.py", line 134, in decorator
    result = func(*args, **kwargs)
             ^^^^^^^^^^^^^^^^^^^^^
  File "C:\Users\Win10 Pro\AppData\Roaming\Python\Python311\site-packages\telegram\bot.py", line 3140, in get_updates
    self._post(
  File "C:\Users\Win10 Pro\AppData\Roaming\Python\Python311\site-packages\telegram\bot.py", line 299, in _post
    return self.request.post(
           ^^^^^^^^^^^^^^^^^^
  File "C:\Users\Win10 Pro\AppData\Roaming\Python\Python311\site-packages\telegram\utils\request.py", line 361, in post
    result = self._request_wrapper(
             ^^^^^^^^^^^^^^^^^^^^^^
  File "C:\Users\Win10 Pro\AppData\Roaming\Python\Python311\site-packages\telegram\utils\request.py", line 265, in _request_wrapper
    raise NetworkError(f'urllib3 HTTPError {error}') from error
telegram.error.NetworkError: urllib3 HTTPError HTTPSConnectionPool(host='api.telegram.org', port=443): Max retries exceeded with url: /bot8383643986:AAFVI4MDb2zjy7DT9lsI3x6rn2UOyd-biPQ/getUpdates (Caused by NewConnectionError('<telegram.vendor.ptb_urllib3.urllib3.connection.VerifiedHTTPSConnection object at 0x0000014C338B1610>: Failed to establish a new connection: [WinError 10051] A socket operation was attempted to an unreachable network'))

2025-12-30 20:58:32,057 - __main__ - ERROR - Update "None" caused error "urllib3 HTTPError HTTPSConnectionPool(host='api.telegram.org', port=443): Max retries exceeded with url: /bot8383643986:AAFVI4MDb2zjy7DT9lsI3x6rn2UOyd-biPQ/getUpdates (Caused by NewConnectionError('<telegram.vendor.ptb_urllib3.urllib3.connection.VerifiedHTTPSConnection object at 0x0000014C3389EE50>: Failed to establish a new connection: [WinError 10051] A socket operation was attempted to an unreachable network'))"
2025-12-30 20:58:32,068 - __main__ - ERROR - Full error: Traceback (most recent call last):
  File "C:\Users\Win10 Pro\AppData\Roaming\Python\Python311\site-packages\telegram\vendor\ptb_urllib3\urllib3\connection.py", line 140, in _new_conn
    conn = connection.create_connection(
           ^^^^^^^^^^^^^^^^^^^^^^^^^^^^^
  File "C:\Users\Win10 Pro\AppData\Roaming\Python\Python311\site-packages\telegram\vendor\ptb_urllib3\urllib3\util\connection.py", line 83, in create_connection
    raise err
  File "C:\Users\Win10 Pro\AppData\Roaming\Python\Python311\site-packages\telegram\vendor\ptb_urllib3\urllib3\util\connection.py", line 73, in create_connection
    sock.connect(sa)
OSError: [WinError 10051] A socket operation was attempted to an unreachable network

During handling of the above exception, another exception occurred:

Traceback (most recent call last):
  File "C:\Users\Win10 Pro\AppData\Roaming\Python\Python311\site-packages\telegram\vendor\ptb_urllib3\urllib3\connectionpool.py", line 614, in urlopen
    httplib_response = self._make_request(conn, method, url,
                       ^^^^^^^^^^^^^^^^^^^^^^^^^^^^^^^^^^^^^
  File "C:\Users\Win10 Pro\AppData\Roaming\Python\Python311\site-packages\telegram\vendor\ptb_urllib3\urllib3\connectionpool.py", line 360, in _make_request
    self._validate_conn(conn)
  File "C:\Users\Win10 Pro\AppData\Roaming\Python\Python311\site-packages\telegram\vendor\ptb_urllib3\urllib3\connectionpool.py", line 857, in _validate_conn
    super(HTTPSConnectionPool, self)._validate_conn(conn)
  File "C:\Users\Win10 Pro\AppData\Roaming\Python\Python311\site-packages\telegram\vendor\ptb_urllib3\urllib3\connectionpool.py", line 289, in _validate_conn
    conn.connect()
  File "C:\Users\Win10 Pro\AppData\Roaming\Python\Python311\site-packages\telegram\vendor\ptb_urllib3\urllib3\connection.py", line 284, in connect
    conn = self._new_conn()
           ^^^^^^^^^^^^^^^^
  File "C:\Users\Win10 Pro\AppData\Roaming\Python\Python311\site-packages\telegram\vendor\ptb_urllib3\urllib3\connection.py", line 149, in _new_conn
    raise NewConnectionError(
telegram.vendor.ptb_urllib3.urllib3.exceptions.NewConnectionError: <telegram.vendor.ptb_urllib3.urllib3.connection.VerifiedHTTPSConnection object at 0x0000014C3389EE50>: Failed to establish a new connection: [WinError 10051] A socket operation was attempted to an unreachable network

During handling of the above exception, another exception occurred:

Traceback (most recent call last):
  File "C:\Users\Win10 Pro\AppData\Roaming\Python\Python311\site-packages\telegram\utils\request.py", line 259, in _request_wrapper
    resp = self._con_pool.request(*args, **kwargs)
           ^^^^^^^^^^^^^^^^^^^^^^^^^^^^^^^^^^^^^^^
  File "C:\Users\Win10 Pro\AppData\Roaming\Python\Python311\site-packages\telegram\vendor\ptb_urllib3\urllib3\request.py", line 68, in request
    return self.request_encode_body(method, url, fields=fields,
           ^^^^^^^^^^^^^^^^^^^^^^^^^^^^^^^^^^^^^^^^^^^^^^^^^^^^
  File "C:\Users\Win10 Pro\AppData\Roaming\Python\Python311\site-packages\telegram\vendor\ptb_urllib3\urllib3\request.py", line 148, in request_encode_body
    return self.urlopen(method, url, **extra_kw)
           ^^^^^^^^^^^^^^^^^^^^^^^^^^^^^^^^^^^^^
  File "C:\Users\Win10 Pro\AppData\Roaming\Python\Python311\site-packages\telegram\vendor\ptb_urllib3\urllib3\poolmanager.py", line 244, in urlopen
    response = conn.urlopen(method, u.request_uri, **kw)
               ^^^^^^^^^^^^^^^^^^^^^^^^^^^^^^^^^^^^^^^^^
  File "C:\Users\Win10 Pro\AppData\Roaming\Python\Python311\site-packages\telegram\vendor\ptb_urllib3\urllib3\connectionpool.py", line 691, in urlopen
    return self.urlopen(method, url, body, headers, retries,
           ^^^^^^^^^^^^^^^^^^^^^^^^^^^^^^^^^^^^^^^^^^^^^^^^^
  File "C:\Users\Win10 Pro\AppData\Roaming\Python\Python311\site-packages\telegram\vendor\ptb_urllib3\urllib3\connectionpool.py", line 691, in urlopen
    return self.urlopen(method, url, body, headers, retries,
           ^^^^^^^^^^^^^^^^^^^^^^^^^^^^^^^^^^^^^^^^^^^^^^^^^
  File "C:\Users\Win10 Pro\AppData\Roaming\Python\Python311\site-packages\telegram\vendor\ptb_urllib3\urllib3\connectionpool.py", line 691, in urlopen
    return self.urlopen(method, url, body, headers, retries,
           ^^^^^^^^^^^^^^^^^^^^^^^^^^^^^^^^^^^^^^^^^^^^^^^^^
  File "C:\Users\Win10 Pro\AppData\Roaming\Python\Python311\site-packages\telegram\vendor\ptb_urllib3\urllib3\connectionpool.py", line 665, in urlopen
    retries = retries.increment(method, url, error=e, _pool=self,
              ^^^^^^^^^^^^^^^^^^^^^^^^^^^^^^^^^^^^^^^^^^^^^^^^^^^
  File "C:\Users\Win10 Pro\AppData\Roaming\Python\Python311\site-packages\telegram\vendor\ptb_urllib3\urllib3\util\retry.py", line 376, in increment
    raise MaxRetryError(_pool, url, error or ResponseError(cause))
telegram.vendor.ptb_urllib3.urllib3.exceptions.MaxRetryError: HTTPSConnectionPool(host='api.telegram.org', port=443): Max retries exceeded with url: /bot8383643986:AAFVI4MDb2zjy7DT9lsI3x6rn2UOyd-biPQ/getUpdates (Caused by NewConnectionError('<telegram.vendor.ptb_urllib3.urllib3.connection.VerifiedHTTPSConnection object at 0x0000014C3389EE50>: Failed to establish a new connection: [WinError 10051] A socket operation was attempted to an unreachable network'))

The above exception was the direct cause of the following exception:

Traceback (most recent call last):
  File "C:\smyards_bot\bot_final_fixed.py", line 3221, in error_handler
    raise context.error
  File "C:\Users\Win10 Pro\AppData\Roaming\Python\Python311\site-packages\telegram\ext\updater.py", line 651, in _network_loop_retry
    if not action_cb():
           ^^^^^^^^^^^
  File "C:\Users\Win10 Pro\AppData\Roaming\Python\Python311\site-packages\telegram\ext\updater.py", line 602, in polling_action_cb
    updates = self.bot.get_updates(
              ^^^^^^^^^^^^^^^^^^^^^
  File "C:\Users\Win10 Pro\AppData\Roaming\Python\Python311\site-packages\telegram\ext\extbot.py", line 228, in get_updates
    updates = super().get_updates(
              ^^^^^^^^^^^^^^^^^^^^
  File "C:\Users\Win10 Pro\AppData\Roaming\Python\Python311\site-packages\telegram\bot.py", line 134, in decorator
    result = func(*args, **kwargs)
             ^^^^^^^^^^^^^^^^^^^^^
  File "C:\Users\Win10 Pro\AppData\Roaming\Python\Python311\site-packages\telegram\bot.py", line 3140, in get_updates
    self._post(
  File "C:\Users\Win10 Pro\AppData\Roaming\Python\Python311\site-packages\telegram\bot.py", line 299, in _post
    return self.request.post(
           ^^^^^^^^^^^^^^^^^^
  File "C:\Users\Win10 Pro\AppData\Roaming\Python\Python311\site-packages\telegram\utils\request.py", line 361, in post
    result = self._request_wrapper(
             ^^^^^^^^^^^^^^^^^^^^^^
  File "C:\Users\Win10 Pro\AppData\Roaming\Python\Python311\site-packages\telegram\utils\request.py", line 265, in _request_wrapper
    raise NetworkError(f'urllib3 HTTPError {error}') from error
telegram.error.NetworkError: urllib3 HTTPError HTTPSConnectionPool(host='api.telegram.org', port=443): Max retries exceeded with url: /bot8383643986:AAFVI4MDb2zjy7DT9lsI3x6rn2UOyd-biPQ/getUpdates (Caused by NewConnectionError('<telegram.vendor.ptb_urllib3.urllib3.connection.VerifiedHTTPSConnection object at 0x0000014C3389EE50>: Failed to establish a new connection: [WinError 10051] A socket operation was attempted to an unreachable network'))

2025-12-30 20:59:03,580 - __main__ - ERROR - Update "None" caused error "urllib3 HTTPError HTTPSConnectionPool(host='api.telegram.org', port=443): Max retries exceeded with url: /bot8383643986:AAFVI4MDb2zjy7DT9lsI3x6rn2UOyd-biPQ/getUpdates (Caused by NewConnectionError('<telegram.vendor.ptb_urllib3.urllib3.connection.VerifiedHTTPSConnection object at 0x0000014C338B59D0>: Failed to establish a new connection: [WinError 10051] A socket operation was attempted to an unreachable network'))"
2025-12-30 20:59:03,592 - __main__ - ERROR - Full error: Traceback (most recent call last):
  File "C:\Users\Win10 Pro\AppData\Roaming\Python\Python311\site-packages\telegram\vendor\ptb_urllib3\urllib3\connection.py", line 140, in _new_conn
    conn = connection.create_connection(
           ^^^^^^^^^^^^^^^^^^^^^^^^^^^^^
  File "C:\Users\Win10 Pro\AppData\Roaming\Python\Python311\site-packages\telegram\vendor\ptb_urllib3\urllib3\util\connection.py", line 83, in create_connection
    raise err
  File "C:\Users\Win10 Pro\AppData\Roaming\Python\Python311\site-packages\telegram\vendor\ptb_urllib3\urllib3\util\connection.py", line 73, in create_connection
    sock.connect(sa)
OSError: [WinError 10051] A socket operation was attempted to an unreachable network

During handling of the above exception, another exception occurred:

Traceback (most recent call last):
  File "C:\Users\Win10 Pro\AppData\Roaming\Python\Python311\site-packages\telegram\vendor\ptb_urllib3\urllib3\connectionpool.py", line 614, in urlopen
    httplib_response = self._make_request(conn, method, url,
                       ^^^^^^^^^^^^^^^^^^^^^^^^^^^^^^^^^^^^^
  File "C:\Users\Win10 Pro\AppData\Roaming\Python\Python311\site-packages\telegram\vendor\ptb_urllib3\urllib3\connectionpool.py", line 360, in _make_request
    self._validate_conn(conn)
  File "C:\Users\Win10 Pro\AppData\Roaming\Python\Python311\site-packages\telegram\vendor\ptb_urllib3\urllib3\connectionpool.py", line 857, in _validate_conn
    super(HTTPSConnectionPool, self)._validate_conn(conn)
  File "C:\Users\Win10 Pro\AppData\Roaming\Python\Python311\site-packages\telegram\vendor\ptb_urllib3\urllib3\connectionpool.py", line 289, in _validate_conn
    conn.connect()
  File "C:\Users\Win10 Pro\AppData\Roaming\Python\Python311\site-packages\telegram\vendor\ptb_urllib3\urllib3\connection.py", line 284, in connect
    conn = self._new_conn()
           ^^^^^^^^^^^^^^^^
  File "C:\Users\Win10 Pro\AppData\Roaming\Python\Python311\site-packages\telegram\vendor\ptb_urllib3\urllib3\connection.py", line 149, in _new_conn
    raise NewConnectionError(
telegram.vendor.ptb_urllib3.urllib3.exceptions.NewConnectionError: <telegram.vendor.ptb_urllib3.urllib3.connection.VerifiedHTTPSConnection object at 0x0000014C338B59D0>: Failed to establish a new connection: [WinError 10051] A socket operation was attempted to an unreachable network

During handling of the above exception, another exception occurred:

Traceback (most recent call last):
  File "C:\Users\Win10 Pro\AppData\Roaming\Python\Python311\site-packages\telegram\utils\request.py", line 259, in _request_wrapper
    resp = self._con_pool.request(*args, **kwargs)
           ^^^^^^^^^^^^^^^^^^^^^^^^^^^^^^^^^^^^^^^
  File "C:\Users\Win10 Pro\AppData\Roaming\Python\Python311\site-packages\telegram\vendor\ptb_urllib3\urllib3\request.py", line 68, in request
    return self.request_encode_body(method, url, fields=fields,
           ^^^^^^^^^^^^^^^^^^^^^^^^^^^^^^^^^^^^^^^^^^^^^^^^^^^^
  File "C:\Users\Win10 Pro\AppData\Roaming\Python\Python311\site-packages\telegram\vendor\ptb_urllib3\urllib3\request.py", line 148, in request_encode_body
    return self.urlopen(method, url, **extra_kw)
           ^^^^^^^^^^^^^^^^^^^^^^^^^^^^^^^^^^^^^
  File "C:\Users\Win10 Pro\AppData\Roaming\Python\Python311\site-packages\telegram\vendor\ptb_urllib3\urllib3\poolmanager.py", line 244, in urlopen
    response = conn.urlopen(method, u.request_uri, **kw)
               ^^^^^^^^^^^^^^^^^^^^^^^^^^^^^^^^^^^^^^^^^
  File "C:\Users\Win10 Pro\AppData\Roaming\Python\Python311\site-packages\telegram\vendor\ptb_urllib3\urllib3\connectionpool.py", line 691, in urlopen
    return self.urlopen(method, url, body, headers, retries,
           ^^^^^^^^^^^^^^^^^^^^^^^^^^^^^^^^^^^^^^^^^^^^^^^^^
  File "C:\Users\Win10 Pro\AppData\Roaming\Python\Python311\site-packages\telegram\vendor\ptb_urllib3\urllib3\connectionpool.py", line 691, in urlopen
    return self.urlopen(method, url, body, headers, retries,
           ^^^^^^^^^^^^^^^^^^^^^^^^^^^^^^^^^^^^^^^^^^^^^^^^^
  File "C:\Users\Win10 Pro\AppData\Roaming\Python\Python311\site-packages\telegram\vendor\ptb_urllib3\urllib3\connectionpool.py", line 691, in urlopen
    return self.urlopen(method, url, body, headers, retries,
           ^^^^^^^^^^^^^^^^^^^^^^^^^^^^^^^^^^^^^^^^^^^^^^^^^
  File "C:\Users\Win10 Pro\AppData\Roaming\Python\Python311\site-packages\telegram\vendor\ptb_urllib3\urllib3\connectionpool.py", line 665, in urlopen
    retries = retries.increment(method, url, error=e, _pool=self,
              ^^^^^^^^^^^^^^^^^^^^^^^^^^^^^^^^^^^^^^^^^^^^^^^^^^^
  File "C:\Users\Win10 Pro\AppData\Roaming\Python\Python311\site-packages\telegram\vendor\ptb_urllib3\urllib3\util\retry.py", line 376, in increment
    raise MaxRetryError(_pool, url, error or ResponseError(cause))
telegram.vendor.ptb_urllib3.urllib3.exceptions.MaxRetryError: HTTPSConnectionPool(host='api.telegram.org', port=443): Max retries exceeded with url: /bot8383643986:AAFVI4MDb2zjy7DT9lsI3x6rn2UOyd-biPQ/getUpdates (Caused by NewConnectionError('<telegram.vendor.ptb_urllib3.urllib3.connection.VerifiedHTTPSConnection object at 0x0000014C338B59D0>: Failed to establish a new connection: [WinError 10051] A socket operation was attempted to an unreachable network'))

The above exception was the direct cause of the following exception:

Traceback (most recent call last):
  File "C:\smyards_bot\bot_final_fixed.py", line 3221, in error_handler
    raise context.error
  File "C:\Users\Win10 Pro\AppData\Roaming\Python\Python311\site-packages\telegram\ext\updater.py", line 651, in _network_loop_retry
    if not action_cb():
           ^^^^^^^^^^^
  File "C:\Users\Win10 Pro\AppData\Roaming\Python\Python311\site-packages\telegram\ext\updater.py", line 602, in polling_action_cb
    updates = self.bot.get_updates(
              ^^^^^^^^^^^^^^^^^^^^^
  File "C:\Users\Win10 Pro\AppData\Roaming\Python\Python311\site-packages\telegram\ext\extbot.py", line 228, in get_updates
    updates = super().get_updates(
              ^^^^^^^^^^^^^^^^^^^^
  File "C:\Users\Win10 Pro\AppData\Roaming\Python\Python311\site-packages\telegram\bot.py", line 134, in decorator
    result = func(*args, **kwargs)
             ^^^^^^^^^^^^^^^^^^^^^
  File "C:\Users\Win10 Pro\AppData\Roaming\Python\Python311\site-packages\telegram\bot.py", line 3140, in get_updates
    self._post(
  File "C:\Users\Win10 Pro\AppData\Roaming\Python\Python311\site-packages\telegram\bot.py", line 299, in _post
    return self.request.post(
           ^^^^^^^^^^^^^^^^^^
  File "C:\Users\Win10 Pro\AppData\Roaming\Python\Python311\site-packages\telegram\utils\request.py", line 361, in post
    result = self._request_wrapper(
             ^^^^^^^^^^^^^^^^^^^^^^
  File "C:\Users\Win10 Pro\AppData\Roaming\Python\Python311\site-packages\telegram\utils\request.py", line 265, in _request_wrapper
    raise NetworkError(f'urllib3 HTTPError {error}') from error
telegram.error.NetworkError: urllib3 HTTPError HTTPSConnectionPool(host='api.telegram.org', port=443): Max retries exceeded with url: /bot8383643986:AAFVI4MDb2zjy7DT9lsI3x6rn2UOyd-biPQ/getUpdates (Caused by NewConnectionError('<telegram.vendor.ptb_urllib3.urllib3.connection.VerifiedHTTPSConnection object at 0x0000014C338B59D0>: Failed to establish a new connection: [WinError 10051] A socket operation was attempted to an unreachable network'))

2025-12-30 20:59:40,775 - __main__ - ERROR - Update "None" caused error "urllib3 HTTPError HTTPSConnectionPool(host='api.telegram.org', port=443): Max retries exceeded with url: /bot8383643986:AAFVI4MDb2zjy7DT9lsI3x6rn2UOyd-biPQ/getUpdates (Caused by NewConnectionError('<telegram.vendor.ptb_urllib3.urllib3.connection.VerifiedHTTPSConnection object at 0x0000014C338B7610>: Failed to establish a new connection: [WinError 10051] A socket operation was attempted to an unreachable network'))"
2025-12-30 20:59:40,786 - __main__ - ERROR - Full error: Traceback (most recent call last):
  File "C:\Users\Win10 Pro\AppData\Roaming\Python\Python311\site-packages\telegram\vendor\ptb_urllib3\urllib3\connection.py", line 140, in _new_conn
    conn = connection.create_connection(
           ^^^^^^^^^^^^^^^^^^^^^^^^^^^^^
  File "C:\Users\Win10 Pro\AppData\Roaming\Python\Python311\site-packages\telegram\vendor\ptb_urllib3\urllib3\util\connection.py", line 83, in create_connection
    raise err
  File "C:\Users\Win10 Pro\AppData\Roaming\Python\Python311\site-packages\telegram\vendor\ptb_urllib3\urllib3\util\connection.py", line 73, in create_connection
    sock.connect(sa)
OSError: [WinError 10051] A socket operation was attempted to an unreachable network

During handling of the above exception, another exception occurred:

Traceback (most recent call last):
  File "C:\Users\Win10 Pro\AppData\Roaming\Python\Python311\site-packages\telegram\vendor\ptb_urllib3\urllib3\connectionpool.py", line 614, in urlopen
    httplib_response = self._make_request(conn, method, url,
                       ^^^^^^^^^^^^^^^^^^^^^^^^^^^^^^^^^^^^^
  File "C:\Users\Win10 Pro\AppData\Roaming\Python\Python311\site-packages\telegram\vendor\ptb_urllib3\urllib3\connectionpool.py", line 360, in _make_request
    self._validate_conn(conn)
  File "C:\Users\Win10 Pro\AppData\Roaming\Python\Python311\site-packages\telegram\vendor\ptb_urllib3\urllib3\connectionpool.py", line 857, in _validate_conn
    super(HTTPSConnectionPool, self)._validate_conn(conn)
  File "C:\Users\Win10 Pro\AppData\Roaming\Python\Python311\site-packages\telegram\vendor\ptb_urllib3\urllib3\connectionpool.py", line 289, in _validate_conn
    conn.connect()
  File "C:\Users\Win10 Pro\AppData\Roaming\Python\Python311\site-packages\telegram\vendor\ptb_urllib3\urllib3\connection.py", line 284, in connect
    conn = self._new_conn()
           ^^^^^^^^^^^^^^^^
  File "C:\Users\Win10 Pro\AppData\Roaming\Python\Python311\site-packages\telegram\vendor\ptb_urllib3\urllib3\connection.py", line 149, in _new_conn
    raise NewConnectionError(
telegram.vendor.ptb_urllib3.urllib3.exceptions.NewConnectionError: <telegram.vendor.ptb_urllib3.urllib3.connection.VerifiedHTTPSConnection object at 0x0000014C338B7610>: Failed to establish a new connection: [WinError 10051] A socket operation was attempted to an unreachable network

During handling of the above exception, another exception occurred:

Traceback (most recent call last):
  File "C:\Users\Win10 Pro\AppData\Roaming\Python\Python311\site-packages\telegram\utils\request.py", line 259, in _request_wrapper
    resp = self._con_pool.request(*args, **kwargs)
           ^^^^^^^^^^^^^^^^^^^^^^^^^^^^^^^^^^^^^^^
  File "C:\Users\Win10 Pro\AppData\Roaming\Python\Python311\site-packages\telegram\vendor\ptb_urllib3\urllib3\request.py", line 68, in request
    return self.request_encode_body(method, url, fields=fields,
           ^^^^^^^^^^^^^^^^^^^^^^^^^^^^^^^^^^^^^^^^^^^^^^^^^^^^
  File "C:\Users\Win10 Pro\AppData\Roaming\Python\Python311\site-packages\telegram\vendor\ptb_urllib3\urllib3\request.py", line 148, in request_encode_body
    return self.urlopen(method, url, **extra_kw)
           ^^^^^^^^^^^^^^^^^^^^^^^^^^^^^^^^^^^^^
  File "C:\Users\Win10 Pro\AppData\Roaming\Python\Python311\site-packages\telegram\vendor\ptb_urllib3\urllib3\poolmanager.py", line 244, in urlopen
    response = conn.urlopen(method, u.request_uri, **kw)
               ^^^^^^^^^^^^^^^^^^^^^^^^^^^^^^^^^^^^^^^^^
  File "C:\Users\Win10 Pro\AppData\Roaming\Python\Python311\site-packages\telegram\vendor\ptb_urllib3\urllib3\connectionpool.py", line 691, in urlopen
    return self.urlopen(method, url, body, headers, retries,
           ^^^^^^^^^^^^^^^^^^^^^^^^^^^^^^^^^^^^^^^^^^^^^^^^^
  File "C:\Users\Win10 Pro\AppData\Roaming\Python\Python311\site-packages\telegram\vendor\ptb_urllib3\urllib3\connectionpool.py", line 691, in urlopen
    return self.urlopen(method, url, body, headers, retries,
           ^^^^^^^^^^^^^^^^^^^^^^^^^^^^^^^^^^^^^^^^^^^^^^^^^
  File "C:\Users\Win10 Pro\AppData\Roaming\Python\Python311\site-packages\telegram\vendor\ptb_urllib3\urllib3\connectionpool.py", line 691, in urlopen
    return self.urlopen(method, url, body, headers, retries,
           ^^^^^^^^^^^^^^^^^^^^^^^^^^^^^^^^^^^^^^^^^^^^^^^^^
  File "C:\Users\Win10 Pro\AppData\Roaming\Python\Python311\site-packages\telegram\vendor\ptb_urllib3\urllib3\connectionpool.py", line 665, in urlopen
    retries = retries.increment(method, url, error=e, _pool=self,
              ^^^^^^^^^^^^^^^^^^^^^^^^^^^^^^^^^^^^^^^^^^^^^^^^^^^
  File "C:\Users\Win10 Pro\AppData\Roaming\Python\Python311\site-packages\telegram\vendor\ptb_urllib3\urllib3\util\retry.py", line 376, in increment
    raise MaxRetryError(_pool, url, error or ResponseError(cause))
telegram.vendor.ptb_urllib3.urllib3.exceptions.MaxRetryError: HTTPSConnectionPool(host='api.telegram.org', port=443): Max retries exceeded with url: /bot8383643986:AAFVI4MDb2zjy7DT9lsI3x6rn2UOyd-biPQ/getUpdates (Caused by NewConnectionError('<telegram.vendor.ptb_urllib3.urllib3.connection.VerifiedHTTPSConnection object at 0x0000014C338B7610>: Failed to establish a new connection: [WinError 10051] A socket operation was attempted to an unreachable network'))

The above exception was the direct cause of the following exception:

Traceback (most recent call last):
  File "C:\smyards_bot\bot_final_fixed.py", line 3221, in error_handler
    raise context.error
  File "C:\Users\Win10 Pro\AppData\Roaming\Python\Python311\site-packages\telegram\ext\updater.py", line 651, in _network_loop_retry
    if not action_cb():
           ^^^^^^^^^^^
  File "C:\Users\Win10 Pro\AppData\Roaming\Python\Python311\site-packages\telegram\ext\updater.py", line 602, in polling_action_cb
    updates = self.bot.get_updates(
              ^^^^^^^^^^^^^^^^^^^^^
  File "C:\Users\Win10 Pro\AppData\Roaming\Python\Python311\site-packages\telegram\ext\extbot.py", line 228, in get_updates
    updates = super().get_updates(
              ^^^^^^^^^^^^^^^^^^^^
  File "C:\Users\Win10 Pro\AppData\Roaming\Python\Python311\site-packages\telegram\bot.py", line 134, in decorator
    result = func(*args, **kwargs)
             ^^^^^^^^^^^^^^^^^^^^^
  File "C:\Users\Win10 Pro\AppData\Roaming\Python\Python311\site-packages\telegram\bot.py", line 3140, in get_updates
    self._post(
  File "C:\Users\Win10 Pro\AppData\Roaming\Python\Python311\site-packages\telegram\bot.py", line 299, in _post
    return self.request.post(
           ^^^^^^^^^^^^^^^^^^
  File "C:\Users\Win10 Pro\AppData\Roaming\Python\Python311\site-packages\telegram\utils\request.py", line 361, in post
    result = self._request_wrapper(
             ^^^^^^^^^^^^^^^^^^^^^^
  File "C:\Users\Win10 Pro\AppData\Roaming\Python\Python311\site-packages\telegram\utils\request.py", line 265, in _request_wrapper
    raise NetworkError(f'urllib3 HTTPError {error}') from error
telegram.error.NetworkError: urllib3 HTTPError HTTPSConnectionPool(host='api.telegram.org', port=443): Max retries exceeded with url: /bot8383643986:AAFVI4MDb2zjy7DT9lsI3x6rn2UOyd-biPQ/getUpdates (Caused by NewConnectionError('<telegram.vendor.ptb_urllib3.urllib3.connection.VerifiedHTTPSConnection object at 0x0000014C338B7610>: Failed to establish a new connection: [WinError 10051] A socket operation was attempted to an unreachable network'))

2025-12-30 21:00:26,536 - __main__ - ERROR - Update "None" caused error "urllib3 HTTPError HTTPSConnectionPool(host='api.telegram.org', port=443): Max retries exceeded with url: /bot8383643986:AAFVI4MDb2zjy7DT9lsI3x6rn2UOyd-biPQ/getUpdates (Caused by NewConnectionError('<telegram.vendor.ptb_urllib3.urllib3.connection.VerifiedHTTPSConnection object at 0x0000014C338CD810>: Failed to establish a new connection: [WinError 10051] A socket operation was attempted to an unreachable network'))"
2025-12-30 21:00:26,547 - __main__ - ERROR - Full error: Traceback (most recent call last):
  File "C:\Users\Win10 Pro\AppData\Roaming\Python\Python311\site-packages\telegram\vendor\ptb_urllib3\urllib3\connection.py", line 140, in _new_conn
    conn = connection.create_connection(
           ^^^^^^^^^^^^^^^^^^^^^^^^^^^^^
  File "C:\Users\Win10 Pro\AppData\Roaming\Python\Python311\site-packages\telegram\vendor\ptb_urllib3\urllib3\util\connection.py", line 83, in create_connection
    raise err
  File "C:\Users\Win10 Pro\AppData\Roaming\Python\Python311\site-packages\telegram\vendor\ptb_urllib3\urllib3\util\connection.py", line 73, in create_connection
    sock.connect(sa)
OSError: [WinError 10051] A socket operation was attempted to an unreachable network

During handling of the above exception, another exception occurred:

Traceback (most recent call last):
  File "C:\Users\Win10 Pro\AppData\Roaming\Python\Python311\site-packages\telegram\vendor\ptb_urllib3\urllib3\connectionpool.py", line 614, in urlopen
    httplib_response = self._make_request(conn, method, url,
                       ^^^^^^^^^^^^^^^^^^^^^^^^^^^^^^^^^^^^^
  File "C:\Users\Win10 Pro\AppData\Roaming\Python\Python311\site-packages\telegram\vendor\ptb_urllib3\urllib3\connectionpool.py", line 360, in _make_request
    self._validate_conn(conn)
  File "C:\Users\Win10 Pro\AppData\Roaming\Python\Python311\site-packages\telegram\vendor\ptb_urllib3\urllib3\connectionpool.py", line 857, in _validate_conn
    super(HTTPSConnectionPool, self)._validate_conn(conn)
  File "C:\Users\Win10 Pro\AppData\Roaming\Python\Python311\site-packages\telegram\vendor\ptb_urllib3\urllib3\connectionpool.py", line 289, in _validate_conn
    conn.connect()
  File "C:\Users\Win10 Pro\AppData\Roaming\Python\Python311\site-packages\telegram\vendor\ptb_urllib3\urllib3\connection.py", line 284, in connect
    conn = self._new_conn()
           ^^^^^^^^^^^^^^^^
  File "C:\Users\Win10 Pro\AppData\Roaming\Python\Python311\site-packages\telegram\vendor\ptb_urllib3\urllib3\connection.py", line 149, in _new_conn
    raise NewConnectionError(
telegram.vendor.ptb_urllib3.urllib3.exceptions.NewConnectionError: <telegram.vendor.ptb_urllib3.urllib3.connection.VerifiedHTTPSConnection object at 0x0000014C338CD810>: Failed to establish a new connection: [WinError 10051] A socket operation was attempted to an unreachable network

During handling of the above exception, another exception occurred:

Traceback (most recent call last):
  File "C:\Users\Win10 Pro\AppData\Roaming\Python\Python311\site-packages\telegram\utils\request.py", line 259, in _request_wrapper
    resp = self._con_pool.request(*args, **kwargs)
           ^^^^^^^^^^^^^^^^^^^^^^^^^^^^^^^^^^^^^^^
  File "C:\Users\Win10 Pro\AppData\Roaming\Python\Python311\site-packages\telegram\vendor\ptb_urllib3\urllib3\request.py", line 68, in request
    return self.request_encode_body(method, url, fields=fields,
           ^^^^^^^^^^^^^^^^^^^^^^^^^^^^^^^^^^^^^^^^^^^^^^^^^^^^
  File "C:\Users\Win10 Pro\AppData\Roaming\Python\Python311\site-packages\telegram\vendor\ptb_urllib3\urllib3\request.py", line 148, in request_encode_body
    return self.urlopen(method, url, **extra_kw)
           ^^^^^^^^^^^^^^^^^^^^^^^^^^^^^^^^^^^^^
  File "C:\Users\Win10 Pro\AppData\Roaming\Python\Python311\site-packages\telegram\vendor\ptb_urllib3\urllib3\poolmanager.py", line 244, in urlopen
    response = conn.urlopen(method, u.request_uri, **kw)
               ^^^^^^^^^^^^^^^^^^^^^^^^^^^^^^^^^^^^^^^^^
  File "C:\Users\Win10 Pro\AppData\Roaming\Python\Python311\site-packages\telegram\vendor\ptb_urllib3\urllib3\connectionpool.py", line 691, in urlopen
    return self.urlopen(method, url, body, headers, retries,
           ^^^^^^^^^^^^^^^^^^^^^^^^^^^^^^^^^^^^^^^^^^^^^^^^^
  File "C:\Users\Win10 Pro\AppData\Roaming\Python\Python311\site-packages\telegram\vendor\ptb_urllib3\urllib3\connectionpool.py", line 691, in urlopen
    return self.urlopen(method, url, body, headers, retries,
           ^^^^^^^^^^^^^^^^^^^^^^^^^^^^^^^^^^^^^^^^^^^^^^^^^
  File "C:\Users\Win10 Pro\AppData\Roaming\Python\Python311\site-packages\telegram\vendor\ptb_urllib3\urllib3\connectionpool.py", line 691, in urlopen
    return self.urlopen(method, url, body, headers, retries,
           ^^^^^^^^^^^^^^^^^^^^^^^^^^^^^^^^^^^^^^^^^^^^^^^^^
  File "C:\Users\Win10 Pro\AppData\Roaming\Python\Python311\site-packages\telegram\vendor\ptb_urllib3\urllib3\connectionpool.py", line 665, in urlopen
    retries = retries.increment(method, url, error=e, _pool=self,
              ^^^^^^^^^^^^^^^^^^^^^^^^^^^^^^^^^^^^^^^^^^^^^^^^^^^
  File "C:\Users\Win10 Pro\AppData\Roaming\Python\Python311\site-packages\telegram\vendor\ptb_urllib3\urllib3\util\retry.py", line 376, in increment
    raise MaxRetryError(_pool, url, error or ResponseError(cause))
telegram.vendor.ptb_urllib3.urllib3.exceptions.MaxRetryError: HTTPSConnectionPool(host='api.telegram.org', port=443): Max retries exceeded with url: /bot8383643986:AAFVI4MDb2zjy7DT9lsI3x6rn2UOyd-biPQ/getUpdates (Caused by NewConnectionError('<telegram.vendor.ptb_urllib3.urllib3.connection.VerifiedHTTPSConnection object at 0x0000014C338CD810>: Failed to establish a new connection: [WinError 10051] A socket operation was attempted to an unreachable network'))

The above exception was the direct cause of the following exception:

Traceback (most recent call last):
  File "C:\smyards_bot\bot_final_fixed.py", line 3221, in error_handler
    raise context.error
  File "C:\Users\Win10 Pro\AppData\Roaming\Python\Python311\site-packages\telegram\ext\updater.py", line 651, in _network_loop_retry
    if not action_cb():
           ^^^^^^^^^^^
  File "C:\Users\Win10 Pro\AppData\Roaming\Python\Python311\site-packages\telegram\ext\updater.py", line 602, in polling_action_cb
    updates = self.bot.get_updates(
              ^^^^^^^^^^^^^^^^^^^^^
  File "C:\Users\Win10 Pro\AppData\Roaming\Python\Python311\site-packages\telegram\ext\extbot.py", line 228, in get_updates
    updates = super().get_updates(
              ^^^^^^^^^^^^^^^^^^^^
  File "C:\Users\Win10 Pro\AppData\Roaming\Python\Python311\site-packages\telegram\bot.py", line 134, in decorator
    result = func(*args, **kwargs)
             ^^^^^^^^^^^^^^^^^^^^^
  File "C:\Users\Win10 Pro\AppData\Roaming\Python\Python311\site-packages\telegram\bot.py", line 3140, in get_updates
    self._post(
  File "C:\Users\Win10 Pro\AppData\Roaming\Python\Python311\site-packages\telegram\bot.py", line 299, in _post
    return self.request.post(
           ^^^^^^^^^^^^^^^^^^
  File "C:\Users\Win10 Pro\AppData\Roaming\Python\Python311\site-packages\telegram\utils\request.py", line 361, in post
    result = self._request_wrapper(
             ^^^^^^^^^^^^^^^^^^^^^^
  File "C:\Users\Win10 Pro\AppData\Roaming\Python\Python311\site-packages\telegram\utils\request.py", line 265, in _request_wrapper
    raise NetworkError(f'urllib3 HTTPError {error}') from error
telegram.error.NetworkError: urllib3 HTTPError HTTPSConnectionPool(host='api.telegram.org', port=443): Max retries exceeded with url: /bot8383643986:AAFVI4MDb2zjy7DT9lsI3x6rn2UOyd-biPQ/getUpdates (Caused by NewConnectionError('<telegram.vendor.ptb_urllib3.urllib3.connection.VerifiedHTTPSConnection object at 0x0000014C338CD810>: Failed to establish a new connection: [WinError 10051] A socket operation was attempted to an unreachable network'))

2025-12-30 21:01:25,084 - __main__ - ERROR - Update "None" caused error "urllib3 HTTPError HTTPSConnectionPool(host='api.telegram.org', port=443): Max retries exceeded with url: /bot8383643986:AAFVI4MDb2zjy7DT9lsI3x6rn2UOyd-biPQ/getUpdates (Caused by NewConnectionError('<telegram.vendor.ptb_urllib3.urllib3.connection.VerifiedHTTPSConnection object at 0x0000014C3389EF90>: Failed to establish a new connection: [WinError 10051] A socket operation was attempted to an unreachable network'))"
2025-12-30 21:01:25,095 - __main__ - ERROR - Full error: Traceback (most recent call last):
  File "C:\Users\Win10 Pro\AppData\Roaming\Python\Python311\site-packages\telegram\vendor\ptb_urllib3\urllib3\connection.py", line 140, in _new_conn
    conn = connection.create_connection(
           ^^^^^^^^^^^^^^^^^^^^^^^^^^^^^
  File "C:\Users\Win10 Pro\AppData\Roaming\Python\Python311\site-packages\telegram\vendor\ptb_urllib3\urllib3\util\connection.py", line 83, in create_connection
    raise err
  File "C:\Users\Win10 Pro\AppData\Roaming\Python\Python311\site-packages\telegram\vendor\ptb_urllib3\urllib3\util\connection.py", line 73, in create_connection
    sock.connect(sa)
OSError: [WinError 10051] A socket operation was attempted to an unreachable network

During handling of the above exception, another exception occurred:

Traceback (most recent call last):
  File "C:\Users\Win10 Pro\AppData\Roaming\Python\Python311\site-packages\telegram\vendor\ptb_urllib3\urllib3\connectionpool.py", line 614, in urlopen
    httplib_response = self._make_request(conn, method, url,
                       ^^^^^^^^^^^^^^^^^^^^^^^^^^^^^^^^^^^^^
  File "C:\Users\Win10 Pro\AppData\Roaming\Python\Python311\site-packages\telegram\vendor\ptb_urllib3\urllib3\connectionpool.py", line 360, in _make_request
    self._validate_conn(conn)
  File "C:\Users\Win10 Pro\AppData\Roaming\Python\Python311\site-packages\telegram\vendor\ptb_urllib3\urllib3\connectionpool.py", line 857, in _validate_conn
    super(HTTPSConnectionPool, self)._validate_conn(conn)
  File "C:\Users\Win10 Pro\AppData\Roaming\Python\Python311\site-packages\telegram\vendor\ptb_urllib3\urllib3\connectionpool.py", line 289, in _validate_conn
    conn.connect()
  File "C:\Users\Win10 Pro\AppData\Roaming\Python\Python311\site-packages\telegram\vendor\ptb_urllib3\urllib3\connection.py", line 284, in connect
    conn = self._new_conn()
           ^^^^^^^^^^^^^^^^
  File "C:\Users\Win10 Pro\AppData\Roaming\Python\Python311\site-packages\telegram\vendor\ptb_urllib3\urllib3\connection.py", line 149, in _new_conn
    raise NewConnectionError(
telegram.vendor.ptb_urllib3.urllib3.exceptions.NewConnectionError: <telegram.vendor.ptb_urllib3.urllib3.connection.VerifiedHTTPSConnection object at 0x0000014C3389EF90>: Failed to establish a new connection: [WinError 10051] A socket operation was attempted to an unreachable network

During handling of the above exception, another exception occurred:

Traceback (most recent call last):
  File "C:\Users\Win10 Pro\AppData\Roaming\Python\Python311\site-packages\telegram\utils\request.py", line 259, in _request_wrapper
    resp = self._con_pool.request(*args, **kwargs)
           ^^^^^^^^^^^^^^^^^^^^^^^^^^^^^^^^^^^^^^^
  File "C:\Users\Win10 Pro\AppData\Roaming\Python\Python311\site-packages\telegram\vendor\ptb_urllib3\urllib3\request.py", line 68, in request
    return self.request_encode_body(method, url, fields=fields,
           ^^^^^^^^^^^^^^^^^^^^^^^^^^^^^^^^^^^^^^^^^^^^^^^^^^^^
  File "C:\Users\Win10 Pro\AppData\Roaming\Python\Python311\site-packages\telegram\vendor\ptb_urllib3\urllib3\request.py", line 148, in request_encode_body
    return self.urlopen(method, url, **extra_kw)
           ^^^^^^^^^^^^^^^^^^^^^^^^^^^^^^^^^^^^^
  File "C:\Users\Win10 Pro\AppData\Roaming\Python\Python311\site-packages\telegram\vendor\ptb_urllib3\urllib3\poolmanager.py", line 244, in urlopen
    response = conn.urlopen(method, u.request_uri, **kw)
               ^^^^^^^^^^^^^^^^^^^^^^^^^^^^^^^^^^^^^^^^^
  File "C:\Users\Win10 Pro\AppData\Roaming\Python\Python311\site-packages\telegram\vendor\ptb_urllib3\urllib3\connectionpool.py", line 691, in urlopen
    return self.urlopen(method, url, body, headers, retries,
           ^^^^^^^^^^^^^^^^^^^^^^^^^^^^^^^^^^^^^^^^^^^^^^^^^
  File "C:\Users\Win10 Pro\AppData\Roaming\Python\Python311\site-packages\telegram\vendor\ptb_urllib3\urllib3\connectionpool.py", line 691, in urlopen
    return self.urlopen(method, url, body, headers, retries,
           ^^^^^^^^^^^^^^^^^^^^^^^^^^^^^^^^^^^^^^^^^^^^^^^^^
  File "C:\Users\Win10 Pro\AppData\Roaming\Python\Python311\site-packages\telegram\vendor\ptb_urllib3\urllib3\connectionpool.py", line 691, in urlopen
    return self.urlopen(method, url, body, headers, retries,
           ^^^^^^^^^^^^^^^^^^^^^^^^^^^^^^^^^^^^^^^^^^^^^^^^^
  File "C:\Users\Win10 Pro\AppData\Roaming\Python\Python311\site-packages\telegram\vendor\ptb_urllib3\urllib3\connectionpool.py", line 665, in urlopen
    retries = retries.increment(method, url, error=e, _pool=self,
              ^^^^^^^^^^^^^^^^^^^^^^^^^^^^^^^^^^^^^^^^^^^^^^^^^^^
  File "C:\Users\Win10 Pro\AppData\Roaming\Python\Python311\site-packages\telegram\vendor\ptb_urllib3\urllib3\util\retry.py", line 376, in increment
    raise MaxRetryError(_pool, url, error or ResponseError(cause))
telegram.vendor.ptb_urllib3.urllib3.exceptions.MaxRetryError: HTTPSConnectionPool(host='api.telegram.org', port=443): Max retries exceeded with url: /bot8383643986:AAFVI4MDb2zjy7DT9lsI3x6rn2UOyd-biPQ/getUpdates (Caused by NewConnectionError('<telegram.vendor.ptb_urllib3.urllib3.connection.VerifiedHTTPSConnection object at 0x0000014C3389EF90>: Failed to establish a new connection: [WinError 10051] A socket operation was attempted to an unreachable network'))

The above exception was the direct cause of the following exception:

Traceback (most recent call last):
  File "C:\smyards_bot\bot_final_fixed.py", line 3221, in error_handler
    raise context.error
  File "C:\Users\Win10 Pro\AppData\Roaming\Python\Python311\site-packages\telegram\ext\updater.py", line 651, in _network_loop_retry
    if not action_cb():
           ^^^^^^^^^^^
  File "C:\Users\Win10 Pro\AppData\Roaming\Python\Python311\site-packages\telegram\ext\updater.py", line 602, in polling_action_cb
    updates = self.bot.get_updates(
              ^^^^^^^^^^^^^^^^^^^^^
  File "C:\Users\Win10 Pro\AppData\Roaming\Python\Python311\site-packages\telegram\ext\extbot.py", line 228, in get_updates
    updates = super().get_updates(
              ^^^^^^^^^^^^^^^^^^^^
  File "C:\Users\Win10 Pro\AppData\Roaming\Python\Python311\site-packages\telegram\bot.py", line 134, in decorator
    result = func(*args, **kwargs)
             ^^^^^^^^^^^^^^^^^^^^^
  File "C:\Users\Win10 Pro\AppData\Roaming\Python\Python311\site-packages\telegram\bot.py", line 3140, in get_updates
    self._post(
  File "C:\Users\Win10 Pro\AppData\Roaming\Python\Python311\site-packages\telegram\bot.py", line 299, in _post
    return self.request.post(
           ^^^^^^^^^^^^^^^^^^
  File "C:\Users\Win10 Pro\AppData\Roaming\Python\Python311\site-packages\telegram\utils\request.py", line 361, in post
    result = self._request_wrapper(
             ^^^^^^^^^^^^^^^^^^^^^^
  File "C:\Users\Win10 Pro\AppData\Roaming\Python\Python311\site-packages\telegram\utils\request.py", line 265, in _request_wrapper
    raise NetworkError(f'urllib3 HTTPError {error}') from error
telegram.error.NetworkError: urllib3 HTTPError HTTPSConnectionPool(host='api.telegram.org', port=443): Max retries exceeded with url: /bot8383643986:AAFVI4MDb2zjy7DT9lsI3x6rn2UOyd-biPQ/getUpdates (Caused by NewConnectionError('<telegram.vendor.ptb_urllib3.urllib3.connection.VerifiedHTTPSConnection object at 0x0000014C3389EF90>: Failed to establish a new connection: [WinError 10051] A socket operation was attempted to an unreachable network'))

2025-12-30 21:02:15,247 - __main__ - ERROR - Update "None" caused error "urllib3 HTTPError HTTPSConnectionPool(host='api.telegram.org', port=443): Max retries exceeded with url: /bot8383643986:AAFVI4MDb2zjy7DT9lsI3x6rn2UOyd-biPQ/getUpdates (Caused by NewConnectionError('<telegram.vendor.ptb_urllib3.urllib3.connection.VerifiedHTTPSConnection object at 0x0000014C32257090>: Failed to establish a new connection: [WinError 10051] A socket operation was attempted to an unreachable network'))"
2025-12-30 21:02:15,260 - __main__ - ERROR - Full error: Traceback (most recent call last):
  File "C:\Users\Win10 Pro\AppData\Roaming\Python\Python311\site-packages\telegram\vendor\ptb_urllib3\urllib3\connection.py", line 140, in _new_conn
    conn = connection.create_connection(
           ^^^^^^^^^^^^^^^^^^^^^^^^^^^^^
  File "C:\Users\Win10 Pro\AppData\Roaming\Python\Python311\site-packages\telegram\vendor\ptb_urllib3\urllib3\util\connection.py", line 83, in create_connection
    raise err
  File "C:\Users\Win10 Pro\AppData\Roaming\Python\Python311\site-packages\telegram\vendor\ptb_urllib3\urllib3\util\connection.py", line 73, in create_connection
    sock.connect(sa)
OSError: [WinError 10051] A socket operation was attempted to an unreachable network

During handling of the above exception, another exception occurred:

Traceback (most recent call last):
  File "C:\Users\Win10 Pro\AppData\Roaming\Python\Python311\site-packages\telegram\vendor\ptb_urllib3\urllib3\connectionpool.py", line 614, in urlopen
    httplib_response = self._make_request(conn, method, url,
                       ^^^^^^^^^^^^^^^^^^^^^^^^^^^^^^^^^^^^^
  File "C:\Users\Win10 Pro\AppData\Roaming\Python\Python311\site-packages\telegram\vendor\ptb_urllib3\urllib3\connectionpool.py", line 360, in _make_request
    self._validate_conn(conn)
  File "C:\Users\Win10 Pro\AppData\Roaming\Python\Python311\site-packages\telegram\vendor\ptb_urllib3\urllib3\connectionpool.py", line 857, in _validate_conn
    super(HTTPSConnectionPool, self)._validate_conn(conn)
  File "C:\Users\Win10 Pro\AppData\Roaming\Python\Python311\site-packages\telegram\vendor\ptb_urllib3\urllib3\connectionpool.py", line 289, in _validate_conn
    conn.connect()
  File "C:\Users\Win10 Pro\AppData\Roaming\Python\Python311\site-packages\telegram\vendor\ptb_urllib3\urllib3\connection.py", line 284, in connect
    conn = self._new_conn()
           ^^^^^^^^^^^^^^^^
  File "C:\Users\Win10 Pro\AppData\Roaming\Python\Python311\site-packages\telegram\vendor\ptb_urllib3\urllib3\connection.py", line 149, in _new_conn
    raise NewConnectionError(
telegram.vendor.ptb_urllib3.urllib3.exceptions.NewConnectionError: <telegram.vendor.ptb_urllib3.urllib3.connection.VerifiedHTTPSConnection object at 0x0000014C32257090>: Failed to establish a new connection: [WinError 10051] A socket operation was attempted to an unreachable network

During handling of the above exception, another exception occurred:

Traceback (most recent call last):
  File "C:\Users\Win10 Pro\AppData\Roaming\Python\Python311\site-packages\telegram\utils\request.py", line 259, in _request_wrapper
    resp = self._con_pool.request(*args, **kwargs)
           ^^^^^^^^^^^^^^^^^^^^^^^^^^^^^^^^^^^^^^^
  File "C:\Users\Win10 Pro\AppData\Roaming\Python\Python311\site-packages\telegram\vendor\ptb_urllib3\urllib3\request.py", line 68, in request
    return self.request_encode_body(method, url, fields=fields,
           ^^^^^^^^^^^^^^^^^^^^^^^^^^^^^^^^^^^^^^^^^^^^^^^^^^^^
  File "C:\Users\Win10 Pro\AppData\Roaming\Python\Python311\site-packages\telegram\vendor\ptb_urllib3\urllib3\request.py", line 148, in request_encode_body
    return self.urlopen(method, url, **extra_kw)
           ^^^^^^^^^^^^^^^^^^^^^^^^^^^^^^^^^^^^^
  File "C:\Users\Win10 Pro\AppData\Roaming\Python\Python311\site-packages\telegram\vendor\ptb_urllib3\urllib3\poolmanager.py", line 244, in urlopen
    response = conn.urlopen(method, u.request_uri, **kw)
               ^^^^^^^^^^^^^^^^^^^^^^^^^^^^^^^^^^^^^^^^^
  File "C:\Users\Win10 Pro\AppData\Roaming\Python\Python311\site-packages\telegram\vendor\ptb_urllib3\urllib3\connectionpool.py", line 691, in urlopen
    return self.urlopen(method, url, body, headers, retries,
           ^^^^^^^^^^^^^^^^^^^^^^^^^^^^^^^^^^^^^^^^^^^^^^^^^
  File "C:\Users\Win10 Pro\AppData\Roaming\Python\Python311\site-packages\telegram\vendor\ptb_urllib3\urllib3\connectionpool.py", line 691, in urlopen
    return self.urlopen(method, url, body, headers, retries,
           ^^^^^^^^^^^^^^^^^^^^^^^^^^^^^^^^^^^^^^^^^^^^^^^^^
  File "C:\Users\Win10 Pro\AppData\Roaming\Python\Python311\site-packages\telegram\vendor\ptb_urllib3\urllib3\connectionpool.py", line 691, in urlopen
    return self.urlopen(method, url, body, headers, retries,
           ^^^^^^^^^^^^^^^^^^^^^^^^^^^^^^^^^^^^^^^^^^^^^^^^^
  File "C:\Users\Win10 Pro\AppData\Roaming\Python\Python311\site-packages\telegram\vendor\ptb_urllib3\urllib3\connectionpool.py", line 665, in urlopen
    retries = retries.increment(method, url, error=e, _pool=self,
              ^^^^^^^^^^^^^^^^^^^^^^^^^^^^^^^^^^^^^^^^^^^^^^^^^^^
  File "C:\Users\Win10 Pro\AppData\Roaming\Python\Python311\site-packages\telegram\vendor\ptb_urllib3\urllib3\util\retry.py", line 376, in increment
    raise MaxRetryError(_pool, url, error or ResponseError(cause))
telegram.vendor.ptb_urllib3.urllib3.exceptions.MaxRetryError: HTTPSConnectionPool(host='api.telegram.org', port=443): Max retries exceeded with url: /bot8383643986:AAFVI4MDb2zjy7DT9lsI3x6rn2UOyd-biPQ/getUpdates (Caused by NewConnectionError('<telegram.vendor.ptb_urllib3.urllib3.connection.VerifiedHTTPSConnection object at 0x0000014C32257090>: Failed to establish a new connection: [WinError 10051] A socket operation was attempted to an unreachable network'))

The above exception was the direct cause of the following exception:

Traceback (most recent call last):
  File "C:\smyards_bot\bot_final_fixed.py", line 3221, in error_handler
    raise context.error
  File "C:\Users\Win10 Pro\AppData\Roaming\Python\Python311\site-packages\telegram\ext\updater.py", line 651, in _network_loop_retry
    if not action_cb():
           ^^^^^^^^^^^
  File "C:\Users\Win10 Pro\AppData\Roaming\Python\Python311\site-packages\telegram\ext\updater.py", line 602, in polling_action_cb
    updates = self.bot.get_updates(
              ^^^^^^^^^^^^^^^^^^^^^
  File "C:\Users\Win10 Pro\AppData\Roaming\Python\Python311\site-packages\telegram\ext\extbot.py", line 228, in get_updates
    updates = super().get_updates(
              ^^^^^^^^^^^^^^^^^^^^
  File "C:\Users\Win10 Pro\AppData\Roaming\Python\Python311\site-packages\telegram\bot.py", line 134, in decorator
    result = func(*args, **kwargs)
             ^^^^^^^^^^^^^^^^^^^^^
  File "C:\Users\Win10 Pro\AppData\Roaming\Python\Python311\site-packages\telegram\bot.py", line 3140, in get_updates
    self._post(
  File "C:\Users\Win10 Pro\AppData\Roaming\Python\Python311\site-packages\telegram\bot.py", line 299, in _post
    return self.request.post(
           ^^^^^^^^^^^^^^^^^^
  File "C:\Users\Win10 Pro\AppData\Roaming\Python\Python311\site-packages\telegram\utils\request.py", line 361, in post
    result = self._request_wrapper(
             ^^^^^^^^^^^^^^^^^^^^^^
  File "C:\Users\Win10 Pro\AppData\Roaming\Python\Python311\site-packages\telegram\utils\request.py", line 265, in _request_wrapper
    raise NetworkError(f'urllib3 HTTPError {error}') from error
telegram.error.NetworkError: urllib3 HTTPError HTTPSConnectionPool(host='api.telegram.org', port=443): Max retries exceeded with url: /bot8383643986:AAFVI4MDb2zjy7DT9lsI3x6rn2UOyd-biPQ/getUpdates (Caused by NewConnectionError('<telegram.vendor.ptb_urllib3.urllib3.connection.VerifiedHTTPSConnection object at 0x0000014C32257090>: Failed to establish a new connection: [WinError 10051] A socket operation was attempted to an unreachable network'))

2025-12-30 21:03:05,434 - __main__ - ERROR - Update "None" caused error "urllib3 HTTPError HTTPSConnectionPool(host='api.telegram.org', port=443): Max retries exceeded with url: /bot8383643986:AAFVI4MDb2zjy7DT9lsI3x6rn2UOyd-biPQ/getUpdates (Caused by NewConnectionError('<telegram.vendor.ptb_urllib3.urllib3.connection.VerifiedHTTPSConnection object at 0x0000014C338CF450>: Failed to establish a new connection: [WinError 10051] A socket operation was attempted to an unreachable network'))"
2025-12-30 21:03:05,445 - __main__ - ERROR - Full error: Traceback (most recent call last):
  File "C:\Users\Win10 Pro\AppData\Roaming\Python\Python311\site-packages\telegram\vendor\ptb_urllib3\urllib3\connection.py", line 140, in _new_conn
    conn = connection.create_connection(
           ^^^^^^^^^^^^^^^^^^^^^^^^^^^^^
  File "C:\Users\Win10 Pro\AppData\Roaming\Python\Python311\site-packages\telegram\vendor\ptb_urllib3\urllib3\util\connection.py", line 83, in create_connection
    raise err
  File "C:\Users\Win10 Pro\AppData\Roaming\Python\Python311\site-packages\telegram\vendor\ptb_urllib3\urllib3\util\connection.py", line 73, in create_connection
    sock.connect(sa)
OSError: [WinError 10051] A socket operation was attempted to an unreachable network

During handling of the above exception, another exception occurred:

Traceback (most recent call last):
  File "C:\Users\Win10 Pro\AppData\Roaming\Python\Python311\site-packages\telegram\vendor\ptb_urllib3\urllib3\connectionpool.py", line 614, in urlopen
    httplib_response = self._make_request(conn, method, url,
                       ^^^^^^^^^^^^^^^^^^^^^^^^^^^^^^^^^^^^^
  File "C:\Users\Win10 Pro\AppData\Roaming\Python\Python311\site-packages\telegram\vendor\ptb_urllib3\urllib3\connectionpool.py", line 360, in _make_request
    self._validate_conn(conn)
  File "C:\Users\Win10 Pro\AppData\Roaming\Python\Python311\site-packages\telegram\vendor\ptb_urllib3\urllib3\connectionpool.py", line 857, in _validate_conn
    super(HTTPSConnectionPool, self)._validate_conn(conn)
  File "C:\Users\Win10 Pro\AppData\Roaming\Python\Python311\site-packages\telegram\vendor\ptb_urllib3\urllib3\connectionpool.py", line 289, in _validate_conn
    conn.connect()
  File "C:\Users\Win10 Pro\AppData\Roaming\Python\Python311\site-packages\telegram\vendor\ptb_urllib3\urllib3\connection.py", line 284, in connect
    conn = self._new_conn()
           ^^^^^^^^^^^^^^^^
  File "C:\Users\Win10 Pro\AppData\Roaming\Python\Python311\site-packages\telegram\vendor\ptb_urllib3\urllib3\connection.py", line 149, in _new_conn
    raise NewConnectionError(
telegram.vendor.ptb_urllib3.urllib3.exceptions.NewConnectionError: <telegram.vendor.ptb_urllib3.urllib3.connection.VerifiedHTTPSConnection object at 0x0000014C338CF450>: Failed to establish a new connection: [WinError 10051] A socket operation was attempted to an unreachable network

During handling of the above exception, another exception occurred:

Traceback (most recent call last):
  File "C:\Users\Win10 Pro\AppData\Roaming\Python\Python311\site-packages\telegram\utils\request.py", line 259, in _request_wrapper
    resp = self._con_pool.request(*args, **kwargs)
           ^^^^^^^^^^^^^^^^^^^^^^^^^^^^^^^^^^^^^^^
  File "C:\Users\Win10 Pro\AppData\Roaming\Python\Python311\site-packages\telegram\vendor\ptb_urllib3\urllib3\request.py", line 68, in request
    return self.request_encode_body(method, url, fields=fields,
           ^^^^^^^^^^^^^^^^^^^^^^^^^^^^^^^^^^^^^^^^^^^^^^^^^^^^
  File "C:\Users\Win10 Pro\AppData\Roaming\Python\Python311\site-packages\telegram\vendor\ptb_urllib3\urllib3\request.py", line 148, in request_encode_body
    return self.urlopen(method, url, **extra_kw)
           ^^^^^^^^^^^^^^^^^^^^^^^^^^^^^^^^^^^^^
  File "C:\Users\Win10 Pro\AppData\Roaming\Python\Python311\site-packages\telegram\vendor\ptb_urllib3\urllib3\poolmanager.py", line 244, in urlopen
    response = conn.urlopen(method, u.request_uri, **kw)
               ^^^^^^^^^^^^^^^^^^^^^^^^^^^^^^^^^^^^^^^^^
  File "C:\Users\Win10 Pro\AppData\Roaming\Python\Python311\site-packages\telegram\vendor\ptb_urllib3\urllib3\connectionpool.py", line 691, in urlopen
    return self.urlopen(method, url, body, headers, retries,
           ^^^^^^^^^^^^^^^^^^^^^^^^^^^^^^^^^^^^^^^^^^^^^^^^^
  File "C:\Users\Win10 Pro\AppData\Roaming\Python\Python311\site-packages\telegram\vendor\ptb_urllib3\urllib3\connectionpool.py", line 691, in urlopen
    return self.urlopen(method, url, body, headers, retries,
           ^^^^^^^^^^^^^^^^^^^^^^^^^^^^^^^^^^^^^^^^^^^^^^^^^
  File "C:\Users\Win10 Pro\AppData\Roaming\Python\Python311\site-packages\telegram\vendor\ptb_urllib3\urllib3\connectionpool.py", line 691, in urlopen
    return self.urlopen(method, url, body, headers, retries,
           ^^^^^^^^^^^^^^^^^^^^^^^^^^^^^^^^^^^^^^^^^^^^^^^^^
  File "C:\Users\Win10 Pro\AppData\Roaming\Python\Python311\site-packages\telegram\vendor\ptb_urllib3\urllib3\connectionpool.py", line 665, in urlopen
    retries = retries.increment(method, url, error=e, _pool=self,
              ^^^^^^^^^^^^^^^^^^^^^^^^^^^^^^^^^^^^^^^^^^^^^^^^^^^
  File "C:\Users\Win10 Pro\AppData\Roaming\Python\Python311\site-packages\telegram\vendor\ptb_urllib3\urllib3\util\retry.py", line 376, in increment
    raise MaxRetryError(_pool, url, error or ResponseError(cause))
telegram.vendor.ptb_urllib3.urllib3.exceptions.MaxRetryError: HTTPSConnectionPool(host='api.telegram.org', port=443): Max retries exceeded with url: /bot8383643986:AAFVI4MDb2zjy7DT9lsI3x6rn2UOyd-biPQ/getUpdates (Caused by NewConnectionError('<telegram.vendor.ptb_urllib3.urllib3.connection.VerifiedHTTPSConnection object at 0x0000014C338CF450>: Failed to establish a new connection: [WinError 10051] A socket operation was attempted to an unreachable network'))

The above exception was the direct cause of the following exception:

Traceback (most recent call last):
  File "C:\smyards_bot\bot_final_fixed.py", line 3221, in error_handler
    raise context.error
  File "C:\Users\Win10 Pro\AppData\Roaming\Python\Python311\site-packages\telegram\ext\updater.py", line 651, in _network_loop_retry
    if not action_cb():
           ^^^^^^^^^^^
  File "C:\Users\Win10 Pro\AppData\Roaming\Python\Python311\site-packages\telegram\ext\updater.py", line 602, in polling_action_cb
    updates = self.bot.get_updates(
              ^^^^^^^^^^^^^^^^^^^^^
  File "C:\Users\Win10 Pro\AppData\Roaming\Python\Python311\site-packages\telegram\ext\extbot.py", line 228, in get_updates
    updates = super().get_updates(
              ^^^^^^^^^^^^^^^^^^^^
  File "C:\Users\Win10 Pro\AppData\Roaming\Python\Python311\site-packages\telegram\bot.py", line 134, in decorator
    result = func(*args, **kwargs)
             ^^^^^^^^^^^^^^^^^^^^^
  File "C:\Users\Win10 Pro\AppData\Roaming\Python\Python311\site-packages\telegram\bot.py", line 3140, in get_updates
    self._post(
  File "C:\Users\Win10 Pro\AppData\Roaming\Python\Python311\site-packages\telegram\bot.py", line 299, in _post
    return self.request.post(
           ^^^^^^^^^^^^^^^^^^
  File "C:\Users\Win10 Pro\AppData\Roaming\Python\Python311\site-packages\telegram\utils\request.py", line 361, in post
    result = self._request_wrapper(
             ^^^^^^^^^^^^^^^^^^^^^^
  File "C:\Users\Win10 Pro\AppData\Roaming\Python\Python311\site-packages\telegram\utils\request.py", line 265, in _request_wrapper
    raise NetworkError(f'urllib3 HTTPError {error}') from error
telegram.error.NetworkError: urllib3 HTTPError HTTPSConnectionPool(host='api.telegram.org', port=443): Max retries exceeded with url: /bot8383643986:AAFVI4MDb2zjy7DT9lsI3x6rn2UOyd-biPQ/getUpdates (Caused by NewConnectionError('<telegram.vendor.ptb_urllib3.urllib3.connection.VerifiedHTTPSConnection object at 0x0000014C338CF450>: Failed to establish a new connection: [WinError 10051] A socket operation was attempted to an unreachable network'))

2025-12-30 21:03:55,539 - __main__ - ERROR - Update "None" caused error "urllib3 HTTPError HTTPSConnectionPool(host='api.telegram.org', port=443): Max retries exceeded with url: /bot8383643986:AAFVI4MDb2zjy7DT9lsI3x6rn2UOyd-biPQ/getUpdates (Caused by NewConnectionError('<telegram.vendor.ptb_urllib3.urllib3.connection.VerifiedHTTPSConnection object at 0x0000014C338DD490>: Failed to establish a new connection: [WinError 10051] A socket operation was attempted to an unreachable network'))"
2025-12-30 21:03:55,551 - __main__ - ERROR - Full error: Traceback (most recent call last):
  File "C:\Users\Win10 Pro\AppData\Roaming\Python\Python311\site-packages\telegram\vendor\ptb_urllib3\urllib3\connection.py", line 140, in _new_conn
    conn = connection.create_connection(
           ^^^^^^^^^^^^^^^^^^^^^^^^^^^^^
  File "C:\Users\Win10 Pro\AppData\Roaming\Python\Python311\site-packages\telegram\vendor\ptb_urllib3\urllib3\util\connection.py", line 83, in create_connection
    raise err
  File "C:\Users\Win10 Pro\AppData\Roaming\Python\Python311\site-packages\telegram\vendor\ptb_urllib3\urllib3\util\connection.py", line 73, in create_connection
    sock.connect(sa)
OSError: [WinError 10051] A socket operation was attempted to an unreachable network

During handling of the above exception, another exception occurred:

Traceback (most recent call last):
  File "C:\Users\Win10 Pro\AppData\Roaming\Python\Python311\site-packages\telegram\vendor\ptb_urllib3\urllib3\connectionpool.py", line 614, in urlopen
    httplib_response = self._make_request(conn, method, url,
                       ^^^^^^^^^^^^^^^^^^^^^^^^^^^^^^^^^^^^^
  File "C:\Users\Win10 Pro\AppData\Roaming\Python\Python311\site-packages\telegram\vendor\ptb_urllib3\urllib3\connectionpool.py", line 360, in _make_request
    self._validate_conn(conn)
  File "C:\Users\Win10 Pro\AppData\Roaming\Python\Python311\site-packages\telegram\vendor\ptb_urllib3\urllib3\connectionpool.py", line 857, in _validate_conn
    super(HTTPSConnectionPool, self)._validate_conn(conn)
  File "C:\Users\Win10 Pro\AppData\Roaming\Python\Python311\site-packages\telegram\vendor\ptb_urllib3\urllib3\connectionpool.py", line 289, in _validate_conn
    conn.connect()
  File "C:\Users\Win10 Pro\AppData\Roaming\Python\Python311\site-packages\telegram\vendor\ptb_urllib3\urllib3\connection.py", line 284, in connect
    conn = self._new_conn()
           ^^^^^^^^^^^^^^^^
  File "C:\Users\Win10 Pro\AppData\Roaming\Python\Python311\site-packages\telegram\vendor\ptb_urllib3\urllib3\connection.py", line 149, in _new_conn
    raise NewConnectionError(
telegram.vendor.ptb_urllib3.urllib3.exceptions.NewConnectionError: <telegram.vendor.ptb_urllib3.urllib3.connection.VerifiedHTTPSConnection object at 0x0000014C338DD490>: Failed to establish a new connection: [WinError 10051] A socket operation was attempted to an unreachable network

During handling of the above exception, another exception occurred:

Traceback (most recent call last):
  File "C:\Users\Win10 Pro\AppData\Roaming\Python\Python311\site-packages\telegram\utils\request.py", line 259, in _request_wrapper
    resp = self._con_pool.request(*args, **kwargs)
           ^^^^^^^^^^^^^^^^^^^^^^^^^^^^^^^^^^^^^^^
  File "C:\Users\Win10 Pro\AppData\Roaming\Python\Python311\site-packages\telegram\vendor\ptb_urllib3\urllib3\request.py", line 68, in request
    return self.request_encode_body(method, url, fields=fields,
           ^^^^^^^^^^^^^^^^^^^^^^^^^^^^^^^^^^^^^^^^^^^^^^^^^^^^
  File "C:\Users\Win10 Pro\AppData\Roaming\Python\Python311\site-packages\telegram\vendor\ptb_urllib3\urllib3\request.py", line 148, in request_encode_body
    return self.urlopen(method, url, **extra_kw)
           ^^^^^^^^^^^^^^^^^^^^^^^^^^^^^^^^^^^^^
  File "C:\Users\Win10 Pro\AppData\Roaming\Python\Python311\site-packages\telegram\vendor\ptb_urllib3\urllib3\poolmanager.py", line 244, in urlopen
    response = conn.urlopen(method, u.request_uri, **kw)
               ^^^^^^^^^^^^^^^^^^^^^^^^^^^^^^^^^^^^^^^^^
  File "C:\Users\Win10 Pro\AppData\Roaming\Python\Python311\site-packages\telegram\vendor\ptb_urllib3\urllib3\connectionpool.py", line 691, in urlopen
    return self.urlopen(method, url, body, headers, retries,
           ^^^^^^^^^^^^^^^^^^^^^^^^^^^^^^^^^^^^^^^^^^^^^^^^^
  File "C:\Users\Win10 Pro\AppData\Roaming\Python\Python311\site-packages\telegram\vendor\ptb_urllib3\urllib3\connectionpool.py", line 691, in urlopen
    return self.urlopen(method, url, body, headers, retries,
           ^^^^^^^^^^^^^^^^^^^^^^^^^^^^^^^^^^^^^^^^^^^^^^^^^
  File "C:\Users\Win10 Pro\AppData\Roaming\Python\Python311\site-packages\telegram\vendor\ptb_urllib3\urllib3\connectionpool.py", line 691, in urlopen
    return self.urlopen(method, url, body, headers, retries,
           ^^^^^^^^^^^^^^^^^^^^^^^^^^^^^^^^^^^^^^^^^^^^^^^^^
  File "C:\Users\Win10 Pro\AppData\Roaming\Python\Python311\site-packages\telegram\vendor\ptb_urllib3\urllib3\connectionpool.py", line 665, in urlopen
    retries = retries.increment(method, url, error=e, _pool=self,
              ^^^^^^^^^^^^^^^^^^^^^^^^^^^^^^^^^^^^^^^^^^^^^^^^^^^
  File "C:\Users\Win10 Pro\AppData\Roaming\Python\Python311\site-packages\telegram\vendor\ptb_urllib3\urllib3\util\retry.py", line 376, in increment
    raise MaxRetryError(_pool, url, error or ResponseError(cause))
telegram.vendor.ptb_urllib3.urllib3.exceptions.MaxRetryError: HTTPSConnectionPool(host='api.telegram.org', port=443): Max retries exceeded with url: /bot8383643986:AAFVI4MDb2zjy7DT9lsI3x6rn2UOyd-biPQ/getUpdates (Caused by NewConnectionError('<telegram.vendor.ptb_urllib3.urllib3.connection.VerifiedHTTPSConnection object at 0x0000014C338DD490>: Failed to establish a new connection: [WinError 10051] A socket operation was attempted to an unreachable network'))

The above exception was the direct cause of the following exception:

Traceback (most recent call last):
  File "C:\smyards_bot\bot_final_fixed.py", line 3221, in error_handler
    raise context.error
  File "C:\Users\Win10 Pro\AppData\Roaming\Python\Python311\site-packages\telegram\ext\updater.py", line 651, in _network_loop_retry
    if not action_cb():
           ^^^^^^^^^^^
  File "C:\Users\Win10 Pro\AppData\Roaming\Python\Python311\site-packages\telegram\ext\updater.py", line 602, in polling_action_cb
    updates = self.bot.get_updates(
              ^^^^^^^^^^^^^^^^^^^^^
  File "C:\Users\Win10 Pro\AppData\Roaming\Python\Python311\site-packages\telegram\ext\extbot.py", line 228, in get_updates
    updates = super().get_updates(
              ^^^^^^^^^^^^^^^^^^^^
  File "C:\Users\Win10 Pro\AppData\Roaming\Python\Python311\site-packages\telegram\bot.py", line 134, in decorator
    result = func(*args, **kwargs)
             ^^^^^^^^^^^^^^^^^^^^^
  File "C:\Users\Win10 Pro\AppData\Roaming\Python\Python311\site-packages\telegram\bot.py", line 3140, in get_updates
    self._post(
  File "C:\Users\Win10 Pro\AppData\Roaming\Python\Python311\site-packages\telegram\bot.py", line 299, in _post
    return self.request.post(
           ^^^^^^^^^^^^^^^^^^
  File "C:\Users\Win10 Pro\AppData\Roaming\Python\Python311\site-packages\telegram\utils\request.py", line 361, in post
    result = self._request_wrapper(
             ^^^^^^^^^^^^^^^^^^^^^^
  File "C:\Users\Win10 Pro\AppData\Roaming\Python\Python311\site-packages\telegram\utils\request.py", line 265, in _request_wrapper
    raise NetworkError(f'urllib3 HTTPError {error}') from error
telegram.error.NetworkError: urllib3 HTTPError HTTPSConnectionPool(host='api.telegram.org', port=443): Max retries exceeded with url: /bot8383643986:AAFVI4MDb2zjy7DT9lsI3x6rn2UOyd-biPQ/getUpdates (Caused by NewConnectionError('<telegram.vendor.ptb_urllib3.urllib3.connection.VerifiedHTTPSConnection object at 0x0000014C338DD490>: Failed to establish a new connection: [WinError 10051] A socket operation was attempted to an unreachable network'))

2025-12-30 21:04:45,670 - __main__ - ERROR - Update "None" caused error "urllib3 HTTPError HTTPSConnectionPool(host='api.telegram.org', port=443): Max retries exceeded with url: /bot8383643986:AAFVI4MDb2zjy7DT9lsI3x6rn2UOyd-biPQ/getUpdates (Caused by NewConnectionError('<telegram.vendor.ptb_urllib3.urllib3.connection.VerifiedHTTPSConnection object at 0x0000014C3389ECD0>: Failed to establish a new connection: [WinError 10051] A socket operation was attempted to an unreachable network'))"
2025-12-30 21:04:45,682 - __main__ - ERROR - Full error: Traceback (most recent call last):
  File "C:\Users\Win10 Pro\AppData\Roaming\Python\Python311\site-packages\telegram\vendor\ptb_urllib3\urllib3\connection.py", line 140, in _new_conn
    conn = connection.create_connection(
           ^^^^^^^^^^^^^^^^^^^^^^^^^^^^^
  File "C:\Users\Win10 Pro\AppData\Roaming\Python\Python311\site-packages\telegram\vendor\ptb_urllib3\urllib3\util\connection.py", line 83, in create_connection
    raise err
  File "C:\Users\Win10 Pro\AppData\Roaming\Python\Python311\site-packages\telegram\vendor\ptb_urllib3\urllib3\util\connection.py", line 73, in create_connection
    sock.connect(sa)
OSError: [WinError 10051] A socket operation was attempted to an unreachable network

During handling of the above exception, another exception occurred:

Traceback (most recent call last):
  File "C:\Users\Win10 Pro\AppData\Roaming\Python\Python311\site-packages\telegram\vendor\ptb_urllib3\urllib3\connectionpool.py", line 614, in urlopen
    httplib_response = self._make_request(conn, method, url,
                       ^^^^^^^^^^^^^^^^^^^^^^^^^^^^^^^^^^^^^
  File "C:\Users\Win10 Pro\AppData\Roaming\Python\Python311\site-packages\telegram\vendor\ptb_urllib3\urllib3\connectionpool.py", line 360, in _make_request
    self._validate_conn(conn)
  File "C:\Users\Win10 Pro\AppData\Roaming\Python\Python311\site-packages\telegram\vendor\ptb_urllib3\urllib3\connectionpool.py", line 857, in _validate_conn
    super(HTTPSConnectionPool, self)._validate_conn(conn)
  File "C:\Users\Win10 Pro\AppData\Roaming\Python\Python311\site-packages\telegram\vendor\ptb_urllib3\urllib3\connectionpool.py", line 289, in _validate_conn
    conn.connect()
  File "C:\Users\Win10 Pro\AppData\Roaming\Python\Python311\site-packages\telegram\vendor\ptb_urllib3\urllib3\connection.py", line 284, in connect
    conn = self._new_conn()
           ^^^^^^^^^^^^^^^^
  File "C:\Users\Win10 Pro\AppData\Roaming\Python\Python311\site-packages\telegram\vendor\ptb_urllib3\urllib3\connection.py", line 149, in _new_conn
    raise NewConnectionError(
telegram.vendor.ptb_urllib3.urllib3.exceptions.NewConnectionError: <telegram.vendor.ptb_urllib3.urllib3.connection.VerifiedHTTPSConnection object at 0x0000014C3389ECD0>: Failed to establish a new connection: [WinError 10051] A socket operation was attempted to an unreachable network

During handling of the above exception, another exception occurred:

Traceback (most recent call last):
  File "C:\Users\Win10 Pro\AppData\Roaming\Python\Python311\site-packages\telegram\utils\request.py", line 259, in _request_wrapper
    resp = self._con_pool.request(*args, **kwargs)
           ^^^^^^^^^^^^^^^^^^^^^^^^^^^^^^^^^^^^^^^
  File "C:\Users\Win10 Pro\AppData\Roaming\Python\Python311\site-packages\telegram\vendor\ptb_urllib3\urllib3\request.py", line 68, in request
    return self.request_encode_body(method, url, fields=fields,
           ^^^^^^^^^^^^^^^^^^^^^^^^^^^^^^^^^^^^^^^^^^^^^^^^^^^^
  File "C:\Users\Win10 Pro\AppData\Roaming\Python\Python311\site-packages\telegram\vendor\ptb_urllib3\urllib3\request.py", line 148, in request_encode_body
    return self.urlopen(method, url, **extra_kw)
           ^^^^^^^^^^^^^^^^^^^^^^^^^^^^^^^^^^^^^
  File "C:\Users\Win10 Pro\AppData\Roaming\Python\Python311\site-packages\telegram\vendor\ptb_urllib3\urllib3\poolmanager.py", line 244, in urlopen
    response = conn.urlopen(method, u.request_uri, **kw)
               ^^^^^^^^^^^^^^^^^^^^^^^^^^^^^^^^^^^^^^^^^
  File "C:\Users\Win10 Pro\AppData\Roaming\Python\Python311\site-packages\telegram\vendor\ptb_urllib3\urllib3\connectionpool.py", line 691, in urlopen
    return self.urlopen(method, url, body, headers, retries,
           ^^^^^^^^^^^^^^^^^^^^^^^^^^^^^^^^^^^^^^^^^^^^^^^^^
  File "C:\Users\Win10 Pro\AppData\Roaming\Python\Python311\site-packages\telegram\vendor\ptb_urllib3\urllib3\connectionpool.py", line 691, in urlopen
    return self.urlopen(method, url, body, headers, retries,
           ^^^^^^^^^^^^^^^^^^^^^^^^^^^^^^^^^^^^^^^^^^^^^^^^^
  File "C:\Users\Win10 Pro\AppData\Roaming\Python\Python311\site-packages\telegram\vendor\ptb_urllib3\urllib3\connectionpool.py", line 691, in urlopen
    return self.urlopen(method, url, body, headers, retries,
           ^^^^^^^^^^^^^^^^^^^^^^^^^^^^^^^^^^^^^^^^^^^^^^^^^
  File "C:\Users\Win10 Pro\AppData\Roaming\Python\Python311\site-packages\telegram\vendor\ptb_urllib3\urllib3\connectionpool.py", line 665, in urlopen
    retries = retries.increment(method, url, error=e, _pool=self,
              ^^^^^^^^^^^^^^^^^^^^^^^^^^^^^^^^^^^^^^^^^^^^^^^^^^^
  File "C:\Users\Win10 Pro\AppData\Roaming\Python\Python311\site-packages\telegram\vendor\ptb_urllib3\urllib3\util\retry.py", line 376, in increment
    raise MaxRetryError(_pool, url, error or ResponseError(cause))
telegram.vendor.ptb_urllib3.urllib3.exceptions.MaxRetryError: HTTPSConnectionPool(host='api.telegram.org', port=443): Max retries exceeded with url: /bot8383643986:AAFVI4MDb2zjy7DT9lsI3x6rn2UOyd-biPQ/getUpdates (Caused by NewConnectionError('<telegram.vendor.ptb_urllib3.urllib3.connection.VerifiedHTTPSConnection object at 0x0000014C3389ECD0>: Failed to establish a new connection: [WinError 10051] A socket operation was attempted to an unreachable network'))

The above exception was the direct cause of the following exception:

Traceback (most recent call last):
  File "C:\smyards_bot\bot_final_fixed.py", line 3221, in error_handler
    raise context.error
  File "C:\Users\Win10 Pro\AppData\Roaming\Python\Python311\site-packages\telegram\ext\updater.py", line 651, in _network_loop_retry
    if not action_cb():
           ^^^^^^^^^^^
  File "C:\Users\Win10 Pro\AppData\Roaming\Python\Python311\site-packages\telegram\ext\updater.py", line 602, in polling_action_cb
    updates = self.bot.get_updates(
              ^^^^^^^^^^^^^^^^^^^^^
  File "C:\Users\Win10 Pro\AppData\Roaming\Python\Python311\site-packages\telegram\ext\extbot.py", line 228, in get_updates
    updates = super().get_updates(
              ^^^^^^^^^^^^^^^^^^^^
  File "C:\Users\Win10 Pro\AppData\Roaming\Python\Python311\site-packages\telegram\bot.py", line 134, in decorator
    result = func(*args, **kwargs)
             ^^^^^^^^^^^^^^^^^^^^^
  File "C:\Users\Win10 Pro\AppData\Roaming\Python\Python311\site-packages\telegram\bot.py", line 3140, in get_updates
    self._post(
  File "C:\Users\Win10 Pro\AppData\Roaming\Python\Python311\site-packages\telegram\bot.py", line 299, in _post
    return self.request.post(
           ^^^^^^^^^^^^^^^^^^
  File "C:\Users\Win10 Pro\AppData\Roaming\Python\Python311\site-packages\telegram\utils\request.py", line 361, in post
    result = self._request_wrapper(
             ^^^^^^^^^^^^^^^^^^^^^^
  File "C:\Users\Win10 Pro\AppData\Roaming\Python\Python311\site-packages\telegram\utils\request.py", line 265, in _request_wrapper
    raise NetworkError(f'urllib3 HTTPError {error}') from error
telegram.error.NetworkError: urllib3 HTTPError HTTPSConnectionPool(host='api.telegram.org', port=443): Max retries exceeded with url: /bot8383643986:AAFVI4MDb2zjy7DT9lsI3x6rn2UOyd-biPQ/getUpdates (Caused by NewConnectionError('<telegram.vendor.ptb_urllib3.urllib3.connection.VerifiedHTTPSConnection object at 0x0000014C3389ECD0>: Failed to establish a new connection: [WinError 10051] A socket operation was attempted to an unreachable network'))

2025-12-30 21:05:35,749 - __main__ - ERROR - Update "None" caused error "urllib3 HTTPError HTTPSConnectionPool(host='api.telegram.org', port=443): Max retries exceeded with url: /bot8383643986:AAFVI4MDb2zjy7DT9lsI3x6rn2UOyd-biPQ/getUpdates (Caused by NewConnectionError('<telegram.vendor.ptb_urllib3.urllib3.connection.VerifiedHTTPSConnection object at 0x0000014C338CF6D0>: Failed to establish a new connection: [WinError 10051] A socket operation was attempted to an unreachable network'))"
2025-12-30 21:05:35,760 - __main__ - ERROR - Full error: Traceback (most recent call last):
  File "C:\Users\Win10 Pro\AppData\Roaming\Python\Python311\site-packages\telegram\vendor\ptb_urllib3\urllib3\connection.py", line 140, in _new_conn
    conn = connection.create_connection(
           ^^^^^^^^^^^^^^^^^^^^^^^^^^^^^
  File "C:\Users\Win10 Pro\AppData\Roaming\Python\Python311\site-packages\telegram\vendor\ptb_urllib3\urllib3\util\connection.py", line 83, in create_connection
    raise err
  File "C:\Users\Win10 Pro\AppData\Roaming\Python\Python311\site-packages\telegram\vendor\ptb_urllib3\urllib3\util\connection.py", line 73, in create_connection
    sock.connect(sa)
OSError: [WinError 10051] A socket operation was attempted to an unreachable network

During handling of the above exception, another exception occurred:

Traceback (most recent call last):
  File "C:\Users\Win10 Pro\AppData\Roaming\Python\Python311\site-packages\telegram\vendor\ptb_urllib3\urllib3\connectionpool.py", line 614, in urlopen
    httplib_response = self._make_request(conn, method, url,
                       ^^^^^^^^^^^^^^^^^^^^^^^^^^^^^^^^^^^^^
  File "C:\Users\Win10 Pro\AppData\Roaming\Python\Python311\site-packages\telegram\vendor\ptb_urllib3\urllib3\connectionpool.py", line 360, in _make_request
    self._validate_conn(conn)
  File "C:\Users\Win10 Pro\AppData\Roaming\Python\Python311\site-packages\telegram\vendor\ptb_urllib3\urllib3\connectionpool.py", line 857, in _validate_conn
    super(HTTPSConnectionPool, self)._validate_conn(conn)
  File "C:\Users\Win10 Pro\AppData\Roaming\Python\Python311\site-packages\telegram\vendor\ptb_urllib3\urllib3\connectionpool.py", line 289, in _validate_conn
    conn.connect()
  File "C:\Users\Win10 Pro\AppData\Roaming\Python\Python311\site-packages\telegram\vendor\ptb_urllib3\urllib3\connection.py", line 284, in connect
    conn = self._new_conn()
           ^^^^^^^^^^^^^^^^
  File "C:\Users\Win10 Pro\AppData\Roaming\Python\Python311\site-packages\telegram\vendor\ptb_urllib3\urllib3\connection.py", line 149, in _new_conn
    raise NewConnectionError(
telegram.vendor.ptb_urllib3.urllib3.exceptions.NewConnectionError: <telegram.vendor.ptb_urllib3.urllib3.connection.VerifiedHTTPSConnection object at 0x0000014C338CF6D0>: Failed to establish a new connection: [WinError 10051] A socket operation was attempted to an unreachable network

During handling of the above exception, another exception occurred:

Traceback (most recent call last):
  File "C:\Users\Win10 Pro\AppData\Roaming\Python\Python311\site-packages\telegram\utils\request.py", line 259, in _request_wrapper
    resp = self._con_pool.request(*args, **kwargs)
           ^^^^^^^^^^^^^^^^^^^^^^^^^^^^^^^^^^^^^^^
  File "C:\Users\Win10 Pro\AppData\Roaming\Python\Python311\site-packages\telegram\vendor\ptb_urllib3\urllib3\request.py", line 68, in request
    return self.request_encode_body(method, url, fields=fields,
           ^^^^^^^^^^^^^^^^^^^^^^^^^^^^^^^^^^^^^^^^^^^^^^^^^^^^
  File "C:\Users\Win10 Pro\AppData\Roaming\Python\Python311\site-packages\telegram\vendor\ptb_urllib3\urllib3\request.py", line 148, in request_encode_body
    return self.urlopen(method, url, **extra_kw)
           ^^^^^^^^^^^^^^^^^^^^^^^^^^^^^^^^^^^^^
  File "C:\Users\Win10 Pro\AppData\Roaming\Python\Python311\site-packages\telegram\vendor\ptb_urllib3\urllib3\poolmanager.py", line 244, in urlopen
    response = conn.urlopen(method, u.request_uri, **kw)
               ^^^^^^^^^^^^^^^^^^^^^^^^^^^^^^^^^^^^^^^^^
  File "C:\Users\Win10 Pro\AppData\Roaming\Python\Python311\site-packages\telegram\vendor\ptb_urllib3\urllib3\connectionpool.py", line 691, in urlopen
    return self.urlopen(method, url, body, headers, retries,
           ^^^^^^^^^^^^^^^^^^^^^^^^^^^^^^^^^^^^^^^^^^^^^^^^^
  File "C:\Users\Win10 Pro\AppData\Roaming\Python\Python311\site-packages\telegram\vendor\ptb_urllib3\urllib3\connectionpool.py", line 691, in urlopen
    return self.urlopen(method, url, body, headers, retries,
           ^^^^^^^^^^^^^^^^^^^^^^^^^^^^^^^^^^^^^^^^^^^^^^^^^
  File "C:\Users\Win10 Pro\AppData\Roaming\Python\Python311\site-packages\telegram\vendor\ptb_urllib3\urllib3\connectionpool.py", line 691, in urlopen
    return self.urlopen(method, url, body, headers, retries,
           ^^^^^^^^^^^^^^^^^^^^^^^^^^^^^^^^^^^^^^^^^^^^^^^^^
  File "C:\Users\Win10 Pro\AppData\Roaming\Python\Python311\site-packages\telegram\vendor\ptb_urllib3\urllib3\connectionpool.py", line 665, in urlopen
    retries = retries.increment(method, url, error=e, _pool=self,
              ^^^^^^^^^^^^^^^^^^^^^^^^^^^^^^^^^^^^^^^^^^^^^^^^^^^
  File "C:\Users\Win10 Pro\AppData\Roaming\Python\Python311\site-packages\telegram\vendor\ptb_urllib3\urllib3\util\retry.py", line 376, in increment
    raise MaxRetryError(_pool, url, error or ResponseError(cause))
telegram.vendor.ptb_urllib3.urllib3.exceptions.MaxRetryError: HTTPSConnectionPool(host='api.telegram.org', port=443): Max retries exceeded with url: /bot8383643986:AAFVI4MDb2zjy7DT9lsI3x6rn2UOyd-biPQ/getUpdates (Caused by NewConnectionError('<telegram.vendor.ptb_urllib3.urllib3.connection.VerifiedHTTPSConnection object at 0x0000014C338CF6D0>: Failed to establish a new connection: [WinError 10051] A socket operation was attempted to an unreachable network'))

The above exception was the direct cause of the following exception:

Traceback (most recent call last):
  File "C:\smyards_bot\bot_final_fixed.py", line 3221, in error_handler
    raise context.error
  File "C:\Users\Win10 Pro\AppData\Roaming\Python\Python311\site-packages\telegram\ext\updater.py", line 651, in _network_loop_retry
    if not action_cb():
           ^^^^^^^^^^^
  File "C:\Users\Win10 Pro\AppData\Roaming\Python\Python311\site-packages\telegram\ext\updater.py", line 602, in polling_action_cb
    updates = self.bot.get_updates(
              ^^^^^^^^^^^^^^^^^^^^^
  File "C:\Users\Win10 Pro\AppData\Roaming\Python\Python311\site-packages\telegram\ext\extbot.py", line 228, in get_updates
    updates = super().get_updates(
              ^^^^^^^^^^^^^^^^^^^^
  File "C:\Users\Win10 Pro\AppData\Roaming\Python\Python311\site-packages\telegram\bot.py", line 134, in decorator
    result = func(*args, **kwargs)
             ^^^^^^^^^^^^^^^^^^^^^
  File "C:\Users\Win10 Pro\AppData\Roaming\Python\Python311\site-packages\telegram\bot.py", line 3140, in get_updates
    self._post(
  File "C:\Users\Win10 Pro\AppData\Roaming\Python\Python311\site-packages\telegram\bot.py", line 299, in _post
    return self.request.post(
           ^^^^^^^^^^^^^^^^^^
  File "C:\Users\Win10 Pro\AppData\Roaming\Python\Python311\site-packages\telegram\utils\request.py", line 361, in post
    result = self._request_wrapper(
             ^^^^^^^^^^^^^^^^^^^^^^
  File "C:\Users\Win10 Pro\AppData\Roaming\Python\Python311\site-packages\telegram\utils\request.py", line 265, in _request_wrapper
    raise NetworkError(f'urllib3 HTTPError {error}') from error
telegram.error.NetworkError: urllib3 HTTPError HTTPSConnectionPool(host='api.telegram.org', port=443): Max retries exceeded with url: /bot8383643986:AAFVI4MDb2zjy7DT9lsI3x6rn2UOyd-biPQ/getUpdates (Caused by NewConnectionError('<telegram.vendor.ptb_urllib3.urllib3.connection.VerifiedHTTPSConnection object at 0x0000014C338CF6D0>: Failed to establish a new connection: [WinError 10051] A socket operation was attempted to an unreachable network'))

2025-12-30 21:06:25,892 - __main__ - ERROR - Update "None" caused error "urllib3 HTTPError HTTPSConnectionPool(host='api.telegram.org', port=443): Max retries exceeded with url: /bot8383643986:AAFVI4MDb2zjy7DT9lsI3x6rn2UOyd-biPQ/getUpdates (Caused by NewConnectionError('<telegram.vendor.ptb_urllib3.urllib3.connection.VerifiedHTTPSConnection object at 0x0000014C338B5390>: Failed to establish a new connection: [WinError 10051] A socket operation was attempted to an unreachable network'))"
2025-12-30 21:06:25,904 - __main__ - ERROR - Full error: Traceback (most recent call last):
  File "C:\Users\Win10 Pro\AppData\Roaming\Python\Python311\site-packages\telegram\vendor\ptb_urllib3\urllib3\connection.py", line 140, in _new_conn
    conn = connection.create_connection(
           ^^^^^^^^^^^^^^^^^^^^^^^^^^^^^
  File "C:\Users\Win10 Pro\AppData\Roaming\Python\Python311\site-packages\telegram\vendor\ptb_urllib3\urllib3\util\connection.py", line 83, in create_connection
    raise err
  File "C:\Users\Win10 Pro\AppData\Roaming\Python\Python311\site-packages\telegram\vendor\ptb_urllib3\urllib3\util\connection.py", line 73, in create_connection
    sock.connect(sa)
OSError: [WinError 10051] A socket operation was attempted to an unreachable network

During handling of the above exception, another exception occurred:

Traceback (most recent call last):
  File "C:\Users\Win10 Pro\AppData\Roaming\Python\Python311\site-packages\telegram\vendor\ptb_urllib3\urllib3\connectionpool.py", line 614, in urlopen
    httplib_response = self._make_request(conn, method, url,
                       ^^^^^^^^^^^^^^^^^^^^^^^^^^^^^^^^^^^^^
  File "C:\Users\Win10 Pro\AppData\Roaming\Python\Python311\site-packages\telegram\vendor\ptb_urllib3\urllib3\connectionpool.py", line 360, in _make_request
    self._validate_conn(conn)
  File "C:\Users\Win10 Pro\AppData\Roaming\Python\Python311\site-packages\telegram\vendor\ptb_urllib3\urllib3\connectionpool.py", line 857, in _validate_conn
    super(HTTPSConnectionPool, self)._validate_conn(conn)
  File "C:\Users\Win10 Pro\AppData\Roaming\Python\Python311\site-packages\telegram\vendor\ptb_urllib3\urllib3\connectionpool.py", line 289, in _validate_conn
    conn.connect()
  File "C:\Users\Win10 Pro\AppData\Roaming\Python\Python311\site-packages\telegram\vendor\ptb_urllib3\urllib3\connection.py", line 284, in connect
    conn = self._new_conn()
           ^^^^^^^^^^^^^^^^
  File "C:\Users\Win10 Pro\AppData\Roaming\Python\Python311\site-packages\telegram\vendor\ptb_urllib3\urllib3\connection.py", line 149, in _new_conn
    raise NewConnectionError(
telegram.vendor.ptb_urllib3.urllib3.exceptions.NewConnectionError: <telegram.vendor.ptb_urllib3.urllib3.connection.VerifiedHTTPSConnection object at 0x0000014C338B5390>: Failed to establish a new connection: [WinError 10051] A socket operation was attempted to an unreachable network

During handling of the above exception, another exception occurred:

Traceback (most recent call last):
  File "C:\Users\Win10 Pro\AppData\Roaming\Python\Python311\site-packages\telegram\utils\request.py", line 259, in _request_wrapper
    resp = self._con_pool.request(*args, **kwargs)
           ^^^^^^^^^^^^^^^^^^^^^^^^^^^^^^^^^^^^^^^
  File "C:\Users\Win10 Pro\AppData\Roaming\Python\Python311\site-packages\telegram\vendor\ptb_urllib3\urllib3\request.py", line 68, in request
    return self.request_encode_body(method, url, fields=fields,
           ^^^^^^^^^^^^^^^^^^^^^^^^^^^^^^^^^^^^^^^^^^^^^^^^^^^^
  File "C:\Users\Win10 Pro\AppData\Roaming\Python\Python311\site-packages\telegram\vendor\ptb_urllib3\urllib3\request.py", line 148, in request_encode_body
    return self.urlopen(method, url, **extra_kw)
           ^^^^^^^^^^^^^^^^^^^^^^^^^^^^^^^^^^^^^
  File "C:\Users\Win10 Pro\AppData\Roaming\Python\Python311\site-packages\telegram\vendor\ptb_urllib3\urllib3\poolmanager.py", line 244, in urlopen
    response = conn.urlopen(method, u.request_uri, **kw)
               ^^^^^^^^^^^^^^^^^^^^^^^^^^^^^^^^^^^^^^^^^
  File "C:\Users\Win10 Pro\AppData\Roaming\Python\Python311\site-packages\telegram\vendor\ptb_urllib3\urllib3\connectionpool.py", line 691, in urlopen
    return self.urlopen(method, url, body, headers, retries,
           ^^^^^^^^^^^^^^^^^^^^^^^^^^^^^^^^^^^^^^^^^^^^^^^^^
  File "C:\Users\Win10 Pro\AppData\Roaming\Python\Python311\site-packages\telegram\vendor\ptb_urllib3\urllib3\connectionpool.py", line 691, in urlopen
    return self.urlopen(method, url, body, headers, retries,
           ^^^^^^^^^^^^^^^^^^^^^^^^^^^^^^^^^^^^^^^^^^^^^^^^^
  File "C:\Users\Win10 Pro\AppData\Roaming\Python\Python311\site-packages\telegram\vendor\ptb_urllib3\urllib3\connectionpool.py", line 691, in urlopen
    return self.urlopen(method, url, body, headers, retries,
           ^^^^^^^^^^^^^^^^^^^^^^^^^^^^^^^^^^^^^^^^^^^^^^^^^
  File "C:\Users\Win10 Pro\AppData\Roaming\Python\Python311\site-packages\telegram\vendor\ptb_urllib3\urllib3\connectionpool.py", line 665, in urlopen
    retries = retries.increment(method, url, error=e, _pool=self,
              ^^^^^^^^^^^^^^^^^^^^^^^^^^^^^^^^^^^^^^^^^^^^^^^^^^^
  File "C:\Users\Win10 Pro\AppData\Roaming\Python\Python311\site-packages\telegram\vendor\ptb_urllib3\urllib3\util\retry.py", line 376, in increment
    raise MaxRetryError(_pool, url, error or ResponseError(cause))
telegram.vendor.ptb_urllib3.urllib3.exceptions.MaxRetryError: HTTPSConnectionPool(host='api.telegram.org', port=443): Max retries exceeded with url: /bot8383643986:AAFVI4MDb2zjy7DT9lsI3x6rn2UOyd-biPQ/getUpdates (Caused by NewConnectionError('<telegram.vendor.ptb_urllib3.urllib3.connection.VerifiedHTTPSConnection object at 0x0000014C338B5390>: Failed to establish a new connection: [WinError 10051] A socket operation was attempted to an unreachable network'))

The above exception was the direct cause of the following exception:

Traceback (most recent call last):
  File "C:\smyards_bot\bot_final_fixed.py", line 3221, in error_handler
    raise context.error
  File "C:\Users\Win10 Pro\AppData\Roaming\Python\Python311\site-packages\telegram\ext\updater.py", line 651, in _network_loop_retry
    if not action_cb():
           ^^^^^^^^^^^
  File "C:\Users\Win10 Pro\AppData\Roaming\Python\Python311\site-packages\telegram\ext\updater.py", line 602, in polling_action_cb
    updates = self.bot.get_updates(
              ^^^^^^^^^^^^^^^^^^^^^
  File "C:\Users\Win10 Pro\AppData\Roaming\Python\Python311\site-packages\telegram\ext\extbot.py", line 228, in get_updates
    updates = super().get_updates(
              ^^^^^^^^^^^^^^^^^^^^
  File "C:\Users\Win10 Pro\AppData\Roaming\Python\Python311\site-packages\telegram\bot.py", line 134, in decorator
    result = func(*args, **kwargs)
             ^^^^^^^^^^^^^^^^^^^^^
  File "C:\Users\Win10 Pro\AppData\Roaming\Python\Python311\site-packages\telegram\bot.py", line 3140, in get_updates
    self._post(
  File "C:\Users\Win10 Pro\AppData\Roaming\Python\Python311\site-packages\telegram\bot.py", line 299, in _post
    return self.request.post(
           ^^^^^^^^^^^^^^^^^^
  File "C:\Users\Win10 Pro\AppData\Roaming\Python\Python311\site-packages\telegram\utils\request.py", line 361, in post
    result = self._request_wrapper(
             ^^^^^^^^^^^^^^^^^^^^^^
  File "C:\Users\Win10 Pro\AppData\Roaming\Python\Python311\site-packages\telegram\utils\request.py", line 265, in _request_wrapper
    raise NetworkError(f'urllib3 HTTPError {error}') from error
telegram.error.NetworkError: urllib3 HTTPError HTTPSConnectionPool(host='api.telegram.org', port=443): Max retries exceeded with url: /bot8383643986:AAFVI4MDb2zjy7DT9lsI3x6rn2UOyd-biPQ/getUpdates (Caused by NewConnectionError('<telegram.vendor.ptb_urllib3.urllib3.connection.VerifiedHTTPSConnection object at 0x0000014C338B5390>: Failed to establish a new connection: [WinError 10051] A socket operation was attempted to an unreachable network'))

2025-12-30 21:07:16,066 - __main__ - ERROR - Update "None" caused error "urllib3 HTTPError HTTPSConnectionPool(host='api.telegram.org', port=443): Max retries exceeded with url: /bot8383643986:AAFVI4MDb2zjy7DT9lsI3x6rn2UOyd-biPQ/getUpdates (Caused by NewConnectionError('<telegram.vendor.ptb_urllib3.urllib3.connection.VerifiedHTTPSConnection object at 0x0000014C338DF5D0>: Failed to establish a new connection: [WinError 10051] A socket operation was attempted to an unreachable network'))"
2025-12-30 21:07:16,077 - __main__ - ERROR - Full error: Traceback (most recent call last):
  File "C:\Users\Win10 Pro\AppData\Roaming\Python\Python311\site-packages\telegram\vendor\ptb_urllib3\urllib3\connection.py", line 140, in _new_conn
    conn = connection.create_connection(
           ^^^^^^^^^^^^^^^^^^^^^^^^^^^^^
  File "C:\Users\Win10 Pro\AppData\Roaming\Python\Python311\site-packages\telegram\vendor\ptb_urllib3\urllib3\util\connection.py", line 83, in create_connection
    raise err
  File "C:\Users\Win10 Pro\AppData\Roaming\Python\Python311\site-packages\telegram\vendor\ptb_urllib3\urllib3\util\connection.py", line 73, in create_connection
    sock.connect(sa)
OSError: [WinError 10051] A socket operation was attempted to an unreachable network

During handling of the above exception, another exception occurred:

Traceback (most recent call last):
  File "C:\Users\Win10 Pro\AppData\Roaming\Python\Python311\site-packages\telegram\vendor\ptb_urllib3\urllib3\connectionpool.py", line 614, in urlopen
    httplib_response = self._make_request(conn, method, url,
                       ^^^^^^^^^^^^^^^^^^^^^^^^^^^^^^^^^^^^^
  File "C:\Users\Win10 Pro\AppData\Roaming\Python\Python311\site-packages\telegram\vendor\ptb_urllib3\urllib3\connectionpool.py", line 360, in _make_request
    self._validate_conn(conn)
  File "C:\Users\Win10 Pro\AppData\Roaming\Python\Python311\site-packages\telegram\vendor\ptb_urllib3\urllib3\connectionpool.py", line 857, in _validate_conn
    super(HTTPSConnectionPool, self)._validate_conn(conn)
  File "C:\Users\Win10 Pro\AppData\Roaming\Python\Python311\site-packages\telegram\vendor\ptb_urllib3\urllib3\connectionpool.py", line 289, in _validate_conn
    conn.connect()
  File "C:\Users\Win10 Pro\AppData\Roaming\Python\Python311\site-packages\telegram\vendor\ptb_urllib3\urllib3\connection.py", line 284, in connect
    conn = self._new_conn()
           ^^^^^^^^^^^^^^^^
  File "C:\Users\Win10 Pro\AppData\Roaming\Python\Python311\site-packages\telegram\vendor\ptb_urllib3\urllib3\connection.py", line 149, in _new_conn
    raise NewConnectionError(
telegram.vendor.ptb_urllib3.urllib3.exceptions.NewConnectionError: <telegram.vendor.ptb_urllib3.urllib3.connection.VerifiedHTTPSConnection object at 0x0000014C338DF5D0>: Failed to establish a new connection: [WinError 10051] A socket operation was attempted to an unreachable network

During handling of the above exception, another exception occurred:

Traceback (most recent call last):
  File "C:\Users\Win10 Pro\AppData\Roaming\Python\Python311\site-packages\telegram\utils\request.py", line 259, in _request_wrapper
    resp = self._con_pool.request(*args, **kwargs)
           ^^^^^^^^^^^^^^^^^^^^^^^^^^^^^^^^^^^^^^^
  File "C:\Users\Win10 Pro\AppData\Roaming\Python\Python311\site-packages\telegram\vendor\ptb_urllib3\urllib3\request.py", line 68, in request
    return self.request_encode_body(method, url, fields=fields,
           ^^^^^^^^^^^^^^^^^^^^^^^^^^^^^^^^^^^^^^^^^^^^^^^^^^^^
  File "C:\Users\Win10 Pro\AppData\Roaming\Python\Python311\site-packages\telegram\vendor\ptb_urllib3\urllib3\request.py", line 148, in request_encode_body
    return self.urlopen(method, url, **extra_kw)
           ^^^^^^^^^^^^^^^^^^^^^^^^^^^^^^^^^^^^^
  File "C:\Users\Win10 Pro\AppData\Roaming\Python\Python311\site-packages\telegram\vendor\ptb_urllib3\urllib3\poolmanager.py", line 244, in urlopen
    response = conn.urlopen(method, u.request_uri, **kw)
               ^^^^^^^^^^^^^^^^^^^^^^^^^^^^^^^^^^^^^^^^^
  File "C:\Users\Win10 Pro\AppData\Roaming\Python\Python311\site-packages\telegram\vendor\ptb_urllib3\urllib3\connectionpool.py", line 691, in urlopen
    return self.urlopen(method, url, body, headers, retries,
           ^^^^^^^^^^^^^^^^^^^^^^^^^^^^^^^^^^^^^^^^^^^^^^^^^
  File "C:\Users\Win10 Pro\AppData\Roaming\Python\Python311\site-packages\telegram\vendor\ptb_urllib3\urllib3\connectionpool.py", line 691, in urlopen
    return self.urlopen(method, url, body, headers, retries,
           ^^^^^^^^^^^^^^^^^^^^^^^^^^^^^^^^^^^^^^^^^^^^^^^^^
  File "C:\Users\Win10 Pro\AppData\Roaming\Python\Python311\site-packages\telegram\vendor\ptb_urllib3\urllib3\connectionpool.py", line 691, in urlopen
    return self.urlopen(method, url, body, headers, retries,
           ^^^^^^^^^^^^^^^^^^^^^^^^^^^^^^^^^^^^^^^^^^^^^^^^^
  File "C:\Users\Win10 Pro\AppData\Roaming\Python\Python311\site-packages\telegram\vendor\ptb_urllib3\urllib3\connectionpool.py", line 665, in urlopen
    retries = retries.increment(method, url, error=e, _pool=self,
              ^^^^^^^^^^^^^^^^^^^^^^^^^^^^^^^^^^^^^^^^^^^^^^^^^^^
  File "C:\Users\Win10 Pro\AppData\Roaming\Python\Python311\site-packages\telegram\vendor\ptb_urllib3\urllib3\util\retry.py", line 376, in increment
    raise MaxRetryError(_pool, url, error or ResponseError(cause))
telegram.vendor.ptb_urllib3.urllib3.exceptions.MaxRetryError: HTTPSConnectionPool(host='api.telegram.org', port=443): Max retries exceeded with url: /bot8383643986:AAFVI4MDb2zjy7DT9lsI3x6rn2UOyd-biPQ/getUpdates (Caused by NewConnectionError('<telegram.vendor.ptb_urllib3.urllib3.connection.VerifiedHTTPSConnection object at 0x0000014C338DF5D0>: Failed to establish a new connection: [WinError 10051] A socket operation was attempted to an unreachable network'))

The above exception was the direct cause of the following exception:

Traceback (most recent call last):
  File "C:\smyards_bot\bot_final_fixed.py", line 3221, in error_handler
    raise context.error
  File "C:\Users\Win10 Pro\AppData\Roaming\Python\Python311\site-packages\telegram\ext\updater.py", line 651, in _network_loop_retry
    if not action_cb():
           ^^^^^^^^^^^
  File "C:\Users\Win10 Pro\AppData\Roaming\Python\Python311\site-packages\telegram\ext\updater.py", line 602, in polling_action_cb
    updates = self.bot.get_updates(
              ^^^^^^^^^^^^^^^^^^^^^
  File "C:\Users\Win10 Pro\AppData\Roaming\Python\Python311\site-packages\telegram\ext\extbot.py", line 228, in get_updates
    updates = super().get_updates(
              ^^^^^^^^^^^^^^^^^^^^
  File "C:\Users\Win10 Pro\AppData\Roaming\Python\Python311\site-packages\telegram\bot.py", line 134, in decorator
    result = func(*args, **kwargs)
             ^^^^^^^^^^^^^^^^^^^^^
  File "C:\Users\Win10 Pro\AppData\Roaming\Python\Python311\site-packages\telegram\bot.py", line 3140, in get_updates
    self._post(
  File "C:\Users\Win10 Pro\AppData\Roaming\Python\Python311\site-packages\telegram\bot.py", line 299, in _post
    return self.request.post(
           ^^^^^^^^^^^^^^^^^^
  File "C:\Users\Win10 Pro\AppData\Roaming\Python\Python311\site-packages\telegram\utils\request.py", line 361, in post
    result = self._request_wrapper(
             ^^^^^^^^^^^^^^^^^^^^^^
  File "C:\Users\Win10 Pro\AppData\Roaming\Python\Python311\site-packages\telegram\utils\request.py", line 265, in _request_wrapper
    raise NetworkError(f'urllib3 HTTPError {error}') from error
telegram.error.NetworkError: urllib3 HTTPError HTTPSConnectionPool(host='api.telegram.org', port=443): Max retries exceeded with url: /bot8383643986:AAFVI4MDb2zjy7DT9lsI3x6rn2UOyd-biPQ/getUpdates (Caused by NewConnectionError('<telegram.vendor.ptb_urllib3.urllib3.connection.VerifiedHTTPSConnection object at 0x0000014C338DF5D0>: Failed to establish a new connection: [WinError 10051] A socket operation was attempted to an unreachable network'))

2025-12-30 21:08:06,169 - __main__ - ERROR - Update "None" caused error "urllib3 HTTPError HTTPSConnectionPool(host='api.telegram.org', port=443): Max retries exceeded with url: /bot8383643986:AAFVI4MDb2zjy7DT9lsI3x6rn2UOyd-biPQ/getUpdates (Caused by NewConnectionError('<telegram.vendor.ptb_urllib3.urllib3.connection.VerifiedHTTPSConnection object at 0x0000014C338DC810>: Failed to establish a new connection: [WinError 10051] A socket operation was attempted to an unreachable network'))"
2025-12-30 21:08:06,181 - __main__ - ERROR - Full error: Traceback (most recent call last):
  File "C:\Users\Win10 Pro\AppData\Roaming\Python\Python311\site-packages\telegram\vendor\ptb_urllib3\urllib3\connection.py", line 140, in _new_conn
    conn = connection.create_connection(
           ^^^^^^^^^^^^^^^^^^^^^^^^^^^^^
  File "C:\Users\Win10 Pro\AppData\Roaming\Python\Python311\site-packages\telegram\vendor\ptb_urllib3\urllib3\util\connection.py", line 83, in create_connection
    raise err
  File "C:\Users\Win10 Pro\AppData\Roaming\Python\Python311\site-packages\telegram\vendor\ptb_urllib3\urllib3\util\connection.py", line 73, in create_connection
    sock.connect(sa)
OSError: [WinError 10051] A socket operation was attempted to an unreachable network

During handling of the above exception, another exception occurred:

Traceback (most recent call last):
  File "C:\Users\Win10 Pro\AppData\Roaming\Python\Python311\site-packages\telegram\vendor\ptb_urllib3\urllib3\connectionpool.py", line 614, in urlopen
    httplib_response = self._make_request(conn, method, url,
                       ^^^^^^^^^^^^^^^^^^^^^^^^^^^^^^^^^^^^^
  File "C:\Users\Win10 Pro\AppData\Roaming\Python\Python311\site-packages\telegram\vendor\ptb_urllib3\urllib3\connectionpool.py", line 360, in _make_request
    self._validate_conn(conn)
  File "C:\Users\Win10 Pro\AppData\Roaming\Python\Python311\site-packages\telegram\vendor\ptb_urllib3\urllib3\connectionpool.py", line 857, in _validate_conn
    super(HTTPSConnectionPool, self)._validate_conn(conn)
  File "C:\Users\Win10 Pro\AppData\Roaming\Python\Python311\site-packages\telegram\vendor\ptb_urllib3\urllib3\connectionpool.py", line 289, in _validate_conn
    conn.connect()
  File "C:\Users\Win10 Pro\AppData\Roaming\Python\Python311\site-packages\telegram\vendor\ptb_urllib3\urllib3\connection.py", line 284, in connect
    conn = self._new_conn()
           ^^^^^^^^^^^^^^^^
  File "C:\Users\Win10 Pro\AppData\Roaming\Python\Python311\site-packages\telegram\vendor\ptb_urllib3\urllib3\connection.py", line 149, in _new_conn
    raise NewConnectionError(
telegram.vendor.ptb_urllib3.urllib3.exceptions.NewConnectionError: <telegram.vendor.ptb_urllib3.urllib3.connection.VerifiedHTTPSConnection object at 0x0000014C338DC810>: Failed to establish a new connection: [WinError 10051] A socket operation was attempted to an unreachable network

During handling of the above exception, another exception occurred:

Traceback (most recent call last):
  File "C:\Users\Win10 Pro\AppData\Roaming\Python\Python311\site-packages\telegram\utils\request.py", line 259, in _request_wrapper
    resp = self._con_pool.request(*args, **kwargs)
           ^^^^^^^^^^^^^^^^^^^^^^^^^^^^^^^^^^^^^^^
  File "C:\Users\Win10 Pro\AppData\Roaming\Python\Python311\site-packages\telegram\vendor\ptb_urllib3\urllib3\request.py", line 68, in request
    return self.request_encode_body(method, url, fields=fields,
           ^^^^^^^^^^^^^^^^^^^^^^^^^^^^^^^^^^^^^^^^^^^^^^^^^^^^
  File "C:\Users\Win10 Pro\AppData\Roaming\Python\Python311\site-packages\telegram\vendor\ptb_urllib3\urllib3\request.py", line 148, in request_encode_body
    return self.urlopen(method, url, **extra_kw)
           ^^^^^^^^^^^^^^^^^^^^^^^^^^^^^^^^^^^^^
  File "C:\Users\Win10 Pro\AppData\Roaming\Python\Python311\site-packages\telegram\vendor\ptb_urllib3\urllib3\poolmanager.py", line 244, in urlopen
    response = conn.urlopen(method, u.request_uri, **kw)
               ^^^^^^^^^^^^^^^^^^^^^^^^^^^^^^^^^^^^^^^^^
  File "C:\Users\Win10 Pro\AppData\Roaming\Python\Python311\site-packages\telegram\vendor\ptb_urllib3\urllib3\connectionpool.py", line 691, in urlopen
    return self.urlopen(method, url, body, headers, retries,
           ^^^^^^^^^^^^^^^^^^^^^^^^^^^^^^^^^^^^^^^^^^^^^^^^^
  File "C:\Users\Win10 Pro\AppData\Roaming\Python\Python311\site-packages\telegram\vendor\ptb_urllib3\urllib3\connectionpool.py", line 691, in urlopen
    return self.urlopen(method, url, body, headers, retries,
           ^^^^^^^^^^^^^^^^^^^^^^^^^^^^^^^^^^^^^^^^^^^^^^^^^
  File "C:\Users\Win10 Pro\AppData\Roaming\Python\Python311\site-packages\telegram\vendor\ptb_urllib3\urllib3\connectionpool.py", line 691, in urlopen
    return self.urlopen(method, url, body, headers, retries,
           ^^^^^^^^^^^^^^^^^^^^^^^^^^^^^^^^^^^^^^^^^^^^^^^^^
  File "C:\Users\Win10 Pro\AppData\Roaming\Python\Python311\site-packages\telegram\vendor\ptb_urllib3\urllib3\connectionpool.py", line 665, in urlopen
    retries = retries.increment(method, url, error=e, _pool=self,
              ^^^^^^^^^^^^^^^^^^^^^^^^^^^^^^^^^^^^^^^^^^^^^^^^^^^
  File "C:\Users\Win10 Pro\AppData\Roaming\Python\Python311\site-packages\telegram\vendor\ptb_urllib3\urllib3\util\retry.py", line 376, in increment
    raise MaxRetryError(_pool, url, error or ResponseError(cause))
telegram.vendor.ptb_urllib3.urllib3.exceptions.MaxRetryError: HTTPSConnectionPool(host='api.telegram.org', port=443): Max retries exceeded with url: /bot8383643986:AAFVI4MDb2zjy7DT9lsI3x6rn2UOyd-biPQ/getUpdates (Caused by NewConnectionError('<telegram.vendor.ptb_urllib3.urllib3.connection.VerifiedHTTPSConnection object at 0x0000014C338DC810>: Failed to establish a new connection: [WinError 10051] A socket operation was attempted to an unreachable network'))

The above exception was the direct cause of the following exception:

Traceback (most recent call last):
  File "C:\smyards_bot\bot_final_fixed.py", line 3221, in error_handler
    raise context.error
  File "C:\Users\Win10 Pro\AppData\Roaming\Python\Python311\site-packages\telegram\ext\updater.py", line 651, in _network_loop_retry
    if not action_cb():
           ^^^^^^^^^^^
  File "C:\Users\Win10 Pro\AppData\Roaming\Python\Python311\site-packages\telegram\ext\updater.py", line 602, in polling_action_cb
    updates = self.bot.get_updates(
              ^^^^^^^^^^^^^^^^^^^^^
  File "C:\Users\Win10 Pro\AppData\Roaming\Python\Python311\site-packages\telegram\ext\extbot.py", line 228, in get_updates
    updates = super().get_updates(
              ^^^^^^^^^^^^^^^^^^^^
  File "C:\Users\Win10 Pro\AppData\Roaming\Python\Python311\site-packages\telegram\bot.py", line 134, in decorator
    result = func(*args, **kwargs)
             ^^^^^^^^^^^^^^^^^^^^^
  File "C:\Users\Win10 Pro\AppData\Roaming\Python\Python311\site-packages\telegram\bot.py", line 3140, in get_updates
    self._post(
  File "C:\Users\Win10 Pro\AppData\Roaming\Python\Python311\site-packages\telegram\bot.py", line 299, in _post
    return self.request.post(
           ^^^^^^^^^^^^^^^^^^
  File "C:\Users\Win10 Pro\AppData\Roaming\Python\Python311\site-packages\telegram\utils\request.py", line 361, in post
    result = self._request_wrapper(
             ^^^^^^^^^^^^^^^^^^^^^^
  File "C:\Users\Win10 Pro\AppData\Roaming\Python\Python311\site-packages\telegram\utils\request.py", line 265, in _request_wrapper
    raise NetworkError(f'urllib3 HTTPError {error}') from error
telegram.error.NetworkError: urllib3 HTTPError HTTPSConnectionPool(host='api.telegram.org', port=443): Max retries exceeded with url: /bot8383643986:AAFVI4MDb2zjy7DT9lsI3x6rn2UOyd-biPQ/getUpdates (Caused by NewConnectionError('<telegram.vendor.ptb_urllib3.urllib3.connection.VerifiedHTTPSConnection object at 0x0000014C338DC810>: Failed to establish a new connection: [WinError 10051] A socket operation was attempted to an unreachable network'))

2025-12-30 21:08:56,305 - __main__ - ERROR - Update "None" caused error "urllib3 HTTPError HTTPSConnectionPool(host='api.telegram.org', port=443): Max retries exceeded with url: /bot8383643986:AAFVI4MDb2zjy7DT9lsI3x6rn2UOyd-biPQ/getUpdates (Caused by NewConnectionError('<telegram.vendor.ptb_urllib3.urllib3.connection.VerifiedHTTPSConnection object at 0x0000014C338CE410>: Failed to establish a new connection: [WinError 10051] A socket operation was attempted to an unreachable network'))"
2025-12-30 21:08:56,317 - __main__ - ERROR - Full error: Traceback (most recent call last):
  File "C:\Users\Win10 Pro\AppData\Roaming\Python\Python311\site-packages\telegram\vendor\ptb_urllib3\urllib3\connection.py", line 140, in _new_conn
    conn = connection.create_connection(
           ^^^^^^^^^^^^^^^^^^^^^^^^^^^^^
  File "C:\Users\Win10 Pro\AppData\Roaming\Python\Python311\site-packages\telegram\vendor\ptb_urllib3\urllib3\util\connection.py", line 83, in create_connection
    raise err
  File "C:\Users\Win10 Pro\AppData\Roaming\Python\Python311\site-packages\telegram\vendor\ptb_urllib3\urllib3\util\connection.py", line 73, in create_connection
    sock.connect(sa)
OSError: [WinError 10051] A socket operation was attempted to an unreachable network

During handling of the above exception, another exception occurred:

Traceback (most recent call last):
  File "C:\Users\Win10 Pro\AppData\Roaming\Python\Python311\site-packages\telegram\vendor\ptb_urllib3\urllib3\connectionpool.py", line 614, in urlopen
    httplib_response = self._make_request(conn, method, url,
                       ^^^^^^^^^^^^^^^^^^^^^^^^^^^^^^^^^^^^^
  File "C:\Users\Win10 Pro\AppData\Roaming\Python\Python311\site-packages\telegram\vendor\ptb_urllib3\urllib3\connectionpool.py", line 360, in _make_request
    self._validate_conn(conn)
  File "C:\Users\Win10 Pro\AppData\Roaming\Python\Python311\site-packages\telegram\vendor\ptb_urllib3\urllib3\connectionpool.py", line 857, in _validate_conn
    super(HTTPSConnectionPool, self)._validate_conn(conn)
  File "C:\Users\Win10 Pro\AppData\Roaming\Python\Python311\site-packages\telegram\vendor\ptb_urllib3\urllib3\connectionpool.py", line 289, in _validate_conn
    conn.connect()
  File "C:\Users\Win10 Pro\AppData\Roaming\Python\Python311\site-packages\telegram\vendor\ptb_urllib3\urllib3\connection.py", line 284, in connect
    conn = self._new_conn()
           ^^^^^^^^^^^^^^^^
  File "C:\Users\Win10 Pro\AppData\Roaming\Python\Python311\site-packages\telegram\vendor\ptb_urllib3\urllib3\connection.py", line 149, in _new_conn
    raise NewConnectionError(
telegram.vendor.ptb_urllib3.urllib3.exceptions.NewConnectionError: <telegram.vendor.ptb_urllib3.urllib3.connection.VerifiedHTTPSConnection object at 0x0000014C338CE410>: Failed to establish a new connection: [WinError 10051] A socket operation was attempted to an unreachable network

During handling of the above exception, another exception occurred:

Traceback (most recent call last):
  File "C:\Users\Win10 Pro\AppData\Roaming\Python\Python311\site-packages\telegram\utils\request.py", line 259, in _request_wrapper
    resp = self._con_pool.request(*args, **kwargs)
           ^^^^^^^^^^^^^^^^^^^^^^^^^^^^^^^^^^^^^^^
  File "C:\Users\Win10 Pro\AppData\Roaming\Python\Python311\site-packages\telegram\vendor\ptb_urllib3\urllib3\request.py", line 68, in request
    return self.request_encode_body(method, url, fields=fields,
           ^^^^^^^^^^^^^^^^^^^^^^^^^^^^^^^^^^^^^^^^^^^^^^^^^^^^
  File "C:\Users\Win10 Pro\AppData\Roaming\Python\Python311\site-packages\telegram\vendor\ptb_urllib3\urllib3\request.py", line 148, in request_encode_body
    return self.urlopen(method, url, **extra_kw)
           ^^^^^^^^^^^^^^^^^^^^^^^^^^^^^^^^^^^^^
  File "C:\Users\Win10 Pro\AppData\Roaming\Python\Python311\site-packages\telegram\vendor\ptb_urllib3\urllib3\poolmanager.py", line 244, in urlopen
    response = conn.urlopen(method, u.request_uri, **kw)
               ^^^^^^^^^^^^^^^^^^^^^^^^^^^^^^^^^^^^^^^^^
  File "C:\Users\Win10 Pro\AppData\Roaming\Python\Python311\site-packages\telegram\vendor\ptb_urllib3\urllib3\connectionpool.py", line 691, in urlopen
    return self.urlopen(method, url, body, headers, retries,
           ^^^^^^^^^^^^^^^^^^^^^^^^^^^^^^^^^^^^^^^^^^^^^^^^^
  File "C:\Users\Win10 Pro\AppData\Roaming\Python\Python311\site-packages\telegram\vendor\ptb_urllib3\urllib3\connectionpool.py", line 691, in urlopen
    return self.urlopen(method, url, body, headers, retries,
           ^^^^^^^^^^^^^^^^^^^^^^^^^^^^^^^^^^^^^^^^^^^^^^^^^
  File "C:\Users\Win10 Pro\AppData\Roaming\Python\Python311\site-packages\telegram\vendor\ptb_urllib3\urllib3\connectionpool.py", line 691, in urlopen
    return self.urlopen(method, url, body, headers, retries,
           ^^^^^^^^^^^^^^^^^^^^^^^^^^^^^^^^^^^^^^^^^^^^^^^^^
  File "C:\Users\Win10 Pro\AppData\Roaming\Python\Python311\site-packages\telegram\vendor\ptb_urllib3\urllib3\connectionpool.py", line 665, in urlopen
    retries = retries.increment(method, url, error=e, _pool=self,
              ^^^^^^^^^^^^^^^^^^^^^^^^^^^^^^^^^^^^^^^^^^^^^^^^^^^
  File "C:\Users\Win10 Pro\AppData\Roaming\Python\Python311\site-packages\telegram\vendor\ptb_urllib3\urllib3\util\retry.py", line 376, in increment
    raise MaxRetryError(_pool, url, error or ResponseError(cause))
telegram.vendor.ptb_urllib3.urllib3.exceptions.MaxRetryError: HTTPSConnectionPool(host='api.telegram.org', port=443): Max retries exceeded with url: /bot8383643986:AAFVI4MDb2zjy7DT9lsI3x6rn2UOyd-biPQ/getUpdates (Caused by NewConnectionError('<telegram.vendor.ptb_urllib3.urllib3.connection.VerifiedHTTPSConnection object at 0x0000014C338CE410>: Failed to establish a new connection: [WinError 10051] A socket operation was attempted to an unreachable network'))

The above exception was the direct cause of the following exception:

Traceback (most recent call last):
  File "C:\smyards_bot\bot_final_fixed.py", line 3221, in error_handler
    raise context.error
  File "C:\Users\Win10 Pro\AppData\Roaming\Python\Python311\site-packages\telegram\ext\updater.py", line 651, in _network_loop_retry
    if not action_cb():
           ^^^^^^^^^^^
  File "C:\Users\Win10 Pro\AppData\Roaming\Python\Python311\site-packages\telegram\ext\updater.py", line 602, in polling_action_cb
    updates = self.bot.get_updates(
              ^^^^^^^^^^^^^^^^^^^^^
  File "C:\Users\Win10 Pro\AppData\Roaming\Python\Python311\site-packages\telegram\ext\extbot.py", line 228, in get_updates
    updates = super().get_updates(
              ^^^^^^^^^^^^^^^^^^^^
  File "C:\Users\Win10 Pro\AppData\Roaming\Python\Python311\site-packages\telegram\bot.py", line 134, in decorator
    result = func(*args, **kwargs)
             ^^^^^^^^^^^^^^^^^^^^^
  File "C:\Users\Win10 Pro\AppData\Roaming\Python\Python311\site-packages\telegram\bot.py", line 3140, in get_updates
    self._post(
  File "C:\Users\Win10 Pro\AppData\Roaming\Python\Python311\site-packages\telegram\bot.py", line 299, in _post
    return self.request.post(
           ^^^^^^^^^^^^^^^^^^
  File "C:\Users\Win10 Pro\AppData\Roaming\Python\Python311\site-packages\telegram\utils\request.py", line 361, in post
    result = self._request_wrapper(
             ^^^^^^^^^^^^^^^^^^^^^^
  File "C:\Users\Win10 Pro\AppData\Roaming\Python\Python311\site-packages\telegram\utils\request.py", line 265, in _request_wrapper
    raise NetworkError(f'urllib3 HTTPError {error}') from error
telegram.error.NetworkError: urllib3 HTTPError HTTPSConnectionPool(host='api.telegram.org', port=443): Max retries exceeded with url: /bot8383643986:AAFVI4MDb2zjy7DT9lsI3x6rn2UOyd-biPQ/getUpdates (Caused by NewConnectionError('<telegram.vendor.ptb_urllib3.urllib3.connection.VerifiedHTTPSConnection object at 0x0000014C338CE410>: Failed to establish a new connection: [WinError 10051] A socket operation was attempted to an unreachable network'))

2025-12-30 21:09:46,439 - __main__ - ERROR - Update "None" caused error "urllib3 HTTPError HTTPSConnectionPool(host='api.telegram.org', port=443): Max retries exceeded with url: /bot8383643986:AAFVI4MDb2zjy7DT9lsI3x6rn2UOyd-biPQ/getUpdates (Caused by NewConnectionError('<telegram.vendor.ptb_urllib3.urllib3.connection.VerifiedHTTPSConnection object at 0x0000014C338CD3D0>: Failed to establish a new connection: [WinError 10051] A socket operation was attempted to an unreachable network'))"
2025-12-30 21:09:46,450 - __main__ - ERROR - Full error: Traceback (most recent call last):
  File "C:\Users\Win10 Pro\AppData\Roaming\Python\Python311\site-packages\telegram\vendor\ptb_urllib3\urllib3\connection.py", line 140, in _new_conn
    conn = connection.create_connection(
           ^^^^^^^^^^^^^^^^^^^^^^^^^^^^^
  File "C:\Users\Win10 Pro\AppData\Roaming\Python\Python311\site-packages\telegram\vendor\ptb_urllib3\urllib3\util\connection.py", line 83, in create_connection
    raise err
  File "C:\Users\Win10 Pro\AppData\Roaming\Python\Python311\site-packages\telegram\vendor\ptb_urllib3\urllib3\util\connection.py", line 73, in create_connection
    sock.connect(sa)
OSError: [WinError 10051] A socket operation was attempted to an unreachable network

During handling of the above exception, another exception occurred:

Traceback (most recent call last):
  File "C:\Users\Win10 Pro\AppData\Roaming\Python\Python311\site-packages\telegram\vendor\ptb_urllib3\urllib3\connectionpool.py", line 614, in urlopen
    httplib_response = self._make_request(conn, method, url,
                       ^^^^^^^^^^^^^^^^^^^^^^^^^^^^^^^^^^^^^
  File "C:\Users\Win10 Pro\AppData\Roaming\Python\Python311\site-packages\telegram\vendor\ptb_urllib3\urllib3\connectionpool.py", line 360, in _make_request
    self._validate_conn(conn)
  File "C:\Users\Win10 Pro\AppData\Roaming\Python\Python311\site-packages\telegram\vendor\ptb_urllib3\urllib3\connectionpool.py", line 857, in _validate_conn
    super(HTTPSConnectionPool, self)._validate_conn(conn)
  File "C:\Users\Win10 Pro\AppData\Roaming\Python\Python311\site-packages\telegram\vendor\ptb_urllib3\urllib3\connectionpool.py", line 289, in _validate_conn
    conn.connect()
  File "C:\Users\Win10 Pro\AppData\Roaming\Python\Python311\site-packages\telegram\vendor\ptb_urllib3\urllib3\connection.py", line 284, in connect
    conn = self._new_conn()
           ^^^^^^^^^^^^^^^^
  File "C:\Users\Win10 Pro\AppData\Roaming\Python\Python311\site-packages\telegram\vendor\ptb_urllib3\urllib3\connection.py", line 149, in _new_conn
    raise NewConnectionError(
telegram.vendor.ptb_urllib3.urllib3.exceptions.NewConnectionError: <telegram.vendor.ptb_urllib3.urllib3.connection.VerifiedHTTPSConnection object at 0x0000014C338CD3D0>: Failed to establish a new connection: [WinError 10051] A socket operation was attempted to an unreachable network

During handling of the above exception, another exception occurred:

Traceback (most recent call last):
  File "C:\Users\Win10 Pro\AppData\Roaming\Python\Python311\site-packages\telegram\utils\request.py", line 259, in _request_wrapper
    resp = self._con_pool.request(*args, **kwargs)
           ^^^^^^^^^^^^^^^^^^^^^^^^^^^^^^^^^^^^^^^
  File "C:\Users\Win10 Pro\AppData\Roaming\Python\Python311\site-packages\telegram\vendor\ptb_urllib3\urllib3\request.py", line 68, in request
    return self.request_encode_body(method, url, fields=fields,
           ^^^^^^^^^^^^^^^^^^^^^^^^^^^^^^^^^^^^^^^^^^^^^^^^^^^^
  File "C:\Users\Win10 Pro\AppData\Roaming\Python\Python311\site-packages\telegram\vendor\ptb_urllib3\urllib3\request.py", line 148, in request_encode_body
    return self.urlopen(method, url, **extra_kw)
           ^^^^^^^^^^^^^^^^^^^^^^^^^^^^^^^^^^^^^
  File "C:\Users\Win10 Pro\AppData\Roaming\Python\Python311\site-packages\telegram\vendor\ptb_urllib3\urllib3\poolmanager.py", line 244, in urlopen
    response = conn.urlopen(method, u.request_uri, **kw)
               ^^^^^^^^^^^^^^^^^^^^^^^^^^^^^^^^^^^^^^^^^
  File "C:\Users\Win10 Pro\AppData\Roaming\Python\Python311\site-packages\telegram\vendor\ptb_urllib3\urllib3\connectionpool.py", line 691, in urlopen
    return self.urlopen(method, url, body, headers, retries,
           ^^^^^^^^^^^^^^^^^^^^^^^^^^^^^^^^^^^^^^^^^^^^^^^^^
  File "C:\Users\Win10 Pro\AppData\Roaming\Python\Python311\site-packages\telegram\vendor\ptb_urllib3\urllib3\connectionpool.py", line 691, in urlopen
    return self.urlopen(method, url, body, headers, retries,
           ^^^^^^^^^^^^^^^^^^^^^^^^^^^^^^^^^^^^^^^^^^^^^^^^^
  File "C:\Users\Win10 Pro\AppData\Roaming\Python\Python311\site-packages\telegram\vendor\ptb_urllib3\urllib3\connectionpool.py", line 691, in urlopen
    return self.urlopen(method, url, body, headers, retries,
           ^^^^^^^^^^^^^^^^^^^^^^^^^^^^^^^^^^^^^^^^^^^^^^^^^
  File "C:\Users\Win10 Pro\AppData\Roaming\Python\Python311\site-packages\telegram\vendor\ptb_urllib3\urllib3\connectionpool.py", line 665, in urlopen
    retries = retries.increment(method, url, error=e, _pool=self,
              ^^^^^^^^^^^^^^^^^^^^^^^^^^^^^^^^^^^^^^^^^^^^^^^^^^^
  File "C:\Users\Win10 Pro\AppData\Roaming\Python\Python311\site-packages\telegram\vendor\ptb_urllib3\urllib3\util\retry.py", line 376, in increment
    raise MaxRetryError(_pool, url, error or ResponseError(cause))
telegram.vendor.ptb_urllib3.urllib3.exceptions.MaxRetryError: HTTPSConnectionPool(host='api.telegram.org', port=443): Max retries exceeded with url: /bot8383643986:AAFVI4MDb2zjy7DT9lsI3x6rn2UOyd-biPQ/getUpdates (Caused by NewConnectionError('<telegram.vendor.ptb_urllib3.urllib3.connection.VerifiedHTTPSConnection object at 0x0000014C338CD3D0>: Failed to establish a new connection: [WinError 10051] A socket operation was attempted to an unreachable network'))

The above exception was the direct cause of the following exception:

Traceback (most recent call last):
  File "C:\smyards_bot\bot_final_fixed.py", line 3221, in error_handler
    raise context.error
  File "C:\Users\Win10 Pro\AppData\Roaming\Python\Python311\site-packages\telegram\ext\updater.py", line 651, in _network_loop_retry
    if not action_cb():
           ^^^^^^^^^^^
  File "C:\Users\Win10 Pro\AppData\Roaming\Python\Python311\site-packages\telegram\ext\updater.py", line 602, in polling_action_cb
    updates = self.bot.get_updates(
              ^^^^^^^^^^^^^^^^^^^^^
  File "C:\Users\Win10 Pro\AppData\Roaming\Python\Python311\site-packages\telegram\ext\extbot.py", line 228, in get_updates
    updates = super().get_updates(
              ^^^^^^^^^^^^^^^^^^^^
  File "C:\Users\Win10 Pro\AppData\Roaming\Python\Python311\site-packages\telegram\bot.py", line 134, in decorator
    result = func(*args, **kwargs)
             ^^^^^^^^^^^^^^^^^^^^^
  File "C:\Users\Win10 Pro\AppData\Roaming\Python\Python311\site-packages\telegram\bot.py", line 3140, in get_updates
    self._post(
  File "C:\Users\Win10 Pro\AppData\Roaming\Python\Python311\site-packages\telegram\bot.py", line 299, in _post
    return self.request.post(
           ^^^^^^^^^^^^^^^^^^
  File "C:\Users\Win10 Pro\AppData\Roaming\Python\Python311\site-packages\telegram\utils\request.py", line 361, in post
    result = self._request_wrapper(
             ^^^^^^^^^^^^^^^^^^^^^^
  File "C:\Users\Win10 Pro\AppData\Roaming\Python\Python311\site-packages\telegram\utils\request.py", line 265, in _request_wrapper
    raise NetworkError(f'urllib3 HTTPError {error}') from error
telegram.error.NetworkError: urllib3 HTTPError HTTPSConnectionPool(host='api.telegram.org', port=443): Max retries exceeded with url: /bot8383643986:AAFVI4MDb2zjy7DT9lsI3x6rn2UOyd-biPQ/getUpdates (Caused by NewConnectionError('<telegram.vendor.ptb_urllib3.urllib3.connection.VerifiedHTTPSConnection object at 0x0000014C338CD3D0>: Failed to establish a new connection: [WinError 10051] A socket operation was attempted to an unreachable network'))

2025-12-30 21:10:36,576 - __main__ - ERROR - Update "None" caused error "urllib3 HTTPError HTTPSConnectionPool(host='api.telegram.org', port=443): Max retries exceeded with url: /bot8383643986:AAFVI4MDb2zjy7DT9lsI3x6rn2UOyd-biPQ/getUpdates (Caused by NewConnectionError('<telegram.vendor.ptb_urllib3.urllib3.connection.VerifiedHTTPSConnection object at 0x0000014C338B6410>: Failed to establish a new connection: [WinError 10051] A socket operation was attempted to an unreachable network'))"
2025-12-30 21:10:36,588 - __main__ - ERROR - Full error: Traceback (most recent call last):
  File "C:\Users\Win10 Pro\AppData\Roaming\Python\Python311\site-packages\telegram\vendor\ptb_urllib3\urllib3\connection.py", line 140, in _new_conn
    conn = connection.create_connection(
           ^^^^^^^^^^^^^^^^^^^^^^^^^^^^^
  File "C:\Users\Win10 Pro\AppData\Roaming\Python\Python311\site-packages\telegram\vendor\ptb_urllib3\urllib3\util\connection.py", line 83, in create_connection
    raise err
  File "C:\Users\Win10 Pro\AppData\Roaming\Python\Python311\site-packages\telegram\vendor\ptb_urllib3\urllib3\util\connection.py", line 73, in create_connection
    sock.connect(sa)
OSError: [WinError 10051] A socket operation was attempted to an unreachable network

During handling of the above exception, another exception occurred:

Traceback (most recent call last):
  File "C:\Users\Win10 Pro\AppData\Roaming\Python\Python311\site-packages\telegram\vendor\ptb_urllib3\urllib3\connectionpool.py", line 614, in urlopen
    httplib_response = self._make_request(conn, method, url,
                       ^^^^^^^^^^^^^^^^^^^^^^^^^^^^^^^^^^^^^
  File "C:\Users\Win10 Pro\AppData\Roaming\Python\Python311\site-packages\telegram\vendor\ptb_urllib3\urllib3\connectionpool.py", line 360, in _make_request
    self._validate_conn(conn)
  File "C:\Users\Win10 Pro\AppData\Roaming\Python\Python311\site-packages\telegram\vendor\ptb_urllib3\urllib3\connectionpool.py", line 857, in _validate_conn
    super(HTTPSConnectionPool, self)._validate_conn(conn)
  File "C:\Users\Win10 Pro\AppData\Roaming\Python\Python311\site-packages\telegram\vendor\ptb_urllib3\urllib3\connectionpool.py", line 289, in _validate_conn
    conn.connect()
  File "C:\Users\Win10 Pro\AppData\Roaming\Python\Python311\site-packages\telegram\vendor\ptb_urllib3\urllib3\connection.py", line 284, in connect
    conn = self._new_conn()
           ^^^^^^^^^^^^^^^^
  File "C:\Users\Win10 Pro\AppData\Roaming\Python\Python311\site-packages\telegram\vendor\ptb_urllib3\urllib3\connection.py", line 149, in _new_conn
    raise NewConnectionError(
telegram.vendor.ptb_urllib3.urllib3.exceptions.NewConnectionError: <telegram.vendor.ptb_urllib3.urllib3.connection.VerifiedHTTPSConnection object at 0x0000014C338B6410>: Failed to establish a new connection: [WinError 10051] A socket operation was attempted to an unreachable network

During handling of the above exception, another exception occurred:

Traceback (most recent call last):
  File "C:\Users\Win10 Pro\AppData\Roaming\Python\Python311\site-packages\telegram\utils\request.py", line 259, in _request_wrapper
    resp = self._con_pool.request(*args, **kwargs)
           ^^^^^^^^^^^^^^^^^^^^^^^^^^^^^^^^^^^^^^^
  File "C:\Users\Win10 Pro\AppData\Roaming\Python\Python311\site-packages\telegram\vendor\ptb_urllib3\urllib3\request.py", line 68, in request
    return self.request_encode_body(method, url, fields=fields,
           ^^^^^^^^^^^^^^^^^^^^^^^^^^^^^^^^^^^^^^^^^^^^^^^^^^^^
  File "C:\Users\Win10 Pro\AppData\Roaming\Python\Python311\site-packages\telegram\vendor\ptb_urllib3\urllib3\request.py", line 148, in request_encode_body
    return self.urlopen(method, url, **extra_kw)
           ^^^^^^^^^^^^^^^^^^^^^^^^^^^^^^^^^^^^^
  File "C:\Users\Win10 Pro\AppData\Roaming\Python\Python311\site-packages\telegram\vendor\ptb_urllib3\urllib3\poolmanager.py", line 244, in urlopen
    response = conn.urlopen(method, u.request_uri, **kw)
               ^^^^^^^^^^^^^^^^^^^^^^^^^^^^^^^^^^^^^^^^^
  File "C:\Users\Win10 Pro\AppData\Roaming\Python\Python311\site-packages\telegram\vendor\ptb_urllib3\urllib3\connectionpool.py", line 691, in urlopen
    return self.urlopen(method, url, body, headers, retries,
           ^^^^^^^^^^^^^^^^^^^^^^^^^^^^^^^^^^^^^^^^^^^^^^^^^
  File "C:\Users\Win10 Pro\AppData\Roaming\Python\Python311\site-packages\telegram\vendor\ptb_urllib3\urllib3\connectionpool.py", line 691, in urlopen
    return self.urlopen(method, url, body, headers, retries,
           ^^^^^^^^^^^^^^^^^^^^^^^^^^^^^^^^^^^^^^^^^^^^^^^^^
  File "C:\Users\Win10 Pro\AppData\Roaming\Python\Python311\site-packages\telegram\vendor\ptb_urllib3\urllib3\connectionpool.py", line 691, in urlopen
    return self.urlopen(method, url, body, headers, retries,
           ^^^^^^^^^^^^^^^^^^^^^^^^^^^^^^^^^^^^^^^^^^^^^^^^^
  File "C:\Users\Win10 Pro\AppData\Roaming\Python\Python311\site-packages\telegram\vendor\ptb_urllib3\urllib3\connectionpool.py", line 665, in urlopen
    retries = retries.increment(method, url, error=e, _pool=self,
              ^^^^^^^^^^^^^^^^^^^^^^^^^^^^^^^^^^^^^^^^^^^^^^^^^^^
  File "C:\Users\Win10 Pro\AppData\Roaming\Python\Python311\site-packages\telegram\vendor\ptb_urllib3\urllib3\util\retry.py", line 376, in increment
    raise MaxRetryError(_pool, url, error or ResponseError(cause))
telegram.vendor.ptb_urllib3.urllib3.exceptions.MaxRetryError: HTTPSConnectionPool(host='api.telegram.org', port=443): Max retries exceeded with url: /bot8383643986:AAFVI4MDb2zjy7DT9lsI3x6rn2UOyd-biPQ/getUpdates (Caused by NewConnectionError('<telegram.vendor.ptb_urllib3.urllib3.connection.VerifiedHTTPSConnection object at 0x0000014C338B6410>: Failed to establish a new connection: [WinError 10051] A socket operation was attempted to an unreachable network'))

The above exception was the direct cause of the following exception:

Traceback (most recent call last):
  File "C:\smyards_bot\bot_final_fixed.py", line 3221, in error_handler
    raise context.error
  File "C:\Users\Win10 Pro\AppData\Roaming\Python\Python311\site-packages\telegram\ext\updater.py", line 651, in _network_loop_retry
    if not action_cb():
           ^^^^^^^^^^^
  File "C:\Users\Win10 Pro\AppData\Roaming\Python\Python311\site-packages\telegram\ext\updater.py", line 602, in polling_action_cb
    updates = self.bot.get_updates(
              ^^^^^^^^^^^^^^^^^^^^^
  File "C:\Users\Win10 Pro\AppData\Roaming\Python\Python311\site-packages\telegram\ext\extbot.py", line 228, in get_updates
    updates = super().get_updates(
              ^^^^^^^^^^^^^^^^^^^^
  File "C:\Users\Win10 Pro\AppData\Roaming\Python\Python311\site-packages\telegram\bot.py", line 134, in decorator
    result = func(*args, **kwargs)
             ^^^^^^^^^^^^^^^^^^^^^
  File "C:\Users\Win10 Pro\AppData\Roaming\Python\Python311\site-packages\telegram\bot.py", line 3140, in get_updates
    self._post(
  File "C:\Users\Win10 Pro\AppData\Roaming\Python\Python311\site-packages\telegram\bot.py", line 299, in _post
    return self.request.post(
           ^^^^^^^^^^^^^^^^^^
  File "C:\Users\Win10 Pro\AppData\Roaming\Python\Python311\site-packages\telegram\utils\request.py", line 361, in post
    result = self._request_wrapper(
             ^^^^^^^^^^^^^^^^^^^^^^
  File "C:\Users\Win10 Pro\AppData\Roaming\Python\Python311\site-packages\telegram\utils\request.py", line 265, in _request_wrapper
    raise NetworkError(f'urllib3 HTTPError {error}') from error
telegram.error.NetworkError: urllib3 HTTPError HTTPSConnectionPool(host='api.telegram.org', port=443): Max retries exceeded with url: /bot8383643986:AAFVI4MDb2zjy7DT9lsI3x6rn2UOyd-biPQ/getUpdates (Caused by NewConnectionError('<telegram.vendor.ptb_urllib3.urllib3.connection.VerifiedHTTPSConnection object at 0x0000014C338B6410>: Failed to establish a new connection: [WinError 10051] A socket operation was attempted to an unreachable network'))

2025-12-30 21:11:26,729 - __main__ - ERROR - Update "None" caused error "urllib3 HTTPError HTTPSConnectionPool(host='api.telegram.org', port=443): Max retries exceeded with url: /bot8383643986:AAFVI4MDb2zjy7DT9lsI3x6rn2UOyd-biPQ/getUpdates (Caused by NewConnectionError('<telegram.vendor.ptb_urllib3.urllib3.connection.VerifiedHTTPSConnection object at 0x0000014C338B4BD0>: Failed to establish a new connection: [WinError 10051] A socket operation was attempted to an unreachable network'))"
2025-12-30 21:11:26,741 - __main__ - ERROR - Full error: Traceback (most recent call last):
  File "C:\Users\Win10 Pro\AppData\Roaming\Python\Python311\site-packages\telegram\vendor\ptb_urllib3\urllib3\connection.py", line 140, in _new_conn
    conn = connection.create_connection(
           ^^^^^^^^^^^^^^^^^^^^^^^^^^^^^
  File "C:\Users\Win10 Pro\AppData\Roaming\Python\Python311\site-packages\telegram\vendor\ptb_urllib3\urllib3\util\connection.py", line 83, in create_connection
    raise err
  File "C:\Users\Win10 Pro\AppData\Roaming\Python\Python311\site-packages\telegram\vendor\ptb_urllib3\urllib3\util\connection.py", line 73, in create_connection
    sock.connect(sa)
OSError: [WinError 10051] A socket operation was attempted to an unreachable network

During handling of the above exception, another exception occurred:

Traceback (most recent call last):
  File "C:\Users\Win10 Pro\AppData\Roaming\Python\Python311\site-packages\telegram\vendor\ptb_urllib3\urllib3\connectionpool.py", line 614, in urlopen
    httplib_response = self._make_request(conn, method, url,
                       ^^^^^^^^^^^^^^^^^^^^^^^^^^^^^^^^^^^^^
  File "C:\Users\Win10 Pro\AppData\Roaming\Python\Python311\site-packages\telegram\vendor\ptb_urllib3\urllib3\connectionpool.py", line 360, in _make_request
    self._validate_conn(conn)
  File "C:\Users\Win10 Pro\AppData\Roaming\Python\Python311\site-packages\telegram\vendor\ptb_urllib3\urllib3\connectionpool.py", line 857, in _validate_conn
    super(HTTPSConnectionPool, self)._validate_conn(conn)
  File "C:\Users\Win10 Pro\AppData\Roaming\Python\Python311\site-packages\telegram\vendor\ptb_urllib3\urllib3\connectionpool.py", line 289, in _validate_conn
    conn.connect()
  File "C:\Users\Win10 Pro\AppData\Roaming\Python\Python311\site-packages\telegram\vendor\ptb_urllib3\urllib3\connection.py", line 284, in connect
    conn = self._new_conn()
           ^^^^^^^^^^^^^^^^
  File "C:\Users\Win10 Pro\AppData\Roaming\Python\Python311\site-packages\telegram\vendor\ptb_urllib3\urllib3\connection.py", line 149, in _new_conn
    raise NewConnectionError(
telegram.vendor.ptb_urllib3.urllib3.exceptions.NewConnectionError: <telegram.vendor.ptb_urllib3.urllib3.connection.VerifiedHTTPSConnection object at 0x0000014C338B4BD0>: Failed to establish a new connection: [WinError 10051] A socket operation was attempted to an unreachable network

During handling of the above exception, another exception occurred:

Traceback (most recent call last):
  File "C:\Users\Win10 Pro\AppData\Roaming\Python\Python311\site-packages\telegram\utils\request.py", line 259, in _request_wrapper
    resp = self._con_pool.request(*args, **kwargs)
           ^^^^^^^^^^^^^^^^^^^^^^^^^^^^^^^^^^^^^^^
  File "C:\Users\Win10 Pro\AppData\Roaming\Python\Python311\site-packages\telegram\vendor\ptb_urllib3\urllib3\request.py", line 68, in request
    return self.request_encode_body(method, url, fields=fields,
           ^^^^^^^^^^^^^^^^^^^^^^^^^^^^^^^^^^^^^^^^^^^^^^^^^^^^
  File "C:\Users\Win10 Pro\AppData\Roaming\Python\Python311\site-packages\telegram\vendor\ptb_urllib3\urllib3\request.py", line 148, in request_encode_body
    return self.urlopen(method, url, **extra_kw)
           ^^^^^^^^^^^^^^^^^^^^^^^^^^^^^^^^^^^^^
  File "C:\Users\Win10 Pro\AppData\Roaming\Python\Python311\site-packages\telegram\vendor\ptb_urllib3\urllib3\poolmanager.py", line 244, in urlopen
    response = conn.urlopen(method, u.request_uri, **kw)
               ^^^^^^^^^^^^^^^^^^^^^^^^^^^^^^^^^^^^^^^^^
  File "C:\Users\Win10 Pro\AppData\Roaming\Python\Python311\site-packages\telegram\vendor\ptb_urllib3\urllib3\connectionpool.py", line 691, in urlopen
    return self.urlopen(method, url, body, headers, retries,
           ^^^^^^^^^^^^^^^^^^^^^^^^^^^^^^^^^^^^^^^^^^^^^^^^^
  File "C:\Users\Win10 Pro\AppData\Roaming\Python\Python311\site-packages\telegram\vendor\ptb_urllib3\urllib3\connectionpool.py", line 691, in urlopen
    return self.urlopen(method, url, body, headers, retries,
           ^^^^^^^^^^^^^^^^^^^^^^^^^^^^^^^^^^^^^^^^^^^^^^^^^
  File "C:\Users\Win10 Pro\AppData\Roaming\Python\Python311\site-packages\telegram\vendor\ptb_urllib3\urllib3\connectionpool.py", line 691, in urlopen
    return self.urlopen(method, url, body, headers, retries,
           ^^^^^^^^^^^^^^^^^^^^^^^^^^^^^^^^^^^^^^^^^^^^^^^^^
  File "C:\Users\Win10 Pro\AppData\Roaming\Python\Python311\site-packages\telegram\vendor\ptb_urllib3\urllib3\connectionpool.py", line 665, in urlopen
    retries = retries.increment(method, url, error=e, _pool=self,
              ^^^^^^^^^^^^^^^^^^^^^^^^^^^^^^^^^^^^^^^^^^^^^^^^^^^
  File "C:\Users\Win10 Pro\AppData\Roaming\Python\Python311\site-packages\telegram\vendor\ptb_urllib3\urllib3\util\retry.py", line 376, in increment
    raise MaxRetryError(_pool, url, error or ResponseError(cause))
telegram.vendor.ptb_urllib3.urllib3.exceptions.MaxRetryError: HTTPSConnectionPool(host='api.telegram.org', port=443): Max retries exceeded with url: /bot8383643986:AAFVI4MDb2zjy7DT9lsI3x6rn2UOyd-biPQ/getUpdates (Caused by NewConnectionError('<telegram.vendor.ptb_urllib3.urllib3.connection.VerifiedHTTPSConnection object at 0x0000014C338B4BD0>: Failed to establish a new connection: [WinError 10051] A socket operation was attempted to an unreachable network'))

The above exception was the direct cause of the following exception:

Traceback (most recent call last):
  File "C:\smyards_bot\bot_final_fixed.py", line 3221, in error_handler
    raise context.error
  File "C:\Users\Win10 Pro\AppData\Roaming\Python\Python311\site-packages\telegram\ext\updater.py", line 651, in _network_loop_retry
    if not action_cb():
           ^^^^^^^^^^^
  File "C:\Users\Win10 Pro\AppData\Roaming\Python\Python311\site-packages\telegram\ext\updater.py", line 602, in polling_action_cb
    updates = self.bot.get_updates(
              ^^^^^^^^^^^^^^^^^^^^^
  File "C:\Users\Win10 Pro\AppData\Roaming\Python\Python311\site-packages\telegram\ext\extbot.py", line 228, in get_updates
    updates = super().get_updates(
              ^^^^^^^^^^^^^^^^^^^^
  File "C:\Users\Win10 Pro\AppData\Roaming\Python\Python311\site-packages\telegram\bot.py", line 134, in decorator
    result = func(*args, **kwargs)
             ^^^^^^^^^^^^^^^^^^^^^
  File "C:\Users\Win10 Pro\AppData\Roaming\Python\Python311\site-packages\telegram\bot.py", line 3140, in get_updates
    self._post(
  File "C:\Users\Win10 Pro\AppData\Roaming\Python\Python311\site-packages\telegram\bot.py", line 299, in _post
    return self.request.post(
           ^^^^^^^^^^^^^^^^^^
  File "C:\Users\Win10 Pro\AppData\Roaming\Python\Python311\site-packages\telegram\utils\request.py", line 361, in post
    result = self._request_wrapper(
             ^^^^^^^^^^^^^^^^^^^^^^
  File "C:\Users\Win10 Pro\AppData\Roaming\Python\Python311\site-packages\telegram\utils\request.py", line 265, in _request_wrapper
    raise NetworkError(f'urllib3 HTTPError {error}') from error
telegram.error.NetworkError: urllib3 HTTPError HTTPSConnectionPool(host='api.telegram.org', port=443): Max retries exceeded with url: /bot8383643986:AAFVI4MDb2zjy7DT9lsI3x6rn2UOyd-biPQ/getUpdates (Caused by NewConnectionError('<telegram.vendor.ptb_urllib3.urllib3.connection.VerifiedHTTPSConnection object at 0x0000014C338B4BD0>: Failed to establish a new connection: [WinError 10051] A socket operation was attempted to an unreachable network'))

2025-12-30 21:12:16,844 - __main__ - ERROR - Update "None" caused error "urllib3 HTTPError HTTPSConnectionPool(host='api.telegram.org', port=443): Max retries exceeded with url: /bot8383643986:AAFVI4MDb2zjy7DT9lsI3x6rn2UOyd-biPQ/getUpdates (Caused by NewConnectionError('<telegram.vendor.ptb_urllib3.urllib3.connection.VerifiedHTTPSConnection object at 0x0000014C338CE290>: Failed to establish a new connection: [WinError 10051] A socket operation was attempted to an unreachable network'))"
2025-12-30 21:12:16,856 - __main__ - ERROR - Full error: Traceback (most recent call last):
  File "C:\Users\Win10 Pro\AppData\Roaming\Python\Python311\site-packages\telegram\vendor\ptb_urllib3\urllib3\connection.py", line 140, in _new_conn
    conn = connection.create_connection(
           ^^^^^^^^^^^^^^^^^^^^^^^^^^^^^
  File "C:\Users\Win10 Pro\AppData\Roaming\Python\Python311\site-packages\telegram\vendor\ptb_urllib3\urllib3\util\connection.py", line 83, in create_connection
    raise err
  File "C:\Users\Win10 Pro\AppData\Roaming\Python\Python311\site-packages\telegram\vendor\ptb_urllib3\urllib3\util\connection.py", line 73, in create_connection
    sock.connect(sa)
OSError: [WinError 10051] A socket operation was attempted to an unreachable network

During handling of the above exception, another exception occurred:

Traceback (most recent call last):
  File "C:\Users\Win10 Pro\AppData\Roaming\Python\Python311\site-packages\telegram\vendor\ptb_urllib3\urllib3\connectionpool.py", line 614, in urlopen
    httplib_response = self._make_request(conn, method, url,
                       ^^^^^^^^^^^^^^^^^^^^^^^^^^^^^^^^^^^^^
  File "C:\Users\Win10 Pro\AppData\Roaming\Python\Python311\site-packages\telegram\vendor\ptb_urllib3\urllib3\connectionpool.py", line 360, in _make_request
    self._validate_conn(conn)
  File "C:\Users\Win10 Pro\AppData\Roaming\Python\Python311\site-packages\telegram\vendor\ptb_urllib3\urllib3\connectionpool.py", line 857, in _validate_conn
    super(HTTPSConnectionPool, self)._validate_conn(conn)
  File "C:\Users\Win10 Pro\AppData\Roaming\Python\Python311\site-packages\telegram\vendor\ptb_urllib3\urllib3\connectionpool.py", line 289, in _validate_conn
    conn.connect()
  File "C:\Users\Win10 Pro\AppData\Roaming\Python\Python311\site-packages\telegram\vendor\ptb_urllib3\urllib3\connection.py", line 284, in connect
    conn = self._new_conn()
           ^^^^^^^^^^^^^^^^
  File "C:\Users\Win10 Pro\AppData\Roaming\Python\Python311\site-packages\telegram\vendor\ptb_urllib3\urllib3\connection.py", line 149, in _new_conn
    raise NewConnectionError(
telegram.vendor.ptb_urllib3.urllib3.exceptions.NewConnectionError: <telegram.vendor.ptb_urllib3.urllib3.connection.VerifiedHTTPSConnection object at 0x0000014C338CE290>: Failed to establish a new connection: [WinError 10051] A socket operation was attempted to an unreachable network

During handling of the above exception, another exception occurred:

Traceback (most recent call last):
  File "C:\Users\Win10 Pro\AppData\Roaming\Python\Python311\site-packages\telegram\utils\request.py", line 259, in _request_wrapper
    resp = self._con_pool.request(*args, **kwargs)
           ^^^^^^^^^^^^^^^^^^^^^^^^^^^^^^^^^^^^^^^
  File "C:\Users\Win10 Pro\AppData\Roaming\Python\Python311\site-packages\telegram\vendor\ptb_urllib3\urllib3\request.py", line 68, in request
    return self.request_encode_body(method, url, fields=fields,
           ^^^^^^^^^^^^^^^^^^^^^^^^^^^^^^^^^^^^^^^^^^^^^^^^^^^^
  File "C:\Users\Win10 Pro\AppData\Roaming\Python\Python311\site-packages\telegram\vendor\ptb_urllib3\urllib3\request.py", line 148, in request_encode_body
    return self.urlopen(method, url, **extra_kw)
           ^^^^^^^^^^^^^^^^^^^^^^^^^^^^^^^^^^^^^
  File "C:\Users\Win10 Pro\AppData\Roaming\Python\Python311\site-packages\telegram\vendor\ptb_urllib3\urllib3\poolmanager.py", line 244, in urlopen
    response = conn.urlopen(method, u.request_uri, **kw)
               ^^^^^^^^^^^^^^^^^^^^^^^^^^^^^^^^^^^^^^^^^
  File "C:\Users\Win10 Pro\AppData\Roaming\Python\Python311\site-packages\telegram\vendor\ptb_urllib3\urllib3\connectionpool.py", line 691, in urlopen
    return self.urlopen(method, url, body, headers, retries,
           ^^^^^^^^^^^^^^^^^^^^^^^^^^^^^^^^^^^^^^^^^^^^^^^^^
  File "C:\Users\Win10 Pro\AppData\Roaming\Python\Python311\site-packages\telegram\vendor\ptb_urllib3\urllib3\connectionpool.py", line 691, in urlopen
    return self.urlopen(method, url, body, headers, retries,
           ^^^^^^^^^^^^^^^^^^^^^^^^^^^^^^^^^^^^^^^^^^^^^^^^^
  File "C:\Users\Win10 Pro\AppData\Roaming\Python\Python311\site-packages\telegram\vendor\ptb_urllib3\urllib3\connectionpool.py", line 691, in urlopen
    return self.urlopen(method, url, body, headers, retries,
           ^^^^^^^^^^^^^^^^^^^^^^^^^^^^^^^^^^^^^^^^^^^^^^^^^
  File "C:\Users\Win10 Pro\AppData\Roaming\Python\Python311\site-packages\telegram\vendor\ptb_urllib3\urllib3\connectionpool.py", line 665, in urlopen
    retries = retries.increment(method, url, error=e, _pool=self,
              ^^^^^^^^^^^^^^^^^^^^^^^^^^^^^^^^^^^^^^^^^^^^^^^^^^^
  File "C:\Users\Win10 Pro\AppData\Roaming\Python\Python311\site-packages\telegram\vendor\ptb_urllib3\urllib3\util\retry.py", line 376, in increment
    raise MaxRetryError(_pool, url, error or ResponseError(cause))
telegram.vendor.ptb_urllib3.urllib3.exceptions.MaxRetryError: HTTPSConnectionPool(host='api.telegram.org', port=443): Max retries exceeded with url: /bot8383643986:AAFVI4MDb2zjy7DT9lsI3x6rn2UOyd-biPQ/getUpdates (Caused by NewConnectionError('<telegram.vendor.ptb_urllib3.urllib3.connection.VerifiedHTTPSConnection object at 0x0000014C338CE290>: Failed to establish a new connection: [WinError 10051] A socket operation was attempted to an unreachable network'))

The above exception was the direct cause of the following exception:

Traceback (most recent call last):
  File "C:\smyards_bot\bot_final_fixed.py", line 3221, in error_handler
    raise context.error
  File "C:\Users\Win10 Pro\AppData\Roaming\Python\Python311\site-packages\telegram\ext\updater.py", line 651, in _network_loop_retry
    if not action_cb():
           ^^^^^^^^^^^
  File "C:\Users\Win10 Pro\AppData\Roaming\Python\Python311\site-packages\telegram\ext\updater.py", line 602, in polling_action_cb
    updates = self.bot.get_updates(
              ^^^^^^^^^^^^^^^^^^^^^
  File "C:\Users\Win10 Pro\AppData\Roaming\Python\Python311\site-packages\telegram\ext\extbot.py", line 228, in get_updates
    updates = super().get_updates(
              ^^^^^^^^^^^^^^^^^^^^
  File "C:\Users\Win10 Pro\AppData\Roaming\Python\Python311\site-packages\telegram\bot.py", line 134, in decorator
    result = func(*args, **kwargs)
             ^^^^^^^^^^^^^^^^^^^^^
  File "C:\Users\Win10 Pro\AppData\Roaming\Python\Python311\site-packages\telegram\bot.py", line 3140, in get_updates
    self._post(
  File "C:\Users\Win10 Pro\AppData\Roaming\Python\Python311\site-packages\telegram\bot.py", line 299, in _post
    return self.request.post(
           ^^^^^^^^^^^^^^^^^^
  File "C:\Users\Win10 Pro\AppData\Roaming\Python\Python311\site-packages\telegram\utils\request.py", line 361, in post
    result = self._request_wrapper(
             ^^^^^^^^^^^^^^^^^^^^^^
  File "C:\Users\Win10 Pro\AppData\Roaming\Python\Python311\site-packages\telegram\utils\request.py", line 265, in _request_wrapper
    raise NetworkError(f'urllib3 HTTPError {error}') from error
telegram.error.NetworkError: urllib3 HTTPError HTTPSConnectionPool(host='api.telegram.org', port=443): Max retries exceeded with url: /bot8383643986:AAFVI4MDb2zjy7DT9lsI3x6rn2UOyd-biPQ/getUpdates (Caused by NewConnectionError('<telegram.vendor.ptb_urllib3.urllib3.connection.VerifiedHTTPSConnection object at 0x0000014C338CE290>: Failed to establish a new connection: [WinError 10051] A socket operation was attempted to an unreachable network'))

2025-12-30 21:13:06,979 - __main__ - ERROR - Update "None" caused error "urllib3 HTTPError HTTPSConnectionPool(host='api.telegram.org', port=443): Max retries exceeded with url: /bot8383643986:AAFVI4MDb2zjy7DT9lsI3x6rn2UOyd-biPQ/getUpdates (Caused by NewConnectionError('<telegram.vendor.ptb_urllib3.urllib3.connection.VerifiedHTTPSConnection object at 0x0000014C338DC590>: Failed to establish a new connection: [WinError 10051] A socket operation was attempted to an unreachable network'))"
2025-12-30 21:13:06,990 - __main__ - ERROR - Full error: Traceback (most recent call last):
  File "C:\Users\Win10 Pro\AppData\Roaming\Python\Python311\site-packages\telegram\vendor\ptb_urllib3\urllib3\connection.py", line 140, in _new_conn
    conn = connection.create_connection(
           ^^^^^^^^^^^^^^^^^^^^^^^^^^^^^
  File "C:\Users\Win10 Pro\AppData\Roaming\Python\Python311\site-packages\telegram\vendor\ptb_urllib3\urllib3\util\connection.py", line 83, in create_connection
    raise err
  File "C:\Users\Win10 Pro\AppData\Roaming\Python\Python311\site-packages\telegram\vendor\ptb_urllib3\urllib3\util\connection.py", line 73, in create_connection
    sock.connect(sa)
OSError: [WinError 10051] A socket operation was attempted to an unreachable network

During handling of the above exception, another exception occurred:

Traceback (most recent call last):
  File "C:\Users\Win10 Pro\AppData\Roaming\Python\Python311\site-packages\telegram\vendor\ptb_urllib3\urllib3\connectionpool.py", line 614, in urlopen
    httplib_response = self._make_request(conn, method, url,
                       ^^^^^^^^^^^^^^^^^^^^^^^^^^^^^^^^^^^^^
  File "C:\Users\Win10 Pro\AppData\Roaming\Python\Python311\site-packages\telegram\vendor\ptb_urllib3\urllib3\connectionpool.py", line 360, in _make_request
    self._validate_conn(conn)
  File "C:\Users\Win10 Pro\AppData\Roaming\Python\Python311\site-packages\telegram\vendor\ptb_urllib3\urllib3\connectionpool.py", line 857, in _validate_conn
    super(HTTPSConnectionPool, self)._validate_conn(conn)
  File "C:\Users\Win10 Pro\AppData\Roaming\Python\Python311\site-packages\telegram\vendor\ptb_urllib3\urllib3\connectionpool.py", line 289, in _validate_conn
    conn.connect()
  File "C:\Users\Win10 Pro\AppData\Roaming\Python\Python311\site-packages\telegram\vendor\ptb_urllib3\urllib3\connection.py", line 284, in connect
    conn = self._new_conn()
           ^^^^^^^^^^^^^^^^
  File "C:\Users\Win10 Pro\AppData\Roaming\Python\Python311\site-packages\telegram\vendor\ptb_urllib3\urllib3\connection.py", line 149, in _new_conn
    raise NewConnectionError(
telegram.vendor.ptb_urllib3.urllib3.exceptions.NewConnectionError: <telegram.vendor.ptb_urllib3.urllib3.connection.VerifiedHTTPSConnection object at 0x0000014C338DC590>: Failed to establish a new connection: [WinError 10051] A socket operation was attempted to an unreachable network

During handling of the above exception, another exception occurred:

Traceback (most recent call last):
  File "C:\Users\Win10 Pro\AppData\Roaming\Python\Python311\site-packages\telegram\utils\request.py", line 259, in _request_wrapper
    resp = self._con_pool.request(*args, **kwargs)
           ^^^^^^^^^^^^^^^^^^^^^^^^^^^^^^^^^^^^^^^
  File "C:\Users\Win10 Pro\AppData\Roaming\Python\Python311\site-packages\telegram\vendor\ptb_urllib3\urllib3\request.py", line 68, in request
    return self.request_encode_body(method, url, fields=fields,
           ^^^^^^^^^^^^^^^^^^^^^^^^^^^^^^^^^^^^^^^^^^^^^^^^^^^^
  File "C:\Users\Win10 Pro\AppData\Roaming\Python\Python311\site-packages\telegram\vendor\ptb_urllib3\urllib3\request.py", line 148, in request_encode_body
    return self.urlopen(method, url, **extra_kw)
           ^^^^^^^^^^^^^^^^^^^^^^^^^^^^^^^^^^^^^
  File "C:\Users\Win10 Pro\AppData\Roaming\Python\Python311\site-packages\telegram\vendor\ptb_urllib3\urllib3\poolmanager.py", line 244, in urlopen
    response = conn.urlopen(method, u.request_uri, **kw)
               ^^^^^^^^^^^^^^^^^^^^^^^^^^^^^^^^^^^^^^^^^
  File "C:\Users\Win10 Pro\AppData\Roaming\Python\Python311\site-packages\telegram\vendor\ptb_urllib3\urllib3\connectionpool.py", line 691, in urlopen
    return self.urlopen(method, url, body, headers, retries,
           ^^^^^^^^^^^^^^^^^^^^^^^^^^^^^^^^^^^^^^^^^^^^^^^^^
  File "C:\Users\Win10 Pro\AppData\Roaming\Python\Python311\site-packages\telegram\vendor\ptb_urllib3\urllib3\connectionpool.py", line 691, in urlopen
    return self.urlopen(method, url, body, headers, retries,
           ^^^^^^^^^^^^^^^^^^^^^^^^^^^^^^^^^^^^^^^^^^^^^^^^^
  File "C:\Users\Win10 Pro\AppData\Roaming\Python\Python311\site-packages\telegram\vendor\ptb_urllib3\urllib3\connectionpool.py", line 691, in urlopen
    return self.urlopen(method, url, body, headers, retries,
           ^^^^^^^^^^^^^^^^^^^^^^^^^^^^^^^^^^^^^^^^^^^^^^^^^
  File "C:\Users\Win10 Pro\AppData\Roaming\Python\Python311\site-packages\telegram\vendor\ptb_urllib3\urllib3\connectionpool.py", line 665, in urlopen
    retries = retries.increment(method, url, error=e, _pool=self,
              ^^^^^^^^^^^^^^^^^^^^^^^^^^^^^^^^^^^^^^^^^^^^^^^^^^^
  File "C:\Users\Win10 Pro\AppData\Roaming\Python\Python311\site-packages\telegram\vendor\ptb_urllib3\urllib3\util\retry.py", line 376, in increment
    raise MaxRetryError(_pool, url, error or ResponseError(cause))
telegram.vendor.ptb_urllib3.urllib3.exceptions.MaxRetryError: HTTPSConnectionPool(host='api.telegram.org', port=443): Max retries exceeded with url: /bot8383643986:AAFVI4MDb2zjy7DT9lsI3x6rn2UOyd-biPQ/getUpdates (Caused by NewConnectionError('<telegram.vendor.ptb_urllib3.urllib3.connection.VerifiedHTTPSConnection object at 0x0000014C338DC590>: Failed to establish a new connection: [WinError 10051] A socket operation was attempted to an unreachable network'))

The above exception was the direct cause of the following exception:

Traceback (most recent call last):
  File "C:\smyards_bot\bot_final_fixed.py", line 3221, in error_handler
    raise context.error
  File "C:\Users\Win10 Pro\AppData\Roaming\Python\Python311\site-packages\telegram\ext\updater.py", line 651, in _network_loop_retry
    if not action_cb():
           ^^^^^^^^^^^
  File "C:\Users\Win10 Pro\AppData\Roaming\Python\Python311\site-packages\telegram\ext\updater.py", line 602, in polling_action_cb
    updates = self.bot.get_updates(
              ^^^^^^^^^^^^^^^^^^^^^
  File "C:\Users\Win10 Pro\AppData\Roaming\Python\Python311\site-packages\telegram\ext\extbot.py", line 228, in get_updates
    updates = super().get_updates(
              ^^^^^^^^^^^^^^^^^^^^
  File "C:\Users\Win10 Pro\AppData\Roaming\Python\Python311\site-packages\telegram\bot.py", line 134, in decorator
    result = func(*args, **kwargs)
             ^^^^^^^^^^^^^^^^^^^^^
  File "C:\Users\Win10 Pro\AppData\Roaming\Python\Python311\site-packages\telegram\bot.py", line 3140, in get_updates
    self._post(
  File "C:\Users\Win10 Pro\AppData\Roaming\Python\Python311\site-packages\telegram\bot.py", line 299, in _post
    return self.request.post(
           ^^^^^^^^^^^^^^^^^^
  File "C:\Users\Win10 Pro\AppData\Roaming\Python\Python311\site-packages\telegram\utils\request.py", line 361, in post
    result = self._request_wrapper(
             ^^^^^^^^^^^^^^^^^^^^^^
  File "C:\Users\Win10 Pro\AppData\Roaming\Python\Python311\site-packages\telegram\utils\request.py", line 265, in _request_wrapper
    raise NetworkError(f'urllib3 HTTPError {error}') from error
telegram.error.NetworkError: urllib3 HTTPError HTTPSConnectionPool(host='api.telegram.org', port=443): Max retries exceeded with url: /bot8383643986:AAFVI4MDb2zjy7DT9lsI3x6rn2UOyd-biPQ/getUpdates (Caused by NewConnectionError('<telegram.vendor.ptb_urllib3.urllib3.connection.VerifiedHTTPSConnection object at 0x0000014C338DC590>: Failed to establish a new connection: [WinError 10051] A socket operation was attempted to an unreachable network'))

2025-12-30 21:13:57,108 - __main__ - ERROR - Update "None" caused error "urllib3 HTTPError HTTPSConnectionPool(host='api.telegram.org', port=443): Max retries exceeded with url: /bot8383643986:AAFVI4MDb2zjy7DT9lsI3x6rn2UOyd-biPQ/getUpdates (Caused by NewConnectionError('<telegram.vendor.ptb_urllib3.urllib3.connection.VerifiedHTTPSConnection object at 0x0000014C338B22D0>: Failed to establish a new connection: [WinError 10051] A socket operation was attempted to an unreachable network'))"
2025-12-30 21:13:57,114 - __main__ - ERROR - Full error: Traceback (most recent call last):
  File "C:\Users\Win10 Pro\AppData\Roaming\Python\Python311\site-packages\telegram\vendor\ptb_urllib3\urllib3\connection.py", line 140, in _new_conn
    conn = connection.create_connection(
           ^^^^^^^^^^^^^^^^^^^^^^^^^^^^^
  File "C:\Users\Win10 Pro\AppData\Roaming\Python\Python311\site-packages\telegram\vendor\ptb_urllib3\urllib3\util\connection.py", line 83, in create_connection
    raise err
  File "C:\Users\Win10 Pro\AppData\Roaming\Python\Python311\site-packages\telegram\vendor\ptb_urllib3\urllib3\util\connection.py", line 73, in create_connection
    sock.connect(sa)
OSError: [WinError 10051] A socket operation was attempted to an unreachable network

During handling of the above exception, another exception occurred:

Traceback (most recent call last):
  File "C:\Users\Win10 Pro\AppData\Roaming\Python\Python311\site-packages\telegram\vendor\ptb_urllib3\urllib3\connectionpool.py", line 614, in urlopen
    httplib_response = self._make_request(conn, method, url,
                       ^^^^^^^^^^^^^^^^^^^^^^^^^^^^^^^^^^^^^
  File "C:\Users\Win10 Pro\AppData\Roaming\Python\Python311\site-packages\telegram\vendor\ptb_urllib3\urllib3\connectionpool.py", line 360, in _make_request
    self._validate_conn(conn)
  File "C:\Users\Win10 Pro\AppData\Roaming\Python\Python311\site-packages\telegram\vendor\ptb_urllib3\urllib3\connectionpool.py", line 857, in _validate_conn
    super(HTTPSConnectionPool, self)._validate_conn(conn)
  File "C:\Users\Win10 Pro\AppData\Roaming\Python\Python311\site-packages\telegram\vendor\ptb_urllib3\urllib3\connectionpool.py", line 289, in _validate_conn
    conn.connect()
  File "C:\Users\Win10 Pro\AppData\Roaming\Python\Python311\site-packages\telegram\vendor\ptb_urllib3\urllib3\connection.py", line 284, in connect
    conn = self._new_conn()
           ^^^^^^^^^^^^^^^^
  File "C:\Users\Win10 Pro\AppData\Roaming\Python\Python311\site-packages\telegram\vendor\ptb_urllib3\urllib3\connection.py", line 149, in _new_conn
    raise NewConnectionError(
telegram.vendor.ptb_urllib3.urllib3.exceptions.NewConnectionError: <telegram.vendor.ptb_urllib3.urllib3.connection.VerifiedHTTPSConnection object at 0x0000014C338B22D0>: Failed to establish a new connection: [WinError 10051] A socket operation was attempted to an unreachable network

During handling of the above exception, another exception occurred:

Traceback (most recent call last):
  File "C:\Users\Win10 Pro\AppData\Roaming\Python\Python311\site-packages\telegram\utils\request.py", line 259, in _request_wrapper
    resp = self._con_pool.request(*args, **kwargs)
           ^^^^^^^^^^^^^^^^^^^^^^^^^^^^^^^^^^^^^^^
  File "C:\Users\Win10 Pro\AppData\Roaming\Python\Python311\site-packages\telegram\vendor\ptb_urllib3\urllib3\request.py", line 68, in request
    return self.request_encode_body(method, url, fields=fields,
           ^^^^^^^^^^^^^^^^^^^^^^^^^^^^^^^^^^^^^^^^^^^^^^^^^^^^
  File "C:\Users\Win10 Pro\AppData\Roaming\Python\Python311\site-packages\telegram\vendor\ptb_urllib3\urllib3\request.py", line 148, in request_encode_body
    return self.urlopen(method, url, **extra_kw)
           ^^^^^^^^^^^^^^^^^^^^^^^^^^^^^^^^^^^^^
  File "C:\Users\Win10 Pro\AppData\Roaming\Python\Python311\site-packages\telegram\vendor\ptb_urllib3\urllib3\poolmanager.py", line 244, in urlopen
    response = conn.urlopen(method, u.request_uri, **kw)
               ^^^^^^^^^^^^^^^^^^^^^^^^^^^^^^^^^^^^^^^^^
  File "C:\Users\Win10 Pro\AppData\Roaming\Python\Python311\site-packages\telegram\vendor\ptb_urllib3\urllib3\connectionpool.py", line 691, in urlopen
    return self.urlopen(method, url, body, headers, retries,
           ^^^^^^^^^^^^^^^^^^^^^^^^^^^^^^^^^^^^^^^^^^^^^^^^^
  File "C:\Users\Win10 Pro\AppData\Roaming\Python\Python311\site-packages\telegram\vendor\ptb_urllib3\urllib3\connectionpool.py", line 691, in urlopen
    return self.urlopen(method, url, body, headers, retries,
           ^^^^^^^^^^^^^^^^^^^^^^^^^^^^^^^^^^^^^^^^^^^^^^^^^
  File "C:\Users\Win10 Pro\AppData\Roaming\Python\Python311\site-packages\telegram\vendor\ptb_urllib3\urllib3\connectionpool.py", line 691, in urlopen
    return self.urlopen(method, url, body, headers, retries,
           ^^^^^^^^^^^^^^^^^^^^^^^^^^^^^^^^^^^^^^^^^^^^^^^^^
  File "C:\Users\Win10 Pro\AppData\Roaming\Python\Python311\site-packages\telegram\vendor\ptb_urllib3\urllib3\connectionpool.py", line 665, in urlopen
    retries = retries.increment(method, url, error=e, _pool=self,
              ^^^^^^^^^^^^^^^^^^^^^^^^^^^^^^^^^^^^^^^^^^^^^^^^^^^
  File "C:\Users\Win10 Pro\AppData\Roaming\Python\Python311\site-packages\telegram\vendor\ptb_urllib3\urllib3\util\retry.py", line 376, in increment
    raise MaxRetryError(_pool, url, error or ResponseError(cause))
telegram.vendor.ptb_urllib3.urllib3.exceptions.MaxRetryError: HTTPSConnectionPool(host='api.telegram.org', port=443): Max retries exceeded with url: /bot8383643986:AAFVI4MDb2zjy7DT9lsI3x6rn2UOyd-biPQ/getUpdates (Caused by NewConnectionError('<telegram.vendor.ptb_urllib3.urllib3.connection.VerifiedHTTPSConnection object at 0x0000014C338B22D0>: Failed to establish a new connection: [WinError 10051] A socket operation was attempted to an unreachable network'))

The above exception was the direct cause of the following exception:

Traceback (most recent call last):
  File "C:\smyards_bot\bot_final_fixed.py", line 3221, in error_handler
    raise context.error
  File "C:\Users\Win10 Pro\AppData\Roaming\Python\Python311\site-packages\telegram\ext\updater.py", line 651, in _network_loop_retry
    if not action_cb():
           ^^^^^^^^^^^
  File "C:\Users\Win10 Pro\AppData\Roaming\Python\Python311\site-packages\telegram\ext\updater.py", line 602, in polling_action_cb
    updates = self.bot.get_updates(
              ^^^^^^^^^^^^^^^^^^^^^
  File "C:\Users\Win10 Pro\AppData\Roaming\Python\Python311\site-packages\telegram\ext\extbot.py", line 228, in get_updates
    updates = super().get_updates(
              ^^^^^^^^^^^^^^^^^^^^
  File "C:\Users\Win10 Pro\AppData\Roaming\Python\Python311\site-packages\telegram\bot.py", line 134, in decorator
    result = func(*args, **kwargs)
             ^^^^^^^^^^^^^^^^^^^^^
  File "C:\Users\Win10 Pro\AppData\Roaming\Python\Python311\site-packages\telegram\bot.py", line 3140, in get_updates
    self._post(
  File "C:\Users\Win10 Pro\AppData\Roaming\Python\Python311\site-packages\telegram\bot.py", line 299, in _post
    return self.request.post(
           ^^^^^^^^^^^^^^^^^^
  File "C:\Users\Win10 Pro\AppData\Roaming\Python\Python311\site-packages\telegram\utils\request.py", line 361, in post
    result = self._request_wrapper(
             ^^^^^^^^^^^^^^^^^^^^^^
  File "C:\Users\Win10 Pro\AppData\Roaming\Python\Python311\site-packages\telegram\utils\request.py", line 265, in _request_wrapper
    raise NetworkError(f'urllib3 HTTPError {error}') from error
telegram.error.NetworkError: urllib3 HTTPError HTTPSConnectionPool(host='api.telegram.org', port=443): Max retries exceeded with url: /bot8383643986:AAFVI4MDb2zjy7DT9lsI3x6rn2UOyd-biPQ/getUpdates (Caused by NewConnectionError('<telegram.vendor.ptb_urllib3.urllib3.connection.VerifiedHTTPSConnection object at 0x0000014C338B22D0>: Failed to establish a new connection: [WinError 10051] A socket operation was attempted to an unreachable network'))

2025-12-30 21:14:47,251 - __main__ - ERROR - Update "None" caused error "urllib3 HTTPError HTTPSConnectionPool(host='api.telegram.org', port=443): Max retries exceeded with url: /bot8383643986:AAFVI4MDb2zjy7DT9lsI3x6rn2UOyd-biPQ/getUpdates (Caused by NewConnectionError('<telegram.vendor.ptb_urllib3.urllib3.connection.VerifiedHTTPSConnection object at 0x0000014C3389D8D0>: Failed to establish a new connection: [WinError 10051] A socket operation was attempted to an unreachable network'))"
2025-12-30 21:14:47,262 - __main__ - ERROR - Full error: Traceback (most recent call last):
  File "C:\Users\Win10 Pro\AppData\Roaming\Python\Python311\site-packages\telegram\vendor\ptb_urllib3\urllib3\connection.py", line 140, in _new_conn
    conn = connection.create_connection(
           ^^^^^^^^^^^^^^^^^^^^^^^^^^^^^
  File "C:\Users\Win10 Pro\AppData\Roaming\Python\Python311\site-packages\telegram\vendor\ptb_urllib3\urllib3\util\connection.py", line 83, in create_connection
    raise err
  File "C:\Users\Win10 Pro\AppData\Roaming\Python\Python311\site-packages\telegram\vendor\ptb_urllib3\urllib3\util\connection.py", line 73, in create_connection
    sock.connect(sa)
OSError: [WinError 10051] A socket operation was attempted to an unreachable network

During handling of the above exception, another exception occurred:

Traceback (most recent call last):
  File "C:\Users\Win10 Pro\AppData\Roaming\Python\Python311\site-packages\telegram\vendor\ptb_urllib3\urllib3\connectionpool.py", line 614, in urlopen
    httplib_response = self._make_request(conn, method, url,
                       ^^^^^^^^^^^^^^^^^^^^^^^^^^^^^^^^^^^^^
  File "C:\Users\Win10 Pro\AppData\Roaming\Python\Python311\site-packages\telegram\vendor\ptb_urllib3\urllib3\connectionpool.py", line 360, in _make_request
    self._validate_conn(conn)
  File "C:\Users\Win10 Pro\AppData\Roaming\Python\Python311\site-packages\telegram\vendor\ptb_urllib3\urllib3\connectionpool.py", line 857, in _validate_conn
    super(HTTPSConnectionPool, self)._validate_conn(conn)
  File "C:\Users\Win10 Pro\AppData\Roaming\Python\Python311\site-packages\telegram\vendor\ptb_urllib3\urllib3\connectionpool.py", line 289, in _validate_conn
    conn.connect()
  File "C:\Users\Win10 Pro\AppData\Roaming\Python\Python311\site-packages\telegram\vendor\ptb_urllib3\urllib3\connection.py", line 284, in connect
    conn = self._new_conn()
           ^^^^^^^^^^^^^^^^
  File "C:\Users\Win10 Pro\AppData\Roaming\Python\Python311\site-packages\telegram\vendor\ptb_urllib3\urllib3\connection.py", line 149, in _new_conn
    raise NewConnectionError(
telegram.vendor.ptb_urllib3.urllib3.exceptions.NewConnectionError: <telegram.vendor.ptb_urllib3.urllib3.connection.VerifiedHTTPSConnection object at 0x0000014C3389D8D0>: Failed to establish a new connection: [WinError 10051] A socket operation was attempted to an unreachable network

During handling of the above exception, another exception occurred:

Traceback (most recent call last):
  File "C:\Users\Win10 Pro\AppData\Roaming\Python\Python311\site-packages\telegram\utils\request.py", line 259, in _request_wrapper
    resp = self._con_pool.request(*args, **kwargs)
           ^^^^^^^^^^^^^^^^^^^^^^^^^^^^^^^^^^^^^^^
  File "C:\Users\Win10 Pro\AppData\Roaming\Python\Python311\site-packages\telegram\vendor\ptb_urllib3\urllib3\request.py", line 68, in request
    return self.request_encode_body(method, url, fields=fields,
           ^^^^^^^^^^^^^^^^^^^^^^^^^^^^^^^^^^^^^^^^^^^^^^^^^^^^
  File "C:\Users\Win10 Pro\AppData\Roaming\Python\Python311\site-packages\telegram\vendor\ptb_urllib3\urllib3\request.py", line 148, in request_encode_body
    return self.urlopen(method, url, **extra_kw)
           ^^^^^^^^^^^^^^^^^^^^^^^^^^^^^^^^^^^^^
  File "C:\Users\Win10 Pro\AppData\Roaming\Python\Python311\site-packages\telegram\vendor\ptb_urllib3\urllib3\poolmanager.py", line 244, in urlopen
    response = conn.urlopen(method, u.request_uri, **kw)
               ^^^^^^^^^^^^^^^^^^^^^^^^^^^^^^^^^^^^^^^^^
  File "C:\Users\Win10 Pro\AppData\Roaming\Python\Python311\site-packages\telegram\vendor\ptb_urllib3\urllib3\connectionpool.py", line 691, in urlopen
    return self.urlopen(method, url, body, headers, retries,
           ^^^^^^^^^^^^^^^^^^^^^^^^^^^^^^^^^^^^^^^^^^^^^^^^^
  File "C:\Users\Win10 Pro\AppData\Roaming\Python\Python311\site-packages\telegram\vendor\ptb_urllib3\urllib3\connectionpool.py", line 691, in urlopen
    return self.urlopen(method, url, body, headers, retries,
           ^^^^^^^^^^^^^^^^^^^^^^^^^^^^^^^^^^^^^^^^^^^^^^^^^
  File "C:\Users\Win10 Pro\AppData\Roaming\Python\Python311\site-packages\telegram\vendor\ptb_urllib3\urllib3\connectionpool.py", line 691, in urlopen
    return self.urlopen(method, url, body, headers, retries,
           ^^^^^^^^^^^^^^^^^^^^^^^^^^^^^^^^^^^^^^^^^^^^^^^^^
  File "C:\Users\Win10 Pro\AppData\Roaming\Python\Python311\site-packages\telegram\vendor\ptb_urllib3\urllib3\connectionpool.py", line 665, in urlopen
    retries = retries.increment(method, url, error=e, _pool=self,
              ^^^^^^^^^^^^^^^^^^^^^^^^^^^^^^^^^^^^^^^^^^^^^^^^^^^
  File "C:\Users\Win10 Pro\AppData\Roaming\Python\Python311\site-packages\telegram\vendor\ptb_urllib3\urllib3\util\retry.py", line 376, in increment
    raise MaxRetryError(_pool, url, error or ResponseError(cause))
telegram.vendor.ptb_urllib3.urllib3.exceptions.MaxRetryError: HTTPSConnectionPool(host='api.telegram.org', port=443): Max retries exceeded with url: /bot8383643986:AAFVI4MDb2zjy7DT9lsI3x6rn2UOyd-biPQ/getUpdates (Caused by NewConnectionError('<telegram.vendor.ptb_urllib3.urllib3.connection.VerifiedHTTPSConnection object at 0x0000014C3389D8D0>: Failed to establish a new connection: [WinError 10051] A socket operation was attempted to an unreachable network'))

The above exception was the direct cause of the following exception:

Traceback (most recent call last):
  File "C:\smyards_bot\bot_final_fixed.py", line 3221, in error_handler
    raise context.error
  File "C:\Users\Win10 Pro\AppData\Roaming\Python\Python311\site-packages\telegram\ext\updater.py", line 651, in _network_loop_retry
    if not action_cb():
           ^^^^^^^^^^^
  File "C:\Users\Win10 Pro\AppData\Roaming\Python\Python311\site-packages\telegram\ext\updater.py", line 602, in polling_action_cb
    updates = self.bot.get_updates(
              ^^^^^^^^^^^^^^^^^^^^^
  File "C:\Users\Win10 Pro\AppData\Roaming\Python\Python311\site-packages\telegram\ext\extbot.py", line 228, in get_updates
    updates = super().get_updates(
              ^^^^^^^^^^^^^^^^^^^^
  File "C:\Users\Win10 Pro\AppData\Roaming\Python\Python311\site-packages\telegram\bot.py", line 134, in decorator
    result = func(*args, **kwargs)
             ^^^^^^^^^^^^^^^^^^^^^
  File "C:\Users\Win10 Pro\AppData\Roaming\Python\Python311\site-packages\telegram\bot.py", line 3140, in get_updates
    self._post(
  File "C:\Users\Win10 Pro\AppData\Roaming\Python\Python311\site-packages\telegram\bot.py", line 299, in _post
    return self.request.post(
           ^^^^^^^^^^^^^^^^^^
  File "C:\Users\Win10 Pro\AppData\Roaming\Python\Python311\site-packages\telegram\utils\request.py", line 361, in post
    result = self._request_wrapper(
             ^^^^^^^^^^^^^^^^^^^^^^
  File "C:\Users\Win10 Pro\AppData\Roaming\Python\Python311\site-packages\telegram\utils\request.py", line 265, in _request_wrapper
    raise NetworkError(f'urllib3 HTTPError {error}') from error
telegram.error.NetworkError: urllib3 HTTPError HTTPSConnectionPool(host='api.telegram.org', port=443): Max retries exceeded with url: /bot8383643986:AAFVI4MDb2zjy7DT9lsI3x6rn2UOyd-biPQ/getUpdates (Caused by NewConnectionError('<telegram.vendor.ptb_urllib3.urllib3.connection.VerifiedHTTPSConnection object at 0x0000014C3389D8D0>: Failed to establish a new connection: [WinError 10051] A socket operation was attempted to an unreachable network'))

2025-12-30 21:15:37,374 - __main__ - ERROR - Update "None" caused error "urllib3 HTTPError HTTPSConnectionPool(host='api.telegram.org', port=443): Max retries exceeded with url: /bot8383643986:AAFVI4MDb2zjy7DT9lsI3x6rn2UOyd-biPQ/getUpdates (Caused by NewConnectionError('<telegram.vendor.ptb_urllib3.urllib3.connection.VerifiedHTTPSConnection object at 0x0000014C338DC490>: Failed to establish a new connection: [WinError 10051] A socket operation was attempted to an unreachable network'))"
2025-12-30 21:15:37,383 - __main__ - ERROR - Full error: Traceback (most recent call last):
  File "C:\Users\Win10 Pro\AppData\Roaming\Python\Python311\site-packages\telegram\vendor\ptb_urllib3\urllib3\connection.py", line 140, in _new_conn
    conn = connection.create_connection(
           ^^^^^^^^^^^^^^^^^^^^^^^^^^^^^
  File "C:\Users\Win10 Pro\AppData\Roaming\Python\Python311\site-packages\telegram\vendor\ptb_urllib3\urllib3\util\connection.py", line 83, in create_connection
    raise err
  File "C:\Users\Win10 Pro\AppData\Roaming\Python\Python311\site-packages\telegram\vendor\ptb_urllib3\urllib3\util\connection.py", line 73, in create_connection
    sock.connect(sa)
OSError: [WinError 10051] A socket operation was attempted to an unreachable network

During handling of the above exception, another exception occurred:

Traceback (most recent call last):
  File "C:\Users\Win10 Pro\AppData\Roaming\Python\Python311\site-packages\telegram\vendor\ptb_urllib3\urllib3\connectionpool.py", line 614, in urlopen
    httplib_response = self._make_request(conn, method, url,
                       ^^^^^^^^^^^^^^^^^^^^^^^^^^^^^^^^^^^^^
  File "C:\Users\Win10 Pro\AppData\Roaming\Python\Python311\site-packages\telegram\vendor\ptb_urllib3\urllib3\connectionpool.py", line 360, in _make_request
    self._validate_conn(conn)
  File "C:\Users\Win10 Pro\AppData\Roaming\Python\Python311\site-packages\telegram\vendor\ptb_urllib3\urllib3\connectionpool.py", line 857, in _validate_conn
    super(HTTPSConnectionPool, self)._validate_conn(conn)
  File "C:\Users\Win10 Pro\AppData\Roaming\Python\Python311\site-packages\telegram\vendor\ptb_urllib3\urllib3\connectionpool.py", line 289, in _validate_conn
    conn.connect()
  File "C:\Users\Win10 Pro\AppData\Roaming\Python\Python311\site-packages\telegram\vendor\ptb_urllib3\urllib3\connection.py", line 284, in connect
    conn = self._new_conn()
           ^^^^^^^^^^^^^^^^
  File "C:\Users\Win10 Pro\AppData\Roaming\Python\Python311\site-packages\telegram\vendor\ptb_urllib3\urllib3\connection.py", line 149, in _new_conn
    raise NewConnectionError(
telegram.vendor.ptb_urllib3.urllib3.exceptions.NewConnectionError: <telegram.vendor.ptb_urllib3.urllib3.connection.VerifiedHTTPSConnection object at 0x0000014C338DC490>: Failed to establish a new connection: [WinError 10051] A socket operation was attempted to an unreachable network

During handling of the above exception, another exception occurred:

Traceback (most recent call last):
  File "C:\Users\Win10 Pro\AppData\Roaming\Python\Python311\site-packages\telegram\utils\request.py", line 259, in _request_wrapper
    resp = self._con_pool.request(*args, **kwargs)
           ^^^^^^^^^^^^^^^^^^^^^^^^^^^^^^^^^^^^^^^
  File "C:\Users\Win10 Pro\AppData\Roaming\Python\Python311\site-packages\telegram\vendor\ptb_urllib3\urllib3\request.py", line 68, in request
    return self.request_encode_body(method, url, fields=fields,
           ^^^^^^^^^^^^^^^^^^^^^^^^^^^^^^^^^^^^^^^^^^^^^^^^^^^^
  File "C:\Users\Win10 Pro\AppData\Roaming\Python\Python311\site-packages\telegram\vendor\ptb_urllib3\urllib3\request.py", line 148, in request_encode_body
    return self.urlopen(method, url, **extra_kw)
           ^^^^^^^^^^^^^^^^^^^^^^^^^^^^^^^^^^^^^
  File "C:\Users\Win10 Pro\AppData\Roaming\Python\Python311\site-packages\telegram\vendor\ptb_urllib3\urllib3\poolmanager.py", line 244, in urlopen
    response = conn.urlopen(method, u.request_uri, **kw)
               ^^^^^^^^^^^^^^^^^^^^^^^^^^^^^^^^^^^^^^^^^
  File "C:\Users\Win10 Pro\AppData\Roaming\Python\Python311\site-packages\telegram\vendor\ptb_urllib3\urllib3\connectionpool.py", line 691, in urlopen
    return self.urlopen(method, url, body, headers, retries,
           ^^^^^^^^^^^^^^^^^^^^^^^^^^^^^^^^^^^^^^^^^^^^^^^^^
  File "C:\Users\Win10 Pro\AppData\Roaming\Python\Python311\site-packages\telegram\vendor\ptb_urllib3\urllib3\connectionpool.py", line 691, in urlopen
    return self.urlopen(method, url, body, headers, retries,
           ^^^^^^^^^^^^^^^^^^^^^^^^^^^^^^^^^^^^^^^^^^^^^^^^^
  File "C:\Users\Win10 Pro\AppData\Roaming\Python\Python311\site-packages\telegram\vendor\ptb_urllib3\urllib3\connectionpool.py", line 691, in urlopen
    return self.urlopen(method, url, body, headers, retries,
           ^^^^^^^^^^^^^^^^^^^^^^^^^^^^^^^^^^^^^^^^^^^^^^^^^
  File "C:\Users\Win10 Pro\AppData\Roaming\Python\Python311\site-packages\telegram\vendor\ptb_urllib3\urllib3\connectionpool.py", line 665, in urlopen
    retries = retries.increment(method, url, error=e, _pool=self,
              ^^^^^^^^^^^^^^^^^^^^^^^^^^^^^^^^^^^^^^^^^^^^^^^^^^^
  File "C:\Users\Win10 Pro\AppData\Roaming\Python\Python311\site-packages\telegram\vendor\ptb_urllib3\urllib3\util\retry.py", line 376, in increment
    raise MaxRetryError(_pool, url, error or ResponseError(cause))
telegram.vendor.ptb_urllib3.urllib3.exceptions.MaxRetryError: HTTPSConnectionPool(host='api.telegram.org', port=443): Max retries exceeded with url: /bot8383643986:AAFVI4MDb2zjy7DT9lsI3x6rn2UOyd-biPQ/getUpdates (Caused by NewConnectionError('<telegram.vendor.ptb_urllib3.urllib3.connection.VerifiedHTTPSConnection object at 0x0000014C338DC490>: Failed to establish a new connection: [WinError 10051] A socket operation was attempted to an unreachable network'))

The above exception was the direct cause of the following exception:

Traceback (most recent call last):
  File "C:\smyards_bot\bot_final_fixed.py", line 3221, in error_handler
    raise context.error
  File "C:\Users\Win10 Pro\AppData\Roaming\Python\Python311\site-packages\telegram\ext\updater.py", line 651, in _network_loop_retry
    if not action_cb():
           ^^^^^^^^^^^
  File "C:\Users\Win10 Pro\AppData\Roaming\Python\Python311\site-packages\telegram\ext\updater.py", line 602, in polling_action_cb
    updates = self.bot.get_updates(
              ^^^^^^^^^^^^^^^^^^^^^
  File "C:\Users\Win10 Pro\AppData\Roaming\Python\Python311\site-packages\telegram\ext\extbot.py", line 228, in get_updates
    updates = super().get_updates(
              ^^^^^^^^^^^^^^^^^^^^
  File "C:\Users\Win10 Pro\AppData\Roaming\Python\Python311\site-packages\telegram\bot.py", line 134, in decorator
    result = func(*args, **kwargs)
             ^^^^^^^^^^^^^^^^^^^^^
  File "C:\Users\Win10 Pro\AppData\Roaming\Python\Python311\site-packages\telegram\bot.py", line 3140, in get_updates
    self._post(
  File "C:\Users\Win10 Pro\AppData\Roaming\Python\Python311\site-packages\telegram\bot.py", line 299, in _post
    return self.request.post(
           ^^^^^^^^^^^^^^^^^^
  File "C:\Users\Win10 Pro\AppData\Roaming\Python\Python311\site-packages\telegram\utils\request.py", line 361, in post
    result = self._request_wrapper(
             ^^^^^^^^^^^^^^^^^^^^^^
  File "C:\Users\Win10 Pro\AppData\Roaming\Python\Python311\site-packages\telegram\utils\request.py", line 265, in _request_wrapper
    raise NetworkError(f'urllib3 HTTPError {error}') from error
telegram.error.NetworkError: urllib3 HTTPError HTTPSConnectionPool(host='api.telegram.org', port=443): Max retries exceeded with url: /bot8383643986:AAFVI4MDb2zjy7DT9lsI3x6rn2UOyd-biPQ/getUpdates (Caused by NewConnectionError('<telegram.vendor.ptb_urllib3.urllib3.connection.VerifiedHTTPSConnection object at 0x0000014C338DC490>: Failed to establish a new connection: [WinError 10051] A socket operation was attempted to an unreachable network'))

2025-12-30 21:16:27,495 - __main__ - ERROR - Update "None" caused error "urllib3 HTTPError HTTPSConnectionPool(host='api.telegram.org', port=443): Max retries exceeded with url: /bot8383643986:AAFVI4MDb2zjy7DT9lsI3x6rn2UOyd-biPQ/getUpdates (Caused by NewConnectionError('<telegram.vendor.ptb_urllib3.urllib3.connection.VerifiedHTTPSConnection object at 0x0000014C338B0D50>: Failed to establish a new connection: [WinError 10051] A socket operation was attempted to an unreachable network'))"
2025-12-30 21:16:27,500 - __main__ - ERROR - Full error: Traceback (most recent call last):
  File "C:\Users\Win10 Pro\AppData\Roaming\Python\Python311\site-packages\telegram\vendor\ptb_urllib3\urllib3\connection.py", line 140, in _new_conn
    conn = connection.create_connection(
           ^^^^^^^^^^^^^^^^^^^^^^^^^^^^^
  File "C:\Users\Win10 Pro\AppData\Roaming\Python\Python311\site-packages\telegram\vendor\ptb_urllib3\urllib3\util\connection.py", line 83, in create_connection
    raise err
  File "C:\Users\Win10 Pro\AppData\Roaming\Python\Python311\site-packages\telegram\vendor\ptb_urllib3\urllib3\util\connection.py", line 73, in create_connection
    sock.connect(sa)
OSError: [WinError 10051] A socket operation was attempted to an unreachable network

During handling of the above exception, another exception occurred:

Traceback (most recent call last):
  File "C:\Users\Win10 Pro\AppData\Roaming\Python\Python311\site-packages\telegram\vendor\ptb_urllib3\urllib3\connectionpool.py", line 614, in urlopen
    httplib_response = self._make_request(conn, method, url,
                       ^^^^^^^^^^^^^^^^^^^^^^^^^^^^^^^^^^^^^
  File "C:\Users\Win10 Pro\AppData\Roaming\Python\Python311\site-packages\telegram\vendor\ptb_urllib3\urllib3\connectionpool.py", line 360, in _make_request
    self._validate_conn(conn)
  File "C:\Users\Win10 Pro\AppData\Roaming\Python\Python311\site-packages\telegram\vendor\ptb_urllib3\urllib3\connectionpool.py", line 857, in _validate_conn
    super(HTTPSConnectionPool, self)._validate_conn(conn)
  File "C:\Users\Win10 Pro\AppData\Roaming\Python\Python311\site-packages\telegram\vendor\ptb_urllib3\urllib3\connectionpool.py", line 289, in _validate_conn
    conn.connect()
  File "C:\Users\Win10 Pro\AppData\Roaming\Python\Python311\site-packages\telegram\vendor\ptb_urllib3\urllib3\connection.py", line 284, in connect
    conn = self._new_conn()
           ^^^^^^^^^^^^^^^^
  File "C:\Users\Win10 Pro\AppData\Roaming\Python\Python311\site-packages\telegram\vendor\ptb_urllib3\urllib3\connection.py", line 149, in _new_conn
    raise NewConnectionError(
telegram.vendor.ptb_urllib3.urllib3.exceptions.NewConnectionError: <telegram.vendor.ptb_urllib3.urllib3.connection.VerifiedHTTPSConnection object at 0x0000014C338B0D50>: Failed to establish a new connection: [WinError 10051] A socket operation was attempted to an unreachable network

During handling of the above exception, another exception occurred:

Traceback (most recent call last):
  File "C:\Users\Win10 Pro\AppData\Roaming\Python\Python311\site-packages\telegram\utils\request.py", line 259, in _request_wrapper
    resp = self._con_pool.request(*args, **kwargs)
           ^^^^^^^^^^^^^^^^^^^^^^^^^^^^^^^^^^^^^^^
  File "C:\Users\Win10 Pro\AppData\Roaming\Python\Python311\site-packages\telegram\vendor\ptb_urllib3\urllib3\request.py", line 68, in request
    return self.request_encode_body(method, url, fields=fields,
           ^^^^^^^^^^^^^^^^^^^^^^^^^^^^^^^^^^^^^^^^^^^^^^^^^^^^
  File "C:\Users\Win10 Pro\AppData\Roaming\Python\Python311\site-packages\telegram\vendor\ptb_urllib3\urllib3\request.py", line 148, in request_encode_body
    return self.urlopen(method, url, **extra_kw)
           ^^^^^^^^^^^^^^^^^^^^^^^^^^^^^^^^^^^^^
  File "C:\Users\Win10 Pro\AppData\Roaming\Python\Python311\site-packages\telegram\vendor\ptb_urllib3\urllib3\poolmanager.py", line 244, in urlopen
    response = conn.urlopen(method, u.request_uri, **kw)
               ^^^^^^^^^^^^^^^^^^^^^^^^^^^^^^^^^^^^^^^^^
  File "C:\Users\Win10 Pro\AppData\Roaming\Python\Python311\site-packages\telegram\vendor\ptb_urllib3\urllib3\connectionpool.py", line 691, in urlopen
    return self.urlopen(method, url, body, headers, retries,
           ^^^^^^^^^^^^^^^^^^^^^^^^^^^^^^^^^^^^^^^^^^^^^^^^^
  File "C:\Users\Win10 Pro\AppData\Roaming\Python\Python311\site-packages\telegram\vendor\ptb_urllib3\urllib3\connectionpool.py", line 691, in urlopen
    return self.urlopen(method, url, body, headers, retries,
           ^^^^^^^^^^^^^^^^^^^^^^^^^^^^^^^^^^^^^^^^^^^^^^^^^
  File "C:\Users\Win10 Pro\AppData\Roaming\Python\Python311\site-packages\telegram\vendor\ptb_urllib3\urllib3\connectionpool.py", line 691, in urlopen
    return self.urlopen(method, url, body, headers, retries,
           ^^^^^^^^^^^^^^^^^^^^^^^^^^^^^^^^^^^^^^^^^^^^^^^^^
  File "C:\Users\Win10 Pro\AppData\Roaming\Python\Python311\site-packages\telegram\vendor\ptb_urllib3\urllib3\connectionpool.py", line 665, in urlopen
    retries = retries.increment(method, url, error=e, _pool=self,
              ^^^^^^^^^^^^^^^^^^^^^^^^^^^^^^^^^^^^^^^^^^^^^^^^^^^
  File "C:\Users\Win10 Pro\AppData\Roaming\Python\Python311\site-packages\telegram\vendor\ptb_urllib3\urllib3\util\retry.py", line 376, in increment
    raise MaxRetryError(_pool, url, error or ResponseError(cause))
telegram.vendor.ptb_urllib3.urllib3.exceptions.MaxRetryError: HTTPSConnectionPool(host='api.telegram.org', port=443): Max retries exceeded with url: /bot8383643986:AAFVI4MDb2zjy7DT9lsI3x6rn2UOyd-biPQ/getUpdates (Caused by NewConnectionError('<telegram.vendor.ptb_urllib3.urllib3.connection.VerifiedHTTPSConnection object at 0x0000014C338B0D50>: Failed to establish a new connection: [WinError 10051] A socket operation was attempted to an unreachable network'))

The above exception was the direct cause of the following exception:

Traceback (most recent call last):
  File "C:\smyards_bot\bot_final_fixed.py", line 3221, in error_handler
    raise context.error
  File "C:\Users\Win10 Pro\AppData\Roaming\Python\Python311\site-packages\telegram\ext\updater.py", line 651, in _network_loop_retry
    if not action_cb():
           ^^^^^^^^^^^
  File "C:\Users\Win10 Pro\AppData\Roaming\Python\Python311\site-packages\telegram\ext\updater.py", line 602, in polling_action_cb
    updates = self.bot.get_updates(
              ^^^^^^^^^^^^^^^^^^^^^
  File "C:\Users\Win10 Pro\AppData\Roaming\Python\Python311\site-packages\telegram\ext\extbot.py", line 228, in get_updates
    updates = super().get_updates(
              ^^^^^^^^^^^^^^^^^^^^
  File "C:\Users\Win10 Pro\AppData\Roaming\Python\Python311\site-packages\telegram\bot.py", line 134, in decorator
    result = func(*args, **kwargs)
             ^^^^^^^^^^^^^^^^^^^^^
  File "C:\Users\Win10 Pro\AppData\Roaming\Python\Python311\site-packages\telegram\bot.py", line 3140, in get_updates
    self._post(
  File "C:\Users\Win10 Pro\AppData\Roaming\Python\Python311\site-packages\telegram\bot.py", line 299, in _post
    return self.request.post(
           ^^^^^^^^^^^^^^^^^^
  File "C:\Users\Win10 Pro\AppData\Roaming\Python\Python311\site-packages\telegram\utils\request.py", line 361, in post
    result = self._request_wrapper(
             ^^^^^^^^^^^^^^^^^^^^^^
  File "C:\Users\Win10 Pro\AppData\Roaming\Python\Python311\site-packages\telegram\utils\request.py", line 265, in _request_wrapper
    raise NetworkError(f'urllib3 HTTPError {error}') from error
telegram.error.NetworkError: urllib3 HTTPError HTTPSConnectionPool(host='api.telegram.org', port=443): Max retries exceeded with url: /bot8383643986:AAFVI4MDb2zjy7DT9lsI3x6rn2UOyd-biPQ/getUpdates (Caused by NewConnectionError('<telegram.vendor.ptb_urllib3.urllib3.connection.VerifiedHTTPSConnection object at 0x0000014C338B0D50>: Failed to establish a new connection: [WinError 10051] A socket operation was attempted to an unreachable network'))

2025-12-30 21:17:17,598 - __main__ - ERROR - Update "None" caused error "urllib3 HTTPError HTTPSConnectionPool(host='api.telegram.org', port=443): Max retries exceeded with url: /bot8383643986:AAFVI4MDb2zjy7DT9lsI3x6rn2UOyd-biPQ/getUpdates (Caused by NewConnectionError('<telegram.vendor.ptb_urllib3.urllib3.connection.VerifiedHTTPSConnection object at 0x0000014C338CF050>: Failed to establish a new connection: [WinError 10051] A socket operation was attempted to an unreachable network'))"
2025-12-30 21:17:17,610 - __main__ - ERROR - Full error: Traceback (most recent call last):
  File "C:\Users\Win10 Pro\AppData\Roaming\Python\Python311\site-packages\telegram\vendor\ptb_urllib3\urllib3\connection.py", line 140, in _new_conn
    conn = connection.create_connection(
           ^^^^^^^^^^^^^^^^^^^^^^^^^^^^^
  File "C:\Users\Win10 Pro\AppData\Roaming\Python\Python311\site-packages\telegram\vendor\ptb_urllib3\urllib3\util\connection.py", line 83, in create_connection
    raise err
  File "C:\Users\Win10 Pro\AppData\Roaming\Python\Python311\site-packages\telegram\vendor\ptb_urllib3\urllib3\util\connection.py", line 73, in create_connection
    sock.connect(sa)
OSError: [WinError 10051] A socket operation was attempted to an unreachable network

During handling of the above exception, another exception occurred:

Traceback (most recent call last):
  File "C:\Users\Win10 Pro\AppData\Roaming\Python\Python311\site-packages\telegram\vendor\ptb_urllib3\urllib3\connectionpool.py", line 614, in urlopen
    httplib_response = self._make_request(conn, method, url,
                       ^^^^^^^^^^^^^^^^^^^^^^^^^^^^^^^^^^^^^
  File "C:\Users\Win10 Pro\AppData\Roaming\Python\Python311\site-packages\telegram\vendor\ptb_urllib3\urllib3\connectionpool.py", line 360, in _make_request
    self._validate_conn(conn)
  File "C:\Users\Win10 Pro\AppData\Roaming\Python\Python311\site-packages\telegram\vendor\ptb_urllib3\urllib3\connectionpool.py", line 857, in _validate_conn
    super(HTTPSConnectionPool, self)._validate_conn(conn)
  File "C:\Users\Win10 Pro\AppData\Roaming\Python\Python311\site-packages\telegram\vendor\ptb_urllib3\urllib3\connectionpool.py", line 289, in _validate_conn
    conn.connect()
  File "C:\Users\Win10 Pro\AppData\Roaming\Python\Python311\site-packages\telegram\vendor\ptb_urllib3\urllib3\connection.py", line 284, in connect
    conn = self._new_conn()
           ^^^^^^^^^^^^^^^^
  File "C:\Users\Win10 Pro\AppData\Roaming\Python\Python311\site-packages\telegram\vendor\ptb_urllib3\urllib3\connection.py", line 149, in _new_conn
    raise NewConnectionError(
telegram.vendor.ptb_urllib3.urllib3.exceptions.NewConnectionError: <telegram.vendor.ptb_urllib3.urllib3.connection.VerifiedHTTPSConnection object at 0x0000014C338CF050>: Failed to establish a new connection: [WinError 10051] A socket operation was attempted to an unreachable network

During handling of the above exception, another exception occurred:

Traceback (most recent call last):
  File "C:\Users\Win10 Pro\AppData\Roaming\Python\Python311\site-packages\telegram\utils\request.py", line 259, in _request_wrapper
    resp = self._con_pool.request(*args, **kwargs)
           ^^^^^^^^^^^^^^^^^^^^^^^^^^^^^^^^^^^^^^^
  File "C:\Users\Win10 Pro\AppData\Roaming\Python\Python311\site-packages\telegram\vendor\ptb_urllib3\urllib3\request.py", line 68, in request
    return self.request_encode_body(method, url, fields=fields,
           ^^^^^^^^^^^^^^^^^^^^^^^^^^^^^^^^^^^^^^^^^^^^^^^^^^^^
  File "C:\Users\Win10 Pro\AppData\Roaming\Python\Python311\site-packages\telegram\vendor\ptb_urllib3\urllib3\request.py", line 148, in request_encode_body
    return self.urlopen(method, url, **extra_kw)
           ^^^^^^^^^^^^^^^^^^^^^^^^^^^^^^^^^^^^^
  File "C:\Users\Win10 Pro\AppData\Roaming\Python\Python311\site-packages\telegram\vendor\ptb_urllib3\urllib3\poolmanager.py", line 244, in urlopen
    response = conn.urlopen(method, u.request_uri, **kw)
               ^^^^^^^^^^^^^^^^^^^^^^^^^^^^^^^^^^^^^^^^^
  File "C:\Users\Win10 Pro\AppData\Roaming\Python\Python311\site-packages\telegram\vendor\ptb_urllib3\urllib3\connectionpool.py", line 691, in urlopen
    return self.urlopen(method, url, body, headers, retries,
           ^^^^^^^^^^^^^^^^^^^^^^^^^^^^^^^^^^^^^^^^^^^^^^^^^
  File "C:\Users\Win10 Pro\AppData\Roaming\Python\Python311\site-packages\telegram\vendor\ptb_urllib3\urllib3\connectionpool.py", line 691, in urlopen
    return self.urlopen(method, url, body, headers, retries,
           ^^^^^^^^^^^^^^^^^^^^^^^^^^^^^^^^^^^^^^^^^^^^^^^^^
  File "C:\Users\Win10 Pro\AppData\Roaming\Python\Python311\site-packages\telegram\vendor\ptb_urllib3\urllib3\connectionpool.py", line 691, in urlopen
    return self.urlopen(method, url, body, headers, retries,
           ^^^^^^^^^^^^^^^^^^^^^^^^^^^^^^^^^^^^^^^^^^^^^^^^^
  File "C:\Users\Win10 Pro\AppData\Roaming\Python\Python311\site-packages\telegram\vendor\ptb_urllib3\urllib3\connectionpool.py", line 665, in urlopen
    retries = retries.increment(method, url, error=e, _pool=self,
              ^^^^^^^^^^^^^^^^^^^^^^^^^^^^^^^^^^^^^^^^^^^^^^^^^^^
  File "C:\Users\Win10 Pro\AppData\Roaming\Python\Python311\site-packages\telegram\vendor\ptb_urllib3\urllib3\util\retry.py", line 376, in increment
    raise MaxRetryError(_pool, url, error or ResponseError(cause))
telegram.vendor.ptb_urllib3.urllib3.exceptions.MaxRetryError: HTTPSConnectionPool(host='api.telegram.org', port=443): Max retries exceeded with url: /bot8383643986:AAFVI4MDb2zjy7DT9lsI3x6rn2UOyd-biPQ/getUpdates (Caused by NewConnectionError('<telegram.vendor.ptb_urllib3.urllib3.connection.VerifiedHTTPSConnection object at 0x0000014C338CF050>: Failed to establish a new connection: [WinError 10051] A socket operation was attempted to an unreachable network'))

The above exception was the direct cause of the following exception:

Traceback (most recent call last):
  File "C:\smyards_bot\bot_final_fixed.py", line 3221, in error_handler
    raise context.error
  File "C:\Users\Win10 Pro\AppData\Roaming\Python\Python311\site-packages\telegram\ext\updater.py", line 651, in _network_loop_retry
    if not action_cb():
           ^^^^^^^^^^^
  File "C:\Users\Win10 Pro\AppData\Roaming\Python\Python311\site-packages\telegram\ext\updater.py", line 602, in polling_action_cb
    updates = self.bot.get_updates(
              ^^^^^^^^^^^^^^^^^^^^^
  File "C:\Users\Win10 Pro\AppData\Roaming\Python\Python311\site-packages\telegram\ext\extbot.py", line 228, in get_updates
    updates = super().get_updates(
              ^^^^^^^^^^^^^^^^^^^^
  File "C:\Users\Win10 Pro\AppData\Roaming\Python\Python311\site-packages\telegram\bot.py", line 134, in decorator
    result = func(*args, **kwargs)
             ^^^^^^^^^^^^^^^^^^^^^
  File "C:\Users\Win10 Pro\AppData\Roaming\Python\Python311\site-packages\telegram\bot.py", line 3140, in get_updates
    self._post(
  File "C:\Users\Win10 Pro\AppData\Roaming\Python\Python311\site-packages\telegram\bot.py", line 299, in _post
    return self.request.post(
           ^^^^^^^^^^^^^^^^^^
  File "C:\Users\Win10 Pro\AppData\Roaming\Python\Python311\site-packages\telegram\utils\request.py", line 361, in post
    result = self._request_wrapper(
             ^^^^^^^^^^^^^^^^^^^^^^
  File "C:\Users\Win10 Pro\AppData\Roaming\Python\Python311\site-packages\telegram\utils\request.py", line 265, in _request_wrapper
    raise NetworkError(f'urllib3 HTTPError {error}') from error
telegram.error.NetworkError: urllib3 HTTPError HTTPSConnectionPool(host='api.telegram.org', port=443): Max retries exceeded with url: /bot8383643986:AAFVI4MDb2zjy7DT9lsI3x6rn2UOyd-biPQ/getUpdates (Caused by NewConnectionError('<telegram.vendor.ptb_urllib3.urllib3.connection.VerifiedHTTPSConnection object at 0x0000014C338CF050>: Failed to establish a new connection: [WinError 10051] A socket operation was attempted to an unreachable network'))

2025-12-30 21:18:07,727 - __main__ - ERROR - Update "None" caused error "urllib3 HTTPError HTTPSConnectionPool(host='api.telegram.org', port=443): Max retries exceeded with url: /bot8383643986:AAFVI4MDb2zjy7DT9lsI3x6rn2UOyd-biPQ/getUpdates (Caused by NewConnectionError('<telegram.vendor.ptb_urllib3.urllib3.connection.VerifiedHTTPSConnection object at 0x0000014C3389D750>: Failed to establish a new connection: [WinError 10051] A socket operation was attempted to an unreachable network'))"
2025-12-30 21:18:07,740 - __main__ - ERROR - Full error: Traceback (most recent call last):
  File "C:\Users\Win10 Pro\AppData\Roaming\Python\Python311\site-packages\telegram\vendor\ptb_urllib3\urllib3\connection.py", line 140, in _new_conn
    conn = connection.create_connection(
           ^^^^^^^^^^^^^^^^^^^^^^^^^^^^^
  File "C:\Users\Win10 Pro\AppData\Roaming\Python\Python311\site-packages\telegram\vendor\ptb_urllib3\urllib3\util\connection.py", line 83, in create_connection
    raise err
  File "C:\Users\Win10 Pro\AppData\Roaming\Python\Python311\site-packages\telegram\vendor\ptb_urllib3\urllib3\util\connection.py", line 73, in create_connection
    sock.connect(sa)
OSError: [WinError 10051] A socket operation was attempted to an unreachable network

During handling of the above exception, another exception occurred:

Traceback (most recent call last):
  File "C:\Users\Win10 Pro\AppData\Roaming\Python\Python311\site-packages\telegram\vendor\ptb_urllib3\urllib3\connectionpool.py", line 614, in urlopen
    httplib_response = self._make_request(conn, method, url,
                       ^^^^^^^^^^^^^^^^^^^^^^^^^^^^^^^^^^^^^
  File "C:\Users\Win10 Pro\AppData\Roaming\Python\Python311\site-packages\telegram\vendor\ptb_urllib3\urllib3\connectionpool.py", line 360, in _make_request
    self._validate_conn(conn)
  File "C:\Users\Win10 Pro\AppData\Roaming\Python\Python311\site-packages\telegram\vendor\ptb_urllib3\urllib3\connectionpool.py", line 857, in _validate_conn
    super(HTTPSConnectionPool, self)._validate_conn(conn)
  File "C:\Users\Win10 Pro\AppData\Roaming\Python\Python311\site-packages\telegram\vendor\ptb_urllib3\urllib3\connectionpool.py", line 289, in _validate_conn
    conn.connect()
  File "C:\Users\Win10 Pro\AppData\Roaming\Python\Python311\site-packages\telegram\vendor\ptb_urllib3\urllib3\connection.py", line 284, in connect
    conn = self._new_conn()
           ^^^^^^^^^^^^^^^^
  File "C:\Users\Win10 Pro\AppData\Roaming\Python\Python311\site-packages\telegram\vendor\ptb_urllib3\urllib3\connection.py", line 149, in _new_conn
    raise NewConnectionError(
telegram.vendor.ptb_urllib3.urllib3.exceptions.NewConnectionError: <telegram.vendor.ptb_urllib3.urllib3.connection.VerifiedHTTPSConnection object at 0x0000014C3389D750>: Failed to establish a new connection: [WinError 10051] A socket operation was attempted to an unreachable network

During handling of the above exception, another exception occurred:

Traceback (most recent call last):
  File "C:\Users\Win10 Pro\AppData\Roaming\Python\Python311\site-packages\telegram\utils\request.py", line 259, in _request_wrapper
    resp = self._con_pool.request(*args, **kwargs)
           ^^^^^^^^^^^^^^^^^^^^^^^^^^^^^^^^^^^^^^^
  File "C:\Users\Win10 Pro\AppData\Roaming\Python\Python311\site-packages\telegram\vendor\ptb_urllib3\urllib3\request.py", line 68, in request
    return self.request_encode_body(method, url, fields=fields,
           ^^^^^^^^^^^^^^^^^^^^^^^^^^^^^^^^^^^^^^^^^^^^^^^^^^^^
  File "C:\Users\Win10 Pro\AppData\Roaming\Python\Python311\site-packages\telegram\vendor\ptb_urllib3\urllib3\request.py", line 148, in request_encode_body
    return self.urlopen(method, url, **extra_kw)
           ^^^^^^^^^^^^^^^^^^^^^^^^^^^^^^^^^^^^^
  File "C:\Users\Win10 Pro\AppData\Roaming\Python\Python311\site-packages\telegram\vendor\ptb_urllib3\urllib3\poolmanager.py", line 244, in urlopen
    response = conn.urlopen(method, u.request_uri, **kw)
               ^^^^^^^^^^^^^^^^^^^^^^^^^^^^^^^^^^^^^^^^^
  File "C:\Users\Win10 Pro\AppData\Roaming\Python\Python311\site-packages\telegram\vendor\ptb_urllib3\urllib3\connectionpool.py", line 691, in urlopen
    return self.urlopen(method, url, body, headers, retries,
           ^^^^^^^^^^^^^^^^^^^^^^^^^^^^^^^^^^^^^^^^^^^^^^^^^
  File "C:\Users\Win10 Pro\AppData\Roaming\Python\Python311\site-packages\telegram\vendor\ptb_urllib3\urllib3\connectionpool.py", line 691, in urlopen
    return self.urlopen(method, url, body, headers, retries,
           ^^^^^^^^^^^^^^^^^^^^^^^^^^^^^^^^^^^^^^^^^^^^^^^^^
  File "C:\Users\Win10 Pro\AppData\Roaming\Python\Python311\site-packages\telegram\vendor\ptb_urllib3\urllib3\connectionpool.py", line 691, in urlopen
    return self.urlopen(method, url, body, headers, retries,
           ^^^^^^^^^^^^^^^^^^^^^^^^^^^^^^^^^^^^^^^^^^^^^^^^^
  File "C:\Users\Win10 Pro\AppData\Roaming\Python\Python311\site-packages\telegram\vendor\ptb_urllib3\urllib3\connectionpool.py", line 665, in urlopen
    retries = retries.increment(method, url, error=e, _pool=self,
              ^^^^^^^^^^^^^^^^^^^^^^^^^^^^^^^^^^^^^^^^^^^^^^^^^^^
  File "C:\Users\Win10 Pro\AppData\Roaming\Python\Python311\site-packages\telegram\vendor\ptb_urllib3\urllib3\util\retry.py", line 376, in increment
    raise MaxRetryError(_pool, url, error or ResponseError(cause))
telegram.vendor.ptb_urllib3.urllib3.exceptions.MaxRetryError: HTTPSConnectionPool(host='api.telegram.org', port=443): Max retries exceeded with url: /bot8383643986:AAFVI4MDb2zjy7DT9lsI3x6rn2UOyd-biPQ/getUpdates (Caused by NewConnectionError('<telegram.vendor.ptb_urllib3.urllib3.connection.VerifiedHTTPSConnection object at 0x0000014C3389D750>: Failed to establish a new connection: [WinError 10051] A socket operation was attempted to an unreachable network'))

The above exception was the direct cause of the following exception:

Traceback (most recent call last):
  File "C:\smyards_bot\bot_final_fixed.py", line 3221, in error_handler
    raise context.error
  File "C:\Users\Win10 Pro\AppData\Roaming\Python\Python311\site-packages\telegram\ext\updater.py", line 651, in _network_loop_retry
    if not action_cb():
           ^^^^^^^^^^^
  File "C:\Users\Win10 Pro\AppData\Roaming\Python\Python311\site-packages\telegram\ext\updater.py", line 602, in polling_action_cb
    updates = self.bot.get_updates(
              ^^^^^^^^^^^^^^^^^^^^^
  File "C:\Users\Win10 Pro\AppData\Roaming\Python\Python311\site-packages\telegram\ext\extbot.py", line 228, in get_updates
    updates = super().get_updates(
              ^^^^^^^^^^^^^^^^^^^^
  File "C:\Users\Win10 Pro\AppData\Roaming\Python\Python311\site-packages\telegram\bot.py", line 134, in decorator
    result = func(*args, **kwargs)
             ^^^^^^^^^^^^^^^^^^^^^
  File "C:\Users\Win10 Pro\AppData\Roaming\Python\Python311\site-packages\telegram\bot.py", line 3140, in get_updates
    self._post(
  File "C:\Users\Win10 Pro\AppData\Roaming\Python\Python311\site-packages\telegram\bot.py", line 299, in _post
    return self.request.post(
           ^^^^^^^^^^^^^^^^^^
  File "C:\Users\Win10 Pro\AppData\Roaming\Python\Python311\site-packages\telegram\utils\request.py", line 361, in post
    result = self._request_wrapper(
             ^^^^^^^^^^^^^^^^^^^^^^
  File "C:\Users\Win10 Pro\AppData\Roaming\Python\Python311\site-packages\telegram\utils\request.py", line 265, in _request_wrapper
    raise NetworkError(f'urllib3 HTTPError {error}') from error
telegram.error.NetworkError: urllib3 HTTPError HTTPSConnectionPool(host='api.telegram.org', port=443): Max retries exceeded with url: /bot8383643986:AAFVI4MDb2zjy7DT9lsI3x6rn2UOyd-biPQ/getUpdates (Caused by NewConnectionError('<telegram.vendor.ptb_urllib3.urllib3.connection.VerifiedHTTPSConnection object at 0x0000014C3389D750>: Failed to establish a new connection: [WinError 10051] A socket operation was attempted to an unreachable network'))

2025-12-30 21:18:57,991 - __main__ - ERROR - Update "None" caused error "urllib3 HTTPError HTTPSConnectionPool(host='api.telegram.org', port=443): Max retries exceeded with url: /bot8383643986:AAFVI4MDb2zjy7DT9lsI3x6rn2UOyd-biPQ/getUpdates (Caused by NewConnectionError('<telegram.vendor.ptb_urllib3.urllib3.connection.VerifiedHTTPSConnection object at 0x0000014C336E3850>: Failed to establish a new connection: [WinError 10051] A socket operation was attempted to an unreachable network'))"
2025-12-30 21:18:58,006 - __main__ - ERROR - Full error: Traceback (most recent call last):
  File "C:\Users\Win10 Pro\AppData\Roaming\Python\Python311\site-packages\telegram\vendor\ptb_urllib3\urllib3\connection.py", line 140, in _new_conn
    conn = connection.create_connection(
           ^^^^^^^^^^^^^^^^^^^^^^^^^^^^^
  File "C:\Users\Win10 Pro\AppData\Roaming\Python\Python311\site-packages\telegram\vendor\ptb_urllib3\urllib3\util\connection.py", line 83, in create_connection
    raise err
  File "C:\Users\Win10 Pro\AppData\Roaming\Python\Python311\site-packages\telegram\vendor\ptb_urllib3\urllib3\util\connection.py", line 73, in create_connection
    sock.connect(sa)
OSError: [WinError 10051] A socket operation was attempted to an unreachable network

During handling of the above exception, another exception occurred:

Traceback (most recent call last):
  File "C:\Users\Win10 Pro\AppData\Roaming\Python\Python311\site-packages\telegram\vendor\ptb_urllib3\urllib3\connectionpool.py", line 614, in urlopen
    httplib_response = self._make_request(conn, method, url,
                       ^^^^^^^^^^^^^^^^^^^^^^^^^^^^^^^^^^^^^
  File "C:\Users\Win10 Pro\AppData\Roaming\Python\Python311\site-packages\telegram\vendor\ptb_urllib3\urllib3\connectionpool.py", line 360, in _make_request
    self._validate_conn(conn)
  File "C:\Users\Win10 Pro\AppData\Roaming\Python\Python311\site-packages\telegram\vendor\ptb_urllib3\urllib3\connectionpool.py", line 857, in _validate_conn
    super(HTTPSConnectionPool, self)._validate_conn(conn)
  File "C:\Users\Win10 Pro\AppData\Roaming\Python\Python311\site-packages\telegram\vendor\ptb_urllib3\urllib3\connectionpool.py", line 289, in _validate_conn
    conn.connect()
  File "C:\Users\Win10 Pro\AppData\Roaming\Python\Python311\site-packages\telegram\vendor\ptb_urllib3\urllib3\connection.py", line 284, in connect
    conn = self._new_conn()
           ^^^^^^^^^^^^^^^^
  File "C:\Users\Win10 Pro\AppData\Roaming\Python\Python311\site-packages\telegram\vendor\ptb_urllib3\urllib3\connection.py", line 149, in _new_conn
    raise NewConnectionError(
telegram.vendor.ptb_urllib3.urllib3.exceptions.NewConnectionError: <telegram.vendor.ptb_urllib3.urllib3.connection.VerifiedHTTPSConnection object at 0x0000014C336E3850>: Failed to establish a new connection: [WinError 10051] A socket operation was attempted to an unreachable network

During handling of the above exception, another exception occurred:

Traceback (most recent call last):
  File "C:\Users\Win10 Pro\AppData\Roaming\Python\Python311\site-packages\telegram\utils\request.py", line 259, in _request_wrapper
    resp = self._con_pool.request(*args, **kwargs)
           ^^^^^^^^^^^^^^^^^^^^^^^^^^^^^^^^^^^^^^^
  File "C:\Users\Win10 Pro\AppData\Roaming\Python\Python311\site-packages\telegram\vendor\ptb_urllib3\urllib3\request.py", line 68, in request
    return self.request_encode_body(method, url, fields=fields,
           ^^^^^^^^^^^^^^^^^^^^^^^^^^^^^^^^^^^^^^^^^^^^^^^^^^^^
  File "C:\Users\Win10 Pro\AppData\Roaming\Python\Python311\site-packages\telegram\vendor\ptb_urllib3\urllib3\request.py", line 148, in request_encode_body
    return self.urlopen(method, url, **extra_kw)
           ^^^^^^^^^^^^^^^^^^^^^^^^^^^^^^^^^^^^^
  File "C:\Users\Win10 Pro\AppData\Roaming\Python\Python311\site-packages\telegram\vendor\ptb_urllib3\urllib3\poolmanager.py", line 244, in urlopen
    response = conn.urlopen(method, u.request_uri, **kw)
               ^^^^^^^^^^^^^^^^^^^^^^^^^^^^^^^^^^^^^^^^^
  File "C:\Users\Win10 Pro\AppData\Roaming\Python\Python311\site-packages\telegram\vendor\ptb_urllib3\urllib3\connectionpool.py", line 691, in urlopen
    return self.urlopen(method, url, body, headers, retries,
           ^^^^^^^^^^^^^^^^^^^^^^^^^^^^^^^^^^^^^^^^^^^^^^^^^
  File "C:\Users\Win10 Pro\AppData\Roaming\Python\Python311\site-packages\telegram\vendor\ptb_urllib3\urllib3\connectionpool.py", line 691, in urlopen
    return self.urlopen(method, url, body, headers, retries,
           ^^^^^^^^^^^^^^^^^^^^^^^^^^^^^^^^^^^^^^^^^^^^^^^^^
  File "C:\Users\Win10 Pro\AppData\Roaming\Python\Python311\site-packages\telegram\vendor\ptb_urllib3\urllib3\connectionpool.py", line 691, in urlopen
    return self.urlopen(method, url, body, headers, retries,
           ^^^^^^^^^^^^^^^^^^^^^^^^^^^^^^^^^^^^^^^^^^^^^^^^^
  File "C:\Users\Win10 Pro\AppData\Roaming\Python\Python311\site-packages\telegram\vendor\ptb_urllib3\urllib3\connectionpool.py", line 665, in urlopen
    retries = retries.increment(method, url, error=e, _pool=self,
              ^^^^^^^^^^^^^^^^^^^^^^^^^^^^^^^^^^^^^^^^^^^^^^^^^^^
  File "C:\Users\Win10 Pro\AppData\Roaming\Python\Python311\site-packages\telegram\vendor\ptb_urllib3\urllib3\util\retry.py", line 376, in increment
    raise MaxRetryError(_pool, url, error or ResponseError(cause))
telegram.vendor.ptb_urllib3.urllib3.exceptions.MaxRetryError: HTTPSConnectionPool(host='api.telegram.org', port=443): Max retries exceeded with url: /bot8383643986:AAFVI4MDb2zjy7DT9lsI3x6rn2UOyd-biPQ/getUpdates (Caused by NewConnectionError('<telegram.vendor.ptb_urllib3.urllib3.connection.VerifiedHTTPSConnection object at 0x0000014C336E3850>: Failed to establish a new connection: [WinError 10051] A socket operation was attempted to an unreachable network'))

The above exception was the direct cause of the following exception:

Traceback (most recent call last):
  File "C:\smyards_bot\bot_final_fixed.py", line 3221, in error_handler
    raise context.error
  File "C:\Users\Win10 Pro\AppData\Roaming\Python\Python311\site-packages\telegram\ext\updater.py", line 651, in _network_loop_retry
    if not action_cb():
           ^^^^^^^^^^^
  File "C:\Users\Win10 Pro\AppData\Roaming\Python\Python311\site-packages\telegram\ext\updater.py", line 602, in polling_action_cb
    updates = self.bot.get_updates(
              ^^^^^^^^^^^^^^^^^^^^^
  File "C:\Users\Win10 Pro\AppData\Roaming\Python\Python311\site-packages\telegram\ext\extbot.py", line 228, in get_updates
    updates = super().get_updates(
              ^^^^^^^^^^^^^^^^^^^^
  File "C:\Users\Win10 Pro\AppData\Roaming\Python\Python311\site-packages\telegram\bot.py", line 134, in decorator
    result = func(*args, **kwargs)
             ^^^^^^^^^^^^^^^^^^^^^
  File "C:\Users\Win10 Pro\AppData\Roaming\Python\Python311\site-packages\telegram\bot.py", line 3140, in get_updates
    self._post(
  File "C:\Users\Win10 Pro\AppData\Roaming\Python\Python311\site-packages\telegram\bot.py", line 299, in _post
    return self.request.post(
           ^^^^^^^^^^^^^^^^^^
  File "C:\Users\Win10 Pro\AppData\Roaming\Python\Python311\site-packages\telegram\utils\request.py", line 361, in post
    result = self._request_wrapper(
             ^^^^^^^^^^^^^^^^^^^^^^
  File "C:\Users\Win10 Pro\AppData\Roaming\Python\Python311\site-packages\telegram\utils\request.py", line 265, in _request_wrapper
    raise NetworkError(f'urllib3 HTTPError {error}') from error
telegram.error.NetworkError: urllib3 HTTPError HTTPSConnectionPool(host='api.telegram.org', port=443): Max retries exceeded with url: /bot8383643986:AAFVI4MDb2zjy7DT9lsI3x6rn2UOyd-biPQ/getUpdates (Caused by NewConnectionError('<telegram.vendor.ptb_urllib3.urllib3.connection.VerifiedHTTPSConnection object at 0x0000014C336E3850>: Failed to establish a new connection: [WinError 10051] A socket operation was attempted to an unreachable network'))

2025-12-30 21:19:48,148 - __main__ - ERROR - Update "None" caused error "urllib3 HTTPError HTTPSConnectionPool(host='api.telegram.org', port=443): Max retries exceeded with url: /bot8383643986:AAFVI4MDb2zjy7DT9lsI3x6rn2UOyd-biPQ/getUpdates (Caused by NewConnectionError('<telegram.vendor.ptb_urllib3.urllib3.connection.VerifiedHTTPSConnection object at 0x0000014C338CFF50>: Failed to establish a new connection: [WinError 10051] A socket operation was attempted to an unreachable network'))"
2025-12-30 21:19:48,152 - __main__ - ERROR - Full error: Traceback (most recent call last):
  File "C:\Users\Win10 Pro\AppData\Roaming\Python\Python311\site-packages\telegram\vendor\ptb_urllib3\urllib3\connection.py", line 140, in _new_conn
    conn = connection.create_connection(
           ^^^^^^^^^^^^^^^^^^^^^^^^^^^^^
  File "C:\Users\Win10 Pro\AppData\Roaming\Python\Python311\site-packages\telegram\vendor\ptb_urllib3\urllib3\util\connection.py", line 83, in create_connection
    raise err
  File "C:\Users\Win10 Pro\AppData\Roaming\Python\Python311\site-packages\telegram\vendor\ptb_urllib3\urllib3\util\connection.py", line 73, in create_connection
    sock.connect(sa)
OSError: [WinError 10051] A socket operation was attempted to an unreachable network

During handling of the above exception, another exception occurred:

Traceback (most recent call last):
  File "C:\Users\Win10 Pro\AppData\Roaming\Python\Python311\site-packages\telegram\vendor\ptb_urllib3\urllib3\connectionpool.py", line 614, in urlopen
    httplib_response = self._make_request(conn, method, url,
                       ^^^^^^^^^^^^^^^^^^^^^^^^^^^^^^^^^^^^^
  File "C:\Users\Win10 Pro\AppData\Roaming\Python\Python311\site-packages\telegram\vendor\ptb_urllib3\urllib3\connectionpool.py", line 360, in _make_request
    self._validate_conn(conn)
  File "C:\Users\Win10 Pro\AppData\Roaming\Python\Python311\site-packages\telegram\vendor\ptb_urllib3\urllib3\connectionpool.py", line 857, in _validate_conn
    super(HTTPSConnectionPool, self)._validate_conn(conn)
  File "C:\Users\Win10 Pro\AppData\Roaming\Python\Python311\site-packages\telegram\vendor\ptb_urllib3\urllib3\connectionpool.py", line 289, in _validate_conn
    conn.connect()
  File "C:\Users\Win10 Pro\AppData\Roaming\Python\Python311\site-packages\telegram\vendor\ptb_urllib3\urllib3\connection.py", line 284, in connect
    conn = self._new_conn()
           ^^^^^^^^^^^^^^^^
  File "C:\Users\Win10 Pro\AppData\Roaming\Python\Python311\site-packages\telegram\vendor\ptb_urllib3\urllib3\connection.py", line 149, in _new_conn
    raise NewConnectionError(
telegram.vendor.ptb_urllib3.urllib3.exceptions.NewConnectionError: <telegram.vendor.ptb_urllib3.urllib3.connection.VerifiedHTTPSConnection object at 0x0000014C338CFF50>: Failed to establish a new connection: [WinError 10051] A socket operation was attempted to an unreachable network

During handling of the above exception, another exception occurred:

Traceback (most recent call last):
  File "C:\Users\Win10 Pro\AppData\Roaming\Python\Python311\site-packages\telegram\utils\request.py", line 259, in _request_wrapper
    resp = self._con_pool.request(*args, **kwargs)
           ^^^^^^^^^^^^^^^^^^^^^^^^^^^^^^^^^^^^^^^
  File "C:\Users\Win10 Pro\AppData\Roaming\Python\Python311\site-packages\telegram\vendor\ptb_urllib3\urllib3\request.py", line 68, in request
    return self.request_encode_body(method, url, fields=fields,
           ^^^^^^^^^^^^^^^^^^^^^^^^^^^^^^^^^^^^^^^^^^^^^^^^^^^^
  File "C:\Users\Win10 Pro\AppData\Roaming\Python\Python311\site-packages\telegram\vendor\ptb_urllib3\urllib3\request.py", line 148, in request_encode_body
    return self.urlopen(method, url, **extra_kw)
           ^^^^^^^^^^^^^^^^^^^^^^^^^^^^^^^^^^^^^
  File "C:\Users\Win10 Pro\AppData\Roaming\Python\Python311\site-packages\telegram\vendor\ptb_urllib3\urllib3\poolmanager.py", line 244, in urlopen
    response = conn.urlopen(method, u.request_uri, **kw)
               ^^^^^^^^^^^^^^^^^^^^^^^^^^^^^^^^^^^^^^^^^
  File "C:\Users\Win10 Pro\AppData\Roaming\Python\Python311\site-packages\telegram\vendor\ptb_urllib3\urllib3\connectionpool.py", line 691, in urlopen
    return self.urlopen(method, url, body, headers, retries,
           ^^^^^^^^^^^^^^^^^^^^^^^^^^^^^^^^^^^^^^^^^^^^^^^^^
  File "C:\Users\Win10 Pro\AppData\Roaming\Python\Python311\site-packages\telegram\vendor\ptb_urllib3\urllib3\connectionpool.py", line 691, in urlopen
    return self.urlopen(method, url, body, headers, retries,
           ^^^^^^^^^^^^^^^^^^^^^^^^^^^^^^^^^^^^^^^^^^^^^^^^^
  File "C:\Users\Win10 Pro\AppData\Roaming\Python\Python311\site-packages\telegram\vendor\ptb_urllib3\urllib3\connectionpool.py", line 691, in urlopen
    return self.urlopen(method, url, body, headers, retries,
           ^^^^^^^^^^^^^^^^^^^^^^^^^^^^^^^^^^^^^^^^^^^^^^^^^
  File "C:\Users\Win10 Pro\AppData\Roaming\Python\Python311\site-packages\telegram\vendor\ptb_urllib3\urllib3\connectionpool.py", line 665, in urlopen
    retries = retries.increment(method, url, error=e, _pool=self,
              ^^^^^^^^^^^^^^^^^^^^^^^^^^^^^^^^^^^^^^^^^^^^^^^^^^^
  File "C:\Users\Win10 Pro\AppData\Roaming\Python\Python311\site-packages\telegram\vendor\ptb_urllib3\urllib3\util\retry.py", line 376, in increment
    raise MaxRetryError(_pool, url, error or ResponseError(cause))
telegram.vendor.ptb_urllib3.urllib3.exceptions.MaxRetryError: HTTPSConnectionPool(host='api.telegram.org', port=443): Max retries exceeded with url: /bot8383643986:AAFVI4MDb2zjy7DT9lsI3x6rn2UOyd-biPQ/getUpdates (Caused by NewConnectionError('<telegram.vendor.ptb_urllib3.urllib3.connection.VerifiedHTTPSConnection object at 0x0000014C338CFF50>: Failed to establish a new connection: [WinError 10051] A socket operation was attempted to an unreachable network'))

The above exception was the direct cause of the following exception:

Traceback (most recent call last):
  File "C:\smyards_bot\bot_final_fixed.py", line 3221, in error_handler
    raise context.error
  File "C:\Users\Win10 Pro\AppData\Roaming\Python\Python311\site-packages\telegram\ext\updater.py", line 651, in _network_loop_retry
    if not action_cb():
           ^^^^^^^^^^^
  File "C:\Users\Win10 Pro\AppData\Roaming\Python\Python311\site-packages\telegram\ext\updater.py", line 602, in polling_action_cb
    updates = self.bot.get_updates(
              ^^^^^^^^^^^^^^^^^^^^^
  File "C:\Users\Win10 Pro\AppData\Roaming\Python\Python311\site-packages\telegram\ext\extbot.py", line 228, in get_updates
    updates = super().get_updates(
              ^^^^^^^^^^^^^^^^^^^^
  File "C:\Users\Win10 Pro\AppData\Roaming\Python\Python311\site-packages\telegram\bot.py", line 134, in decorator
    result = func(*args, **kwargs)
             ^^^^^^^^^^^^^^^^^^^^^
  File "C:\Users\Win10 Pro\AppData\Roaming\Python\Python311\site-packages\telegram\bot.py", line 3140, in get_updates
    self._post(
  File "C:\Users\Win10 Pro\AppData\Roaming\Python\Python311\site-packages\telegram\bot.py", line 299, in _post
    return self.request.post(
           ^^^^^^^^^^^^^^^^^^
  File "C:\Users\Win10 Pro\AppData\Roaming\Python\Python311\site-packages\telegram\utils\request.py", line 361, in post
    result = self._request_wrapper(
             ^^^^^^^^^^^^^^^^^^^^^^
  File "C:\Users\Win10 Pro\AppData\Roaming\Python\Python311\site-packages\telegram\utils\request.py", line 265, in _request_wrapper
    raise NetworkError(f'urllib3 HTTPError {error}') from error
telegram.error.NetworkError: urllib3 HTTPError HTTPSConnectionPool(host='api.telegram.org', port=443): Max retries exceeded with url: /bot8383643986:AAFVI4MDb2zjy7DT9lsI3x6rn2UOyd-biPQ/getUpdates (Caused by NewConnectionError('<telegram.vendor.ptb_urllib3.urllib3.connection.VerifiedHTTPSConnection object at 0x0000014C338CFF50>: Failed to establish a new connection: [WinError 10051] A socket operation was attempted to an unreachable network'))

2025-12-30 21:20:38,260 - __main__ - ERROR - Update "None" caused error "urllib3 HTTPError HTTPSConnectionPool(host='api.telegram.org', port=443): Max retries exceeded with url: /bot8383643986:AAFVI4MDb2zjy7DT9lsI3x6rn2UOyd-biPQ/getUpdates (Caused by NewConnectionError('<telegram.vendor.ptb_urllib3.urllib3.connection.VerifiedHTTPSConnection object at 0x0000014C338B4190>: Failed to establish a new connection: [WinError 10051] A socket operation was attempted to an unreachable network'))"
2025-12-30 21:20:38,271 - __main__ - ERROR - Full error: Traceback (most recent call last):
  File "C:\Users\Win10 Pro\AppData\Roaming\Python\Python311\site-packages\telegram\vendor\ptb_urllib3\urllib3\connection.py", line 140, in _new_conn
    conn = connection.create_connection(
           ^^^^^^^^^^^^^^^^^^^^^^^^^^^^^
  File "C:\Users\Win10 Pro\AppData\Roaming\Python\Python311\site-packages\telegram\vendor\ptb_urllib3\urllib3\util\connection.py", line 83, in create_connection
    raise err
  File "C:\Users\Win10 Pro\AppData\Roaming\Python\Python311\site-packages\telegram\vendor\ptb_urllib3\urllib3\util\connection.py", line 73, in create_connection
    sock.connect(sa)
OSError: [WinError 10051] A socket operation was attempted to an unreachable network

During handling of the above exception, another exception occurred:

Traceback (most recent call last):
  File "C:\Users\Win10 Pro\AppData\Roaming\Python\Python311\site-packages\telegram\vendor\ptb_urllib3\urllib3\connectionpool.py", line 614, in urlopen
    httplib_response = self._make_request(conn, method, url,
                       ^^^^^^^^^^^^^^^^^^^^^^^^^^^^^^^^^^^^^
  File "C:\Users\Win10 Pro\AppData\Roaming\Python\Python311\site-packages\telegram\vendor\ptb_urllib3\urllib3\connectionpool.py", line 360, in _make_request
    self._validate_conn(conn)
  File "C:\Users\Win10 Pro\AppData\Roaming\Python\Python311\site-packages\telegram\vendor\ptb_urllib3\urllib3\connectionpool.py", line 857, in _validate_conn
    super(HTTPSConnectionPool, self)._validate_conn(conn)
  File "C:\Users\Win10 Pro\AppData\Roaming\Python\Python311\site-packages\telegram\vendor\ptb_urllib3\urllib3\connectionpool.py", line 289, in _validate_conn
    conn.connect()
  File "C:\Users\Win10 Pro\AppData\Roaming\Python\Python311\site-packages\telegram\vendor\ptb_urllib3\urllib3\connection.py", line 284, in connect
    conn = self._new_conn()
           ^^^^^^^^^^^^^^^^
  File "C:\Users\Win10 Pro\AppData\Roaming\Python\Python311\site-packages\telegram\vendor\ptb_urllib3\urllib3\connection.py", line 149, in _new_conn
    raise NewConnectionError(
telegram.vendor.ptb_urllib3.urllib3.exceptions.NewConnectionError: <telegram.vendor.ptb_urllib3.urllib3.connection.VerifiedHTTPSConnection object at 0x0000014C338B4190>: Failed to establish a new connection: [WinError 10051] A socket operation was attempted to an unreachable network

During handling of the above exception, another exception occurred:

Traceback (most recent call last):
  File "C:\Users\Win10 Pro\AppData\Roaming\Python\Python311\site-packages\telegram\utils\request.py", line 259, in _request_wrapper
    resp = self._con_pool.request(*args, **kwargs)
           ^^^^^^^^^^^^^^^^^^^^^^^^^^^^^^^^^^^^^^^
  File "C:\Users\Win10 Pro\AppData\Roaming\Python\Python311\site-packages\telegram\vendor\ptb_urllib3\urllib3\request.py", line 68, in request
    return self.request_encode_body(method, url, fields=fields,
           ^^^^^^^^^^^^^^^^^^^^^^^^^^^^^^^^^^^^^^^^^^^^^^^^^^^^
  File "C:\Users\Win10 Pro\AppData\Roaming\Python\Python311\site-packages\telegram\vendor\ptb_urllib3\urllib3\request.py", line 148, in request_encode_body
    return self.urlopen(method, url, **extra_kw)
           ^^^^^^^^^^^^^^^^^^^^^^^^^^^^^^^^^^^^^
  File "C:\Users\Win10 Pro\AppData\Roaming\Python\Python311\site-packages\telegram\vendor\ptb_urllib3\urllib3\poolmanager.py", line 244, in urlopen
    response = conn.urlopen(method, u.request_uri, **kw)
               ^^^^^^^^^^^^^^^^^^^^^^^^^^^^^^^^^^^^^^^^^
  File "C:\Users\Win10 Pro\AppData\Roaming\Python\Python311\site-packages\telegram\vendor\ptb_urllib3\urllib3\connectionpool.py", line 691, in urlopen
    return self.urlopen(method, url, body, headers, retries,
           ^^^^^^^^^^^^^^^^^^^^^^^^^^^^^^^^^^^^^^^^^^^^^^^^^
  File "C:\Users\Win10 Pro\AppData\Roaming\Python\Python311\site-packages\telegram\vendor\ptb_urllib3\urllib3\connectionpool.py", line 691, in urlopen
    return self.urlopen(method, url, body, headers, retries,
           ^^^^^^^^^^^^^^^^^^^^^^^^^^^^^^^^^^^^^^^^^^^^^^^^^
  File "C:\Users\Win10 Pro\AppData\Roaming\Python\Python311\site-packages\telegram\vendor\ptb_urllib3\urllib3\connectionpool.py", line 691, in urlopen
    return self.urlopen(method, url, body, headers, retries,
           ^^^^^^^^^^^^^^^^^^^^^^^^^^^^^^^^^^^^^^^^^^^^^^^^^
  File "C:\Users\Win10 Pro\AppData\Roaming\Python\Python311\site-packages\telegram\vendor\ptb_urllib3\urllib3\connectionpool.py", line 665, in urlopen
    retries = retries.increment(method, url, error=e, _pool=self,
              ^^^^^^^^^^^^^^^^^^^^^^^^^^^^^^^^^^^^^^^^^^^^^^^^^^^
  File "C:\Users\Win10 Pro\AppData\Roaming\Python\Python311\site-packages\telegram\vendor\ptb_urllib3\urllib3\util\retry.py", line 376, in increment
    raise MaxRetryError(_pool, url, error or ResponseError(cause))
telegram.vendor.ptb_urllib3.urllib3.exceptions.MaxRetryError: HTTPSConnectionPool(host='api.telegram.org', port=443): Max retries exceeded with url: /bot8383643986:AAFVI4MDb2zjy7DT9lsI3x6rn2UOyd-biPQ/getUpdates (Caused by NewConnectionError('<telegram.vendor.ptb_urllib3.urllib3.connection.VerifiedHTTPSConnection object at 0x0000014C338B4190>: Failed to establish a new connection: [WinError 10051] A socket operation was attempted to an unreachable network'))

The above exception was the direct cause of the following exception:

Traceback (most recent call last):
  File "C:\smyards_bot\bot_final_fixed.py", line 3221, in error_handler
    raise context.error
  File "C:\Users\Win10 Pro\AppData\Roaming\Python\Python311\site-packages\telegram\ext\updater.py", line 651, in _network_loop_retry
    if not action_cb():
           ^^^^^^^^^^^
  File "C:\Users\Win10 Pro\AppData\Roaming\Python\Python311\site-packages\telegram\ext\updater.py", line 602, in polling_action_cb
    updates = self.bot.get_updates(
              ^^^^^^^^^^^^^^^^^^^^^
  File "C:\Users\Win10 Pro\AppData\Roaming\Python\Python311\site-packages\telegram\ext\extbot.py", line 228, in get_updates
    updates = super().get_updates(
              ^^^^^^^^^^^^^^^^^^^^
  File "C:\Users\Win10 Pro\AppData\Roaming\Python\Python311\site-packages\telegram\bot.py", line 134, in decorator
    result = func(*args, **kwargs)
             ^^^^^^^^^^^^^^^^^^^^^
  File "C:\Users\Win10 Pro\AppData\Roaming\Python\Python311\site-packages\telegram\bot.py", line 3140, in get_updates
    self._post(
  File "C:\Users\Win10 Pro\AppData\Roaming\Python\Python311\site-packages\telegram\bot.py", line 299, in _post
    return self.request.post(
           ^^^^^^^^^^^^^^^^^^
  File "C:\Users\Win10 Pro\AppData\Roaming\Python\Python311\site-packages\telegram\utils\request.py", line 361, in post
    result = self._request_wrapper(
             ^^^^^^^^^^^^^^^^^^^^^^
  File "C:\Users\Win10 Pro\AppData\Roaming\Python\Python311\site-packages\telegram\utils\request.py", line 265, in _request_wrapper
    raise NetworkError(f'urllib3 HTTPError {error}') from error
telegram.error.NetworkError: urllib3 HTTPError HTTPSConnectionPool(host='api.telegram.org', port=443): Max retries exceeded with url: /bot8383643986:AAFVI4MDb2zjy7DT9lsI3x6rn2UOyd-biPQ/getUpdates (Caused by NewConnectionError('<telegram.vendor.ptb_urllib3.urllib3.connection.VerifiedHTTPSConnection object at 0x0000014C338B4190>: Failed to establish a new connection: [WinError 10051] A socket operation was attempted to an unreachable network'))

2025-12-30 21:21:28,336 - __main__ - ERROR - Update "None" caused error "urllib3 HTTPError HTTPSConnectionPool(host='api.telegram.org', port=443): Max retries exceeded with url: /bot8383643986:AAFVI4MDb2zjy7DT9lsI3x6rn2UOyd-biPQ/getUpdates (Caused by NewConnectionError('<telegram.vendor.ptb_urllib3.urllib3.connection.VerifiedHTTPSConnection object at 0x0000014C338DD810>: Failed to establish a new connection: [WinError 10051] A socket operation was attempted to an unreachable network'))"
2025-12-30 21:21:28,347 - __main__ - ERROR - Full error: Traceback (most recent call last):
  File "C:\Users\Win10 Pro\AppData\Roaming\Python\Python311\site-packages\telegram\vendor\ptb_urllib3\urllib3\connection.py", line 140, in _new_conn
    conn = connection.create_connection(
           ^^^^^^^^^^^^^^^^^^^^^^^^^^^^^
  File "C:\Users\Win10 Pro\AppData\Roaming\Python\Python311\site-packages\telegram\vendor\ptb_urllib3\urllib3\util\connection.py", line 83, in create_connection
    raise err
  File "C:\Users\Win10 Pro\AppData\Roaming\Python\Python311\site-packages\telegram\vendor\ptb_urllib3\urllib3\util\connection.py", line 73, in create_connection
    sock.connect(sa)
OSError: [WinError 10051] A socket operation was attempted to an unreachable network

During handling of the above exception, another exception occurred:

Traceback (most recent call last):
  File "C:\Users\Win10 Pro\AppData\Roaming\Python\Python311\site-packages\telegram\vendor\ptb_urllib3\urllib3\connectionpool.py", line 614, in urlopen
    httplib_response = self._make_request(conn, method, url,
                       ^^^^^^^^^^^^^^^^^^^^^^^^^^^^^^^^^^^^^
  File "C:\Users\Win10 Pro\AppData\Roaming\Python\Python311\site-packages\telegram\vendor\ptb_urllib3\urllib3\connectionpool.py", line 360, in _make_request
    self._validate_conn(conn)
  File "C:\Users\Win10 Pro\AppData\Roaming\Python\Python311\site-packages\telegram\vendor\ptb_urllib3\urllib3\connectionpool.py", line 857, in _validate_conn
    super(HTTPSConnectionPool, self)._validate_conn(conn)
  File "C:\Users\Win10 Pro\AppData\Roaming\Python\Python311\site-packages\telegram\vendor\ptb_urllib3\urllib3\connectionpool.py", line 289, in _validate_conn
    conn.connect()
  File "C:\Users\Win10 Pro\AppData\Roaming\Python\Python311\site-packages\telegram\vendor\ptb_urllib3\urllib3\connection.py", line 284, in connect
    conn = self._new_conn()
           ^^^^^^^^^^^^^^^^
  File "C:\Users\Win10 Pro\AppData\Roaming\Python\Python311\site-packages\telegram\vendor\ptb_urllib3\urllib3\connection.py", line 149, in _new_conn
    raise NewConnectionError(
telegram.vendor.ptb_urllib3.urllib3.exceptions.NewConnectionError: <telegram.vendor.ptb_urllib3.urllib3.connection.VerifiedHTTPSConnection object at 0x0000014C338DD810>: Failed to establish a new connection: [WinError 10051] A socket operation was attempted to an unreachable network

During handling of the above exception, another exception occurred:

Traceback (most recent call last):
  File "C:\Users\Win10 Pro\AppData\Roaming\Python\Python311\site-packages\telegram\utils\request.py", line 259, in _request_wrapper
    resp = self._con_pool.request(*args, **kwargs)
           ^^^^^^^^^^^^^^^^^^^^^^^^^^^^^^^^^^^^^^^
  File "C:\Users\Win10 Pro\AppData\Roaming\Python\Python311\site-packages\telegram\vendor\ptb_urllib3\urllib3\request.py", line 68, in request
    return self.request_encode_body(method, url, fields=fields,
           ^^^^^^^^^^^^^^^^^^^^^^^^^^^^^^^^^^^^^^^^^^^^^^^^^^^^
  File "C:\Users\Win10 Pro\AppData\Roaming\Python\Python311\site-packages\telegram\vendor\ptb_urllib3\urllib3\request.py", line 148, in request_encode_body
    return self.urlopen(method, url, **extra_kw)
           ^^^^^^^^^^^^^^^^^^^^^^^^^^^^^^^^^^^^^
  File "C:\Users\Win10 Pro\AppData\Roaming\Python\Python311\site-packages\telegram\vendor\ptb_urllib3\urllib3\poolmanager.py", line 244, in urlopen
    response = conn.urlopen(method, u.request_uri, **kw)
               ^^^^^^^^^^^^^^^^^^^^^^^^^^^^^^^^^^^^^^^^^
  File "C:\Users\Win10 Pro\AppData\Roaming\Python\Python311\site-packages\telegram\vendor\ptb_urllib3\urllib3\connectionpool.py", line 691, in urlopen
    return self.urlopen(method, url, body, headers, retries,
           ^^^^^^^^^^^^^^^^^^^^^^^^^^^^^^^^^^^^^^^^^^^^^^^^^
  File "C:\Users\Win10 Pro\AppData\Roaming\Python\Python311\site-packages\telegram\vendor\ptb_urllib3\urllib3\connectionpool.py", line 691, in urlopen
    return self.urlopen(method, url, body, headers, retries,
           ^^^^^^^^^^^^^^^^^^^^^^^^^^^^^^^^^^^^^^^^^^^^^^^^^
  File "C:\Users\Win10 Pro\AppData\Roaming\Python\Python311\site-packages\telegram\vendor\ptb_urllib3\urllib3\connectionpool.py", line 691, in urlopen
    return self.urlopen(method, url, body, headers, retries,
           ^^^^^^^^^^^^^^^^^^^^^^^^^^^^^^^^^^^^^^^^^^^^^^^^^
  File "C:\Users\Win10 Pro\AppData\Roaming\Python\Python311\site-packages\telegram\vendor\ptb_urllib3\urllib3\connectionpool.py", line 665, in urlopen
    retries = retries.increment(method, url, error=e, _pool=self,
              ^^^^^^^^^^^^^^^^^^^^^^^^^^^^^^^^^^^^^^^^^^^^^^^^^^^
  File "C:\Users\Win10 Pro\AppData\Roaming\Python\Python311\site-packages\telegram\vendor\ptb_urllib3\urllib3\util\retry.py", line 376, in increment
    raise MaxRetryError(_pool, url, error or ResponseError(cause))
telegram.vendor.ptb_urllib3.urllib3.exceptions.MaxRetryError: HTTPSConnectionPool(host='api.telegram.org', port=443): Max retries exceeded with url: /bot8383643986:AAFVI4MDb2zjy7DT9lsI3x6rn2UOyd-biPQ/getUpdates (Caused by NewConnectionError('<telegram.vendor.ptb_urllib3.urllib3.connection.VerifiedHTTPSConnection object at 0x0000014C338DD810>: Failed to establish a new connection: [WinError 10051] A socket operation was attempted to an unreachable network'))

The above exception was the direct cause of the following exception:

Traceback (most recent call last):
  File "C:\smyards_bot\bot_final_fixed.py", line 3221, in error_handler
    raise context.error
  File "C:\Users\Win10 Pro\AppData\Roaming\Python\Python311\site-packages\telegram\ext\updater.py", line 651, in _network_loop_retry
    if not action_cb():
           ^^^^^^^^^^^
  File "C:\Users\Win10 Pro\AppData\Roaming\Python\Python311\site-packages\telegram\ext\updater.py", line 602, in polling_action_cb
    updates = self.bot.get_updates(
              ^^^^^^^^^^^^^^^^^^^^^
  File "C:\Users\Win10 Pro\AppData\Roaming\Python\Python311\site-packages\telegram\ext\extbot.py", line 228, in get_updates
    updates = super().get_updates(
              ^^^^^^^^^^^^^^^^^^^^
  File "C:\Users\Win10 Pro\AppData\Roaming\Python\Python311\site-packages\telegram\bot.py", line 134, in decorator
    result = func(*args, **kwargs)
             ^^^^^^^^^^^^^^^^^^^^^
  File "C:\Users\Win10 Pro\AppData\Roaming\Python\Python311\site-packages\telegram\bot.py", line 3140, in get_updates
    self._post(
  File "C:\Users\Win10 Pro\AppData\Roaming\Python\Python311\site-packages\telegram\bot.py", line 299, in _post
    return self.request.post(
           ^^^^^^^^^^^^^^^^^^
  File "C:\Users\Win10 Pro\AppData\Roaming\Python\Python311\site-packages\telegram\utils\request.py", line 361, in post
    result = self._request_wrapper(
             ^^^^^^^^^^^^^^^^^^^^^^
  File "C:\Users\Win10 Pro\AppData\Roaming\Python\Python311\site-packages\telegram\utils\request.py", line 265, in _request_wrapper
    raise NetworkError(f'urllib3 HTTPError {error}') from error
telegram.error.NetworkError: urllib3 HTTPError HTTPSConnectionPool(host='api.telegram.org', port=443): Max retries exceeded with url: /bot8383643986:AAFVI4MDb2zjy7DT9lsI3x6rn2UOyd-biPQ/getUpdates (Caused by NewConnectionError('<telegram.vendor.ptb_urllib3.urllib3.connection.VerifiedHTTPSConnection object at 0x0000014C338DD810>: Failed to establish a new connection: [WinError 10051] A socket operation was attempted to an unreachable network'))

2025-12-30 21:22:18,447 - __main__ - ERROR - Update "None" caused error "urllib3 HTTPError HTTPSConnectionPool(host='api.telegram.org', port=443): Max retries exceeded with url: /bot8383643986:AAFVI4MDb2zjy7DT9lsI3x6rn2UOyd-biPQ/getUpdates (Caused by NewConnectionError('<telegram.vendor.ptb_urllib3.urllib3.connection.VerifiedHTTPSConnection object at 0x0000014C338F5210>: Failed to establish a new connection: [WinError 10051] A socket operation was attempted to an unreachable network'))"
2025-12-30 21:22:18,457 - __main__ - ERROR - Full error: Traceback (most recent call last):
  File "C:\Users\Win10 Pro\AppData\Roaming\Python\Python311\site-packages\telegram\vendor\ptb_urllib3\urllib3\connection.py", line 140, in _new_conn
    conn = connection.create_connection(
           ^^^^^^^^^^^^^^^^^^^^^^^^^^^^^
  File "C:\Users\Win10 Pro\AppData\Roaming\Python\Python311\site-packages\telegram\vendor\ptb_urllib3\urllib3\util\connection.py", line 83, in create_connection
    raise err
  File "C:\Users\Win10 Pro\AppData\Roaming\Python\Python311\site-packages\telegram\vendor\ptb_urllib3\urllib3\util\connection.py", line 73, in create_connection
    sock.connect(sa)
OSError: [WinError 10051] A socket operation was attempted to an unreachable network

During handling of the above exception, another exception occurred:

Traceback (most recent call last):
  File "C:\Users\Win10 Pro\AppData\Roaming\Python\Python311\site-packages\telegram\vendor\ptb_urllib3\urllib3\connectionpool.py", line 614, in urlopen
    httplib_response = self._make_request(conn, method, url,
                       ^^^^^^^^^^^^^^^^^^^^^^^^^^^^^^^^^^^^^
  File "C:\Users\Win10 Pro\AppData\Roaming\Python\Python311\site-packages\telegram\vendor\ptb_urllib3\urllib3\connectionpool.py", line 360, in _make_request
    self._validate_conn(conn)
  File "C:\Users\Win10 Pro\AppData\Roaming\Python\Python311\site-packages\telegram\vendor\ptb_urllib3\urllib3\connectionpool.py", line 857, in _validate_conn
    super(HTTPSConnectionPool, self)._validate_conn(conn)
  File "C:\Users\Win10 Pro\AppData\Roaming\Python\Python311\site-packages\telegram\vendor\ptb_urllib3\urllib3\connectionpool.py", line 289, in _validate_conn
    conn.connect()
  File "C:\Users\Win10 Pro\AppData\Roaming\Python\Python311\site-packages\telegram\vendor\ptb_urllib3\urllib3\connection.py", line 284, in connect
    conn = self._new_conn()
           ^^^^^^^^^^^^^^^^
  File "C:\Users\Win10 Pro\AppData\Roaming\Python\Python311\site-packages\telegram\vendor\ptb_urllib3\urllib3\connection.py", line 149, in _new_conn
    raise NewConnectionError(
telegram.vendor.ptb_urllib3.urllib3.exceptions.NewConnectionError: <telegram.vendor.ptb_urllib3.urllib3.connection.VerifiedHTTPSConnection object at 0x0000014C338F5210>: Failed to establish a new connection: [WinError 10051] A socket operation was attempted to an unreachable network

During handling of the above exception, another exception occurred:

Traceback (most recent call last):
  File "C:\Users\Win10 Pro\AppData\Roaming\Python\Python311\site-packages\telegram\utils\request.py", line 259, in _request_wrapper
    resp = self._con_pool.request(*args, **kwargs)
           ^^^^^^^^^^^^^^^^^^^^^^^^^^^^^^^^^^^^^^^
  File "C:\Users\Win10 Pro\AppData\Roaming\Python\Python311\site-packages\telegram\vendor\ptb_urllib3\urllib3\request.py", line 68, in request
    return self.request_encode_body(method, url, fields=fields,
           ^^^^^^^^^^^^^^^^^^^^^^^^^^^^^^^^^^^^^^^^^^^^^^^^^^^^
  File "C:\Users\Win10 Pro\AppData\Roaming\Python\Python311\site-packages\telegram\vendor\ptb_urllib3\urllib3\request.py", line 148, in request_encode_body
    return self.urlopen(method, url, **extra_kw)
           ^^^^^^^^^^^^^^^^^^^^^^^^^^^^^^^^^^^^^
  File "C:\Users\Win10 Pro\AppData\Roaming\Python\Python311\site-packages\telegram\vendor\ptb_urllib3\urllib3\poolmanager.py", line 244, in urlopen
    response = conn.urlopen(method, u.request_uri, **kw)
               ^^^^^^^^^^^^^^^^^^^^^^^^^^^^^^^^^^^^^^^^^
  File "C:\Users\Win10 Pro\AppData\Roaming\Python\Python311\site-packages\telegram\vendor\ptb_urllib3\urllib3\connectionpool.py", line 691, in urlopen
    return self.urlopen(method, url, body, headers, retries,
           ^^^^^^^^^^^^^^^^^^^^^^^^^^^^^^^^^^^^^^^^^^^^^^^^^
  File "C:\Users\Win10 Pro\AppData\Roaming\Python\Python311\site-packages\telegram\vendor\ptb_urllib3\urllib3\connectionpool.py", line 691, in urlopen
    return self.urlopen(method, url, body, headers, retries,
           ^^^^^^^^^^^^^^^^^^^^^^^^^^^^^^^^^^^^^^^^^^^^^^^^^
  File "C:\Users\Win10 Pro\AppData\Roaming\Python\Python311\site-packages\telegram\vendor\ptb_urllib3\urllib3\connectionpool.py", line 691, in urlopen
    return self.urlopen(method, url, body, headers, retries,
           ^^^^^^^^^^^^^^^^^^^^^^^^^^^^^^^^^^^^^^^^^^^^^^^^^
  File "C:\Users\Win10 Pro\AppData\Roaming\Python\Python311\site-packages\telegram\vendor\ptb_urllib3\urllib3\connectionpool.py", line 665, in urlopen
    retries = retries.increment(method, url, error=e, _pool=self,
              ^^^^^^^^^^^^^^^^^^^^^^^^^^^^^^^^^^^^^^^^^^^^^^^^^^^
  File "C:\Users\Win10 Pro\AppData\Roaming\Python\Python311\site-packages\telegram\vendor\ptb_urllib3\urllib3\util\retry.py", line 376, in increment
    raise MaxRetryError(_pool, url, error or ResponseError(cause))
telegram.vendor.ptb_urllib3.urllib3.exceptions.MaxRetryError: HTTPSConnectionPool(host='api.telegram.org', port=443): Max retries exceeded with url: /bot8383643986:AAFVI4MDb2zjy7DT9lsI3x6rn2UOyd-biPQ/getUpdates (Caused by NewConnectionError('<telegram.vendor.ptb_urllib3.urllib3.connection.VerifiedHTTPSConnection object at 0x0000014C338F5210>: Failed to establish a new connection: [WinError 10051] A socket operation was attempted to an unreachable network'))

The above exception was the direct cause of the following exception:

Traceback (most recent call last):
  File "C:\smyards_bot\bot_final_fixed.py", line 3221, in error_handler
    raise context.error
  File "C:\Users\Win10 Pro\AppData\Roaming\Python\Python311\site-packages\telegram\ext\updater.py", line 651, in _network_loop_retry
    if not action_cb():
           ^^^^^^^^^^^
  File "C:\Users\Win10 Pro\AppData\Roaming\Python\Python311\site-packages\telegram\ext\updater.py", line 602, in polling_action_cb
    updates = self.bot.get_updates(
              ^^^^^^^^^^^^^^^^^^^^^
  File "C:\Users\Win10 Pro\AppData\Roaming\Python\Python311\site-packages\telegram\ext\extbot.py", line 228, in get_updates
    updates = super().get_updates(
              ^^^^^^^^^^^^^^^^^^^^
  File "C:\Users\Win10 Pro\AppData\Roaming\Python\Python311\site-packages\telegram\bot.py", line 134, in decorator
    result = func(*args, **kwargs)
             ^^^^^^^^^^^^^^^^^^^^^
  File "C:\Users\Win10 Pro\AppData\Roaming\Python\Python311\site-packages\telegram\bot.py", line 3140, in get_updates
    self._post(
  File "C:\Users\Win10 Pro\AppData\Roaming\Python\Python311\site-packages\telegram\bot.py", line 299, in _post
    return self.request.post(
           ^^^^^^^^^^^^^^^^^^
  File "C:\Users\Win10 Pro\AppData\Roaming\Python\Python311\site-packages\telegram\utils\request.py", line 361, in post
    result = self._request_wrapper(
             ^^^^^^^^^^^^^^^^^^^^^^
  File "C:\Users\Win10 Pro\AppData\Roaming\Python\Python311\site-packages\telegram\utils\request.py", line 265, in _request_wrapper
    raise NetworkError(f'urllib3 HTTPError {error}') from error
telegram.error.NetworkError: urllib3 HTTPError HTTPSConnectionPool(host='api.telegram.org', port=443): Max retries exceeded with url: /bot8383643986:AAFVI4MDb2zjy7DT9lsI3x6rn2UOyd-biPQ/getUpdates (Caused by NewConnectionError('<telegram.vendor.ptb_urllib3.urllib3.connection.VerifiedHTTPSConnection object at 0x0000014C338F5210>: Failed to establish a new connection: [WinError 10051] A socket operation was attempted to an unreachable network'))

2025-12-30 21:23:08,600 - __main__ - ERROR - Update "None" caused error "urllib3 HTTPError HTTPSConnectionPool(host='api.telegram.org', port=443): Max retries exceeded with url: /bot8383643986:AAFVI4MDb2zjy7DT9lsI3x6rn2UOyd-biPQ/getUpdates (Caused by NewConnectionError('<telegram.vendor.ptb_urllib3.urllib3.connection.VerifiedHTTPSConnection object at 0x0000014C338DD010>: Failed to establish a new connection: [WinError 10051] A socket operation was attempted to an unreachable network'))"
2025-12-30 21:23:08,610 - __main__ - ERROR - Full error: Traceback (most recent call last):
  File "C:\Users\Win10 Pro\AppData\Roaming\Python\Python311\site-packages\telegram\vendor\ptb_urllib3\urllib3\connection.py", line 140, in _new_conn
    conn = connection.create_connection(
           ^^^^^^^^^^^^^^^^^^^^^^^^^^^^^
  File "C:\Users\Win10 Pro\AppData\Roaming\Python\Python311\site-packages\telegram\vendor\ptb_urllib3\urllib3\util\connection.py", line 83, in create_connection
    raise err
  File "C:\Users\Win10 Pro\AppData\Roaming\Python\Python311\site-packages\telegram\vendor\ptb_urllib3\urllib3\util\connection.py", line 73, in create_connection
    sock.connect(sa)
OSError: [WinError 10051] A socket operation was attempted to an unreachable network

During handling of the above exception, another exception occurred:

Traceback (most recent call last):
  File "C:\Users\Win10 Pro\AppData\Roaming\Python\Python311\site-packages\telegram\vendor\ptb_urllib3\urllib3\connectionpool.py", line 614, in urlopen
    httplib_response = self._make_request(conn, method, url,
                       ^^^^^^^^^^^^^^^^^^^^^^^^^^^^^^^^^^^^^
  File "C:\Users\Win10 Pro\AppData\Roaming\Python\Python311\site-packages\telegram\vendor\ptb_urllib3\urllib3\connectionpool.py", line 360, in _make_request
    self._validate_conn(conn)
  File "C:\Users\Win10 Pro\AppData\Roaming\Python\Python311\site-packages\telegram\vendor\ptb_urllib3\urllib3\connectionpool.py", line 857, in _validate_conn
    super(HTTPSConnectionPool, self)._validate_conn(conn)
  File "C:\Users\Win10 Pro\AppData\Roaming\Python\Python311\site-packages\telegram\vendor\ptb_urllib3\urllib3\connectionpool.py", line 289, in _validate_conn
    conn.connect()
  File "C:\Users\Win10 Pro\AppData\Roaming\Python\Python311\site-packages\telegram\vendor\ptb_urllib3\urllib3\connection.py", line 284, in connect
    conn = self._new_conn()
           ^^^^^^^^^^^^^^^^
  File "C:\Users\Win10 Pro\AppData\Roaming\Python\Python311\site-packages\telegram\vendor\ptb_urllib3\urllib3\connection.py", line 149, in _new_conn
    raise NewConnectionError(
telegram.vendor.ptb_urllib3.urllib3.exceptions.NewConnectionError: <telegram.vendor.ptb_urllib3.urllib3.connection.VerifiedHTTPSConnection object at 0x0000014C338DD010>: Failed to establish a new connection: [WinError 10051] A socket operation was attempted to an unreachable network

During handling of the above exception, another exception occurred:

Traceback (most recent call last):
  File "C:\Users\Win10 Pro\AppData\Roaming\Python\Python311\site-packages\telegram\utils\request.py", line 259, in _request_wrapper
    resp = self._con_pool.request(*args, **kwargs)
           ^^^^^^^^^^^^^^^^^^^^^^^^^^^^^^^^^^^^^^^
  File "C:\Users\Win10 Pro\AppData\Roaming\Python\Python311\site-packages\telegram\vendor\ptb_urllib3\urllib3\request.py", line 68, in request
    return self.request_encode_body(method, url, fields=fields,
           ^^^^^^^^^^^^^^^^^^^^^^^^^^^^^^^^^^^^^^^^^^^^^^^^^^^^
  File "C:\Users\Win10 Pro\AppData\Roaming\Python\Python311\site-packages\telegram\vendor\ptb_urllib3\urllib3\request.py", line 148, in request_encode_body
    return self.urlopen(method, url, **extra_kw)
           ^^^^^^^^^^^^^^^^^^^^^^^^^^^^^^^^^^^^^
  File "C:\Users\Win10 Pro\AppData\Roaming\Python\Python311\site-packages\telegram\vendor\ptb_urllib3\urllib3\poolmanager.py", line 244, in urlopen
    response = conn.urlopen(method, u.request_uri, **kw)
               ^^^^^^^^^^^^^^^^^^^^^^^^^^^^^^^^^^^^^^^^^
  File "C:\Users\Win10 Pro\AppData\Roaming\Python\Python311\site-packages\telegram\vendor\ptb_urllib3\urllib3\connectionpool.py", line 691, in urlopen
    return self.urlopen(method, url, body, headers, retries,
           ^^^^^^^^^^^^^^^^^^^^^^^^^^^^^^^^^^^^^^^^^^^^^^^^^
  File "C:\Users\Win10 Pro\AppData\Roaming\Python\Python311\site-packages\telegram\vendor\ptb_urllib3\urllib3\connectionpool.py", line 691, in urlopen
    return self.urlopen(method, url, body, headers, retries,
           ^^^^^^^^^^^^^^^^^^^^^^^^^^^^^^^^^^^^^^^^^^^^^^^^^
  File "C:\Users\Win10 Pro\AppData\Roaming\Python\Python311\site-packages\telegram\vendor\ptb_urllib3\urllib3\connectionpool.py", line 691, in urlopen
    return self.urlopen(method, url, body, headers, retries,
           ^^^^^^^^^^^^^^^^^^^^^^^^^^^^^^^^^^^^^^^^^^^^^^^^^
  File "C:\Users\Win10 Pro\AppData\Roaming\Python\Python311\site-packages\telegram\vendor\ptb_urllib3\urllib3\connectionpool.py", line 665, in urlopen
    retries = retries.increment(method, url, error=e, _pool=self,
              ^^^^^^^^^^^^^^^^^^^^^^^^^^^^^^^^^^^^^^^^^^^^^^^^^^^
  File "C:\Users\Win10 Pro\AppData\Roaming\Python\Python311\site-packages\telegram\vendor\ptb_urllib3\urllib3\util\retry.py", line 376, in increment
    raise MaxRetryError(_pool, url, error or ResponseError(cause))
telegram.vendor.ptb_urllib3.urllib3.exceptions.MaxRetryError: HTTPSConnectionPool(host='api.telegram.org', port=443): Max retries exceeded with url: /bot8383643986:AAFVI4MDb2zjy7DT9lsI3x6rn2UOyd-biPQ/getUpdates (Caused by NewConnectionError('<telegram.vendor.ptb_urllib3.urllib3.connection.VerifiedHTTPSConnection object at 0x0000014C338DD010>: Failed to establish a new connection: [WinError 10051] A socket operation was attempted to an unreachable network'))

The above exception was the direct cause of the following exception:

Traceback (most recent call last):
  File "C:\smyards_bot\bot_final_fixed.py", line 3221, in error_handler
    raise context.error
  File "C:\Users\Win10 Pro\AppData\Roaming\Python\Python311\site-packages\telegram\ext\updater.py", line 651, in _network_loop_retry
    if not action_cb():
           ^^^^^^^^^^^
  File "C:\Users\Win10 Pro\AppData\Roaming\Python\Python311\site-packages\telegram\ext\updater.py", line 602, in polling_action_cb
    updates = self.bot.get_updates(
              ^^^^^^^^^^^^^^^^^^^^^
  File "C:\Users\Win10 Pro\AppData\Roaming\Python\Python311\site-packages\telegram\ext\extbot.py", line 228, in get_updates
    updates = super().get_updates(
              ^^^^^^^^^^^^^^^^^^^^
  File "C:\Users\Win10 Pro\AppData\Roaming\Python\Python311\site-packages\telegram\bot.py", line 134, in decorator
    result = func(*args, **kwargs)
             ^^^^^^^^^^^^^^^^^^^^^
  File "C:\Users\Win10 Pro\AppData\Roaming\Python\Python311\site-packages\telegram\bot.py", line 3140, in get_updates
    self._post(
  File "C:\Users\Win10 Pro\AppData\Roaming\Python\Python311\site-packages\telegram\bot.py", line 299, in _post
    return self.request.post(
           ^^^^^^^^^^^^^^^^^^
  File "C:\Users\Win10 Pro\AppData\Roaming\Python\Python311\site-packages\telegram\utils\request.py", line 361, in post
    result = self._request_wrapper(
             ^^^^^^^^^^^^^^^^^^^^^^
  File "C:\Users\Win10 Pro\AppData\Roaming\Python\Python311\site-packages\telegram\utils\request.py", line 265, in _request_wrapper
    raise NetworkError(f'urllib3 HTTPError {error}') from error
telegram.error.NetworkError: urllib3 HTTPError HTTPSConnectionPool(host='api.telegram.org', port=443): Max retries exceeded with url: /bot8383643986:AAFVI4MDb2zjy7DT9lsI3x6rn2UOyd-biPQ/getUpdates (Caused by NewConnectionError('<telegram.vendor.ptb_urllib3.urllib3.connection.VerifiedHTTPSConnection object at 0x0000014C338DD010>: Failed to establish a new connection: [WinError 10051] A socket operation was attempted to an unreachable network'))

2025-12-30 21:23:58,777 - __main__ - ERROR - Update "None" caused error "urllib3 HTTPError HTTPSConnectionPool(host='api.telegram.org', port=443): Max retries exceeded with url: /bot8383643986:AAFVI4MDb2zjy7DT9lsI3x6rn2UOyd-biPQ/getUpdates (Caused by NewConnectionError('<telegram.vendor.ptb_urllib3.urllib3.connection.VerifiedHTTPSConnection object at 0x0000014C336E3B50>: Failed to establish a new connection: [WinError 10051] A socket operation was attempted to an unreachable network'))"
2025-12-30 21:23:58,788 - __main__ - ERROR - Full error: Traceback (most recent call last):
  File "C:\Users\Win10 Pro\AppData\Roaming\Python\Python311\site-packages\telegram\vendor\ptb_urllib3\urllib3\connection.py", line 140, in _new_conn
    conn = connection.create_connection(
           ^^^^^^^^^^^^^^^^^^^^^^^^^^^^^
  File "C:\Users\Win10 Pro\AppData\Roaming\Python\Python311\site-packages\telegram\vendor\ptb_urllib3\urllib3\util\connection.py", line 83, in create_connection
    raise err
  File "C:\Users\Win10 Pro\AppData\Roaming\Python\Python311\site-packages\telegram\vendor\ptb_urllib3\urllib3\util\connection.py", line 73, in create_connection
    sock.connect(sa)
OSError: [WinError 10051] A socket operation was attempted to an unreachable network

During handling of the above exception, another exception occurred:

Traceback (most recent call last):
  File "C:\Users\Win10 Pro\AppData\Roaming\Python\Python311\site-packages\telegram\vendor\ptb_urllib3\urllib3\connectionpool.py", line 614, in urlopen
    httplib_response = self._make_request(conn, method, url,
                       ^^^^^^^^^^^^^^^^^^^^^^^^^^^^^^^^^^^^^
  File "C:\Users\Win10 Pro\AppData\Roaming\Python\Python311\site-packages\telegram\vendor\ptb_urllib3\urllib3\connectionpool.py", line 360, in _make_request
    self._validate_conn(conn)
  File "C:\Users\Win10 Pro\AppData\Roaming\Python\Python311\site-packages\telegram\vendor\ptb_urllib3\urllib3\connectionpool.py", line 857, in _validate_conn
    super(HTTPSConnectionPool, self)._validate_conn(conn)
  File "C:\Users\Win10 Pro\AppData\Roaming\Python\Python311\site-packages\telegram\vendor\ptb_urllib3\urllib3\connectionpool.py", line 289, in _validate_conn
    conn.connect()
  File "C:\Users\Win10 Pro\AppData\Roaming\Python\Python311\site-packages\telegram\vendor\ptb_urllib3\urllib3\connection.py", line 284, in connect
    conn = self._new_conn()
           ^^^^^^^^^^^^^^^^
  File "C:\Users\Win10 Pro\AppData\Roaming\Python\Python311\site-packages\telegram\vendor\ptb_urllib3\urllib3\connection.py", line 149, in _new_conn
    raise NewConnectionError(
telegram.vendor.ptb_urllib3.urllib3.exceptions.NewConnectionError: <telegram.vendor.ptb_urllib3.urllib3.connection.VerifiedHTTPSConnection object at 0x0000014C336E3B50>: Failed to establish a new connection: [WinError 10051] A socket operation was attempted to an unreachable network

During handling of the above exception, another exception occurred:

Traceback (most recent call last):
  File "C:\Users\Win10 Pro\AppData\Roaming\Python\Python311\site-packages\telegram\utils\request.py", line 259, in _request_wrapper
    resp = self._con_pool.request(*args, **kwargs)
           ^^^^^^^^^^^^^^^^^^^^^^^^^^^^^^^^^^^^^^^
  File "C:\Users\Win10 Pro\AppData\Roaming\Python\Python311\site-packages\telegram\vendor\ptb_urllib3\urllib3\request.py", line 68, in request
    return self.request_encode_body(method, url, fields=fields,
           ^^^^^^^^^^^^^^^^^^^^^^^^^^^^^^^^^^^^^^^^^^^^^^^^^^^^
  File "C:\Users\Win10 Pro\AppData\Roaming\Python\Python311\site-packages\telegram\vendor\ptb_urllib3\urllib3\request.py", line 148, in request_encode_body
    return self.urlopen(method, url, **extra_kw)
           ^^^^^^^^^^^^^^^^^^^^^^^^^^^^^^^^^^^^^
  File "C:\Users\Win10 Pro\AppData\Roaming\Python\Python311\site-packages\telegram\vendor\ptb_urllib3\urllib3\poolmanager.py", line 244, in urlopen
    response = conn.urlopen(method, u.request_uri, **kw)
               ^^^^^^^^^^^^^^^^^^^^^^^^^^^^^^^^^^^^^^^^^
  File "C:\Users\Win10 Pro\AppData\Roaming\Python\Python311\site-packages\telegram\vendor\ptb_urllib3\urllib3\connectionpool.py", line 691, in urlopen
    return self.urlopen(method, url, body, headers, retries,
           ^^^^^^^^^^^^^^^^^^^^^^^^^^^^^^^^^^^^^^^^^^^^^^^^^
  File "C:\Users\Win10 Pro\AppData\Roaming\Python\Python311\site-packages\telegram\vendor\ptb_urllib3\urllib3\connectionpool.py", line 691, in urlopen
    return self.urlopen(method, url, body, headers, retries,
           ^^^^^^^^^^^^^^^^^^^^^^^^^^^^^^^^^^^^^^^^^^^^^^^^^
  File "C:\Users\Win10 Pro\AppData\Roaming\Python\Python311\site-packages\telegram\vendor\ptb_urllib3\urllib3\connectionpool.py", line 691, in urlopen
    return self.urlopen(method, url, body, headers, retries,
           ^^^^^^^^^^^^^^^^^^^^^^^^^^^^^^^^^^^^^^^^^^^^^^^^^
  File "C:\Users\Win10 Pro\AppData\Roaming\Python\Python311\site-packages\telegram\vendor\ptb_urllib3\urllib3\connectionpool.py", line 665, in urlopen
    retries = retries.increment(method, url, error=e, _pool=self,
              ^^^^^^^^^^^^^^^^^^^^^^^^^^^^^^^^^^^^^^^^^^^^^^^^^^^
  File "C:\Users\Win10 Pro\AppData\Roaming\Python\Python311\site-packages\telegram\vendor\ptb_urllib3\urllib3\util\retry.py", line 376, in increment
    raise MaxRetryError(_pool, url, error or ResponseError(cause))
telegram.vendor.ptb_urllib3.urllib3.exceptions.MaxRetryError: HTTPSConnectionPool(host='api.telegram.org', port=443): Max retries exceeded with url: /bot8383643986:AAFVI4MDb2zjy7DT9lsI3x6rn2UOyd-biPQ/getUpdates (Caused by NewConnectionError('<telegram.vendor.ptb_urllib3.urllib3.connection.VerifiedHTTPSConnection object at 0x0000014C336E3B50>: Failed to establish a new connection: [WinError 10051] A socket operation was attempted to an unreachable network'))

The above exception was the direct cause of the following exception:

Traceback (most recent call last):
  File "C:\smyards_bot\bot_final_fixed.py", line 3221, in error_handler
    raise context.error
  File "C:\Users\Win10 Pro\AppData\Roaming\Python\Python311\site-packages\telegram\ext\updater.py", line 651, in _network_loop_retry
    if not action_cb():
           ^^^^^^^^^^^
  File "C:\Users\Win10 Pro\AppData\Roaming\Python\Python311\site-packages\telegram\ext\updater.py", line 602, in polling_action_cb
    updates = self.bot.get_updates(
              ^^^^^^^^^^^^^^^^^^^^^
  File "C:\Users\Win10 Pro\AppData\Roaming\Python\Python311\site-packages\telegram\ext\extbot.py", line 228, in get_updates
    updates = super().get_updates(
              ^^^^^^^^^^^^^^^^^^^^
  File "C:\Users\Win10 Pro\AppData\Roaming\Python\Python311\site-packages\telegram\bot.py", line 134, in decorator
    result = func(*args, **kwargs)
             ^^^^^^^^^^^^^^^^^^^^^
  File "C:\Users\Win10 Pro\AppData\Roaming\Python\Python311\site-packages\telegram\bot.py", line 3140, in get_updates
    self._post(
  File "C:\Users\Win10 Pro\AppData\Roaming\Python\Python311\site-packages\telegram\bot.py", line 299, in _post
    return self.request.post(
           ^^^^^^^^^^^^^^^^^^
  File "C:\Users\Win10 Pro\AppData\Roaming\Python\Python311\site-packages\telegram\utils\request.py", line 361, in post
    result = self._request_wrapper(
             ^^^^^^^^^^^^^^^^^^^^^^
  File "C:\Users\Win10 Pro\AppData\Roaming\Python\Python311\site-packages\telegram\utils\request.py", line 265, in _request_wrapper
    raise NetworkError(f'urllib3 HTTPError {error}') from error
telegram.error.NetworkError: urllib3 HTTPError HTTPSConnectionPool(host='api.telegram.org', port=443): Max retries exceeded with url: /bot8383643986:AAFVI4MDb2zjy7DT9lsI3x6rn2UOyd-biPQ/getUpdates (Caused by NewConnectionError('<telegram.vendor.ptb_urllib3.urllib3.connection.VerifiedHTTPSConnection object at 0x0000014C336E3B50>: Failed to establish a new connection: [WinError 10051] A socket operation was attempted to an unreachable network'))

2025-12-30 21:24:48,897 - __main__ - ERROR - Update "None" caused error "urllib3 HTTPError HTTPSConnectionPool(host='api.telegram.org', port=443): Max retries exceeded with url: /bot8383643986:AAFVI4MDb2zjy7DT9lsI3x6rn2UOyd-biPQ/getUpdates (Caused by NewConnectionError('<telegram.vendor.ptb_urllib3.urllib3.connection.VerifiedHTTPSConnection object at 0x0000014C338CF250>: Failed to establish a new connection: [WinError 10051] A socket operation was attempted to an unreachable network'))"
2025-12-30 21:24:48,907 - __main__ - ERROR - Full error: Traceback (most recent call last):
  File "C:\Users\Win10 Pro\AppData\Roaming\Python\Python311\site-packages\telegram\vendor\ptb_urllib3\urllib3\connection.py", line 140, in _new_conn
    conn = connection.create_connection(
           ^^^^^^^^^^^^^^^^^^^^^^^^^^^^^
  File "C:\Users\Win10 Pro\AppData\Roaming\Python\Python311\site-packages\telegram\vendor\ptb_urllib3\urllib3\util\connection.py", line 83, in create_connection
    raise err
  File "C:\Users\Win10 Pro\AppData\Roaming\Python\Python311\site-packages\telegram\vendor\ptb_urllib3\urllib3\util\connection.py", line 73, in create_connection
    sock.connect(sa)
OSError: [WinError 10051] A socket operation was attempted to an unreachable network

During handling of the above exception, another exception occurred:

Traceback (most recent call last):
  File "C:\Users\Win10 Pro\AppData\Roaming\Python\Python311\site-packages\telegram\vendor\ptb_urllib3\urllib3\connectionpool.py", line 614, in urlopen
    httplib_response = self._make_request(conn, method, url,
                       ^^^^^^^^^^^^^^^^^^^^^^^^^^^^^^^^^^^^^
  File "C:\Users\Win10 Pro\AppData\Roaming\Python\Python311\site-packages\telegram\vendor\ptb_urllib3\urllib3\connectionpool.py", line 360, in _make_request
    self._validate_conn(conn)
  File "C:\Users\Win10 Pro\AppData\Roaming\Python\Python311\site-packages\telegram\vendor\ptb_urllib3\urllib3\connectionpool.py", line 857, in _validate_conn
    super(HTTPSConnectionPool, self)._validate_conn(conn)
  File "C:\Users\Win10 Pro\AppData\Roaming\Python\Python311\site-packages\telegram\vendor\ptb_urllib3\urllib3\connectionpool.py", line 289, in _validate_conn
    conn.connect()
  File "C:\Users\Win10 Pro\AppData\Roaming\Python\Python311\site-packages\telegram\vendor\ptb_urllib3\urllib3\connection.py", line 284, in connect
    conn = self._new_conn()
           ^^^^^^^^^^^^^^^^
  File "C:\Users\Win10 Pro\AppData\Roaming\Python\Python311\site-packages\telegram\vendor\ptb_urllib3\urllib3\connection.py", line 149, in _new_conn
    raise NewConnectionError(
telegram.vendor.ptb_urllib3.urllib3.exceptions.NewConnectionError: <telegram.vendor.ptb_urllib3.urllib3.connection.VerifiedHTTPSConnection object at 0x0000014C338CF250>: Failed to establish a new connection: [WinError 10051] A socket operation was attempted to an unreachable network

During handling of the above exception, another exception occurred:

Traceback (most recent call last):
  File "C:\Users\Win10 Pro\AppData\Roaming\Python\Python311\site-packages\telegram\utils\request.py", line 259, in _request_wrapper
    resp = self._con_pool.request(*args, **kwargs)
           ^^^^^^^^^^^^^^^^^^^^^^^^^^^^^^^^^^^^^^^
  File "C:\Users\Win10 Pro\AppData\Roaming\Python\Python311\site-packages\telegram\vendor\ptb_urllib3\urllib3\request.py", line 68, in request
    return self.request_encode_body(method, url, fields=fields,
           ^^^^^^^^^^^^^^^^^^^^^^^^^^^^^^^^^^^^^^^^^^^^^^^^^^^^
  File "C:\Users\Win10 Pro\AppData\Roaming\Python\Python311\site-packages\telegram\vendor\ptb_urllib3\urllib3\request.py", line 148, in request_encode_body
    return self.urlopen(method, url, **extra_kw)
           ^^^^^^^^^^^^^^^^^^^^^^^^^^^^^^^^^^^^^
  File "C:\Users\Win10 Pro\AppData\Roaming\Python\Python311\site-packages\telegram\vendor\ptb_urllib3\urllib3\poolmanager.py", line 244, in urlopen
    response = conn.urlopen(method, u.request_uri, **kw)
               ^^^^^^^^^^^^^^^^^^^^^^^^^^^^^^^^^^^^^^^^^
  File "C:\Users\Win10 Pro\AppData\Roaming\Python\Python311\site-packages\telegram\vendor\ptb_urllib3\urllib3\connectionpool.py", line 691, in urlopen
    return self.urlopen(method, url, body, headers, retries,
           ^^^^^^^^^^^^^^^^^^^^^^^^^^^^^^^^^^^^^^^^^^^^^^^^^
  File "C:\Users\Win10 Pro\AppData\Roaming\Python\Python311\site-packages\telegram\vendor\ptb_urllib3\urllib3\connectionpool.py", line 691, in urlopen
    return self.urlopen(method, url, body, headers, retries,
           ^^^^^^^^^^^^^^^^^^^^^^^^^^^^^^^^^^^^^^^^^^^^^^^^^
  File "C:\Users\Win10 Pro\AppData\Roaming\Python\Python311\site-packages\telegram\vendor\ptb_urllib3\urllib3\connectionpool.py", line 691, in urlopen
    return self.urlopen(method, url, body, headers, retries,
           ^^^^^^^^^^^^^^^^^^^^^^^^^^^^^^^^^^^^^^^^^^^^^^^^^
  File "C:\Users\Win10 Pro\AppData\Roaming\Python\Python311\site-packages\telegram\vendor\ptb_urllib3\urllib3\connectionpool.py", line 665, in urlopen
    retries = retries.increment(method, url, error=e, _pool=self,
              ^^^^^^^^^^^^^^^^^^^^^^^^^^^^^^^^^^^^^^^^^^^^^^^^^^^
  File "C:\Users\Win10 Pro\AppData\Roaming\Python\Python311\site-packages\telegram\vendor\ptb_urllib3\urllib3\util\retry.py", line 376, in increment
    raise MaxRetryError(_pool, url, error or ResponseError(cause))
telegram.vendor.ptb_urllib3.urllib3.exceptions.MaxRetryError: HTTPSConnectionPool(host='api.telegram.org', port=443): Max retries exceeded with url: /bot8383643986:AAFVI4MDb2zjy7DT9lsI3x6rn2UOyd-biPQ/getUpdates (Caused by NewConnectionError('<telegram.vendor.ptb_urllib3.urllib3.connection.VerifiedHTTPSConnection object at 0x0000014C338CF250>: Failed to establish a new connection: [WinError 10051] A socket operation was attempted to an unreachable network'))

The above exception was the direct cause of the following exception:

Traceback (most recent call last):
  File "C:\smyards_bot\bot_final_fixed.py", line 3221, in error_handler
    raise context.error
  File "C:\Users\Win10 Pro\AppData\Roaming\Python\Python311\site-packages\telegram\ext\updater.py", line 651, in _network_loop_retry
    if not action_cb():
           ^^^^^^^^^^^
  File "C:\Users\Win10 Pro\AppData\Roaming\Python\Python311\site-packages\telegram\ext\updater.py", line 602, in polling_action_cb
    updates = self.bot.get_updates(
              ^^^^^^^^^^^^^^^^^^^^^
  File "C:\Users\Win10 Pro\AppData\Roaming\Python\Python311\site-packages\telegram\ext\extbot.py", line 228, in get_updates
    updates = super().get_updates(
              ^^^^^^^^^^^^^^^^^^^^
  File "C:\Users\Win10 Pro\AppData\Roaming\Python\Python311\site-packages\telegram\bot.py", line 134, in decorator
    result = func(*args, **kwargs)
             ^^^^^^^^^^^^^^^^^^^^^
  File "C:\Users\Win10 Pro\AppData\Roaming\Python\Python311\site-packages\telegram\bot.py", line 3140, in get_updates
    self._post(
  File "C:\Users\Win10 Pro\AppData\Roaming\Python\Python311\site-packages\telegram\bot.py", line 299, in _post
    return self.request.post(
           ^^^^^^^^^^^^^^^^^^
  File "C:\Users\Win10 Pro\AppData\Roaming\Python\Python311\site-packages\telegram\utils\request.py", line 361, in post
    result = self._request_wrapper(
             ^^^^^^^^^^^^^^^^^^^^^^
  File "C:\Users\Win10 Pro\AppData\Roaming\Python\Python311\site-packages\telegram\utils\request.py", line 265, in _request_wrapper
    raise NetworkError(f'urllib3 HTTPError {error}') from error
telegram.error.NetworkError: urllib3 HTTPError HTTPSConnectionPool(host='api.telegram.org', port=443): Max retries exceeded with url: /bot8383643986:AAFVI4MDb2zjy7DT9lsI3x6rn2UOyd-biPQ/getUpdates (Caused by NewConnectionError('<telegram.vendor.ptb_urllib3.urllib3.connection.VerifiedHTTPSConnection object at 0x0000014C338CF250>: Failed to establish a new connection: [WinError 10051] A socket operation was attempted to an unreachable network'))

2025-12-30 21:25:38,984 - __main__ - ERROR - Update "None" caused error "urllib3 HTTPError HTTPSConnectionPool(host='api.telegram.org', port=443): Max retries exceeded with url: /bot8383643986:AAFVI4MDb2zjy7DT9lsI3x6rn2UOyd-biPQ/getUpdates (Caused by NewConnectionError('<telegram.vendor.ptb_urllib3.urllib3.connection.VerifiedHTTPSConnection object at 0x0000014C338F7250>: Failed to establish a new connection: [WinError 10051] A socket operation was attempted to an unreachable network'))"
2025-12-30 21:25:38,988 - __main__ - ERROR - Full error: Traceback (most recent call last):
  File "C:\Users\Win10 Pro\AppData\Roaming\Python\Python311\site-packages\telegram\vendor\ptb_urllib3\urllib3\connection.py", line 140, in _new_conn
    conn = connection.create_connection(
           ^^^^^^^^^^^^^^^^^^^^^^^^^^^^^
  File "C:\Users\Win10 Pro\AppData\Roaming\Python\Python311\site-packages\telegram\vendor\ptb_urllib3\urllib3\util\connection.py", line 83, in create_connection
    raise err
  File "C:\Users\Win10 Pro\AppData\Roaming\Python\Python311\site-packages\telegram\vendor\ptb_urllib3\urllib3\util\connection.py", line 73, in create_connection
    sock.connect(sa)
OSError: [WinError 10051] A socket operation was attempted to an unreachable network

During handling of the above exception, another exception occurred:

Traceback (most recent call last):
  File "C:\Users\Win10 Pro\AppData\Roaming\Python\Python311\site-packages\telegram\vendor\ptb_urllib3\urllib3\connectionpool.py", line 614, in urlopen
    httplib_response = self._make_request(conn, method, url,
                       ^^^^^^^^^^^^^^^^^^^^^^^^^^^^^^^^^^^^^
  File "C:\Users\Win10 Pro\AppData\Roaming\Python\Python311\site-packages\telegram\vendor\ptb_urllib3\urllib3\connectionpool.py", line 360, in _make_request
    self._validate_conn(conn)
  File "C:\Users\Win10 Pro\AppData\Roaming\Python\Python311\site-packages\telegram\vendor\ptb_urllib3\urllib3\connectionpool.py", line 857, in _validate_conn
    super(HTTPSConnectionPool, self)._validate_conn(conn)
  File "C:\Users\Win10 Pro\AppData\Roaming\Python\Python311\site-packages\telegram\vendor\ptb_urllib3\urllib3\connectionpool.py", line 289, in _validate_conn
    conn.connect()
  File "C:\Users\Win10 Pro\AppData\Roaming\Python\Python311\site-packages\telegram\vendor\ptb_urllib3\urllib3\connection.py", line 284, in connect
    conn = self._new_conn()
           ^^^^^^^^^^^^^^^^
  File "C:\Users\Win10 Pro\AppData\Roaming\Python\Python311\site-packages\telegram\vendor\ptb_urllib3\urllib3\connection.py", line 149, in _new_conn
    raise NewConnectionError(
telegram.vendor.ptb_urllib3.urllib3.exceptions.NewConnectionError: <telegram.vendor.ptb_urllib3.urllib3.connection.VerifiedHTTPSConnection object at 0x0000014C338F7250>: Failed to establish a new connection: [WinError 10051] A socket operation was attempted to an unreachable network

During handling of the above exception, another exception occurred:

Traceback (most recent call last):
  File "C:\Users\Win10 Pro\AppData\Roaming\Python\Python311\site-packages\telegram\utils\request.py", line 259, in _request_wrapper
    resp = self._con_pool.request(*args, **kwargs)
           ^^^^^^^^^^^^^^^^^^^^^^^^^^^^^^^^^^^^^^^
  File "C:\Users\Win10 Pro\AppData\Roaming\Python\Python311\site-packages\telegram\vendor\ptb_urllib3\urllib3\request.py", line 68, in request
    return self.request_encode_body(method, url, fields=fields,
           ^^^^^^^^^^^^^^^^^^^^^^^^^^^^^^^^^^^^^^^^^^^^^^^^^^^^
  File "C:\Users\Win10 Pro\AppData\Roaming\Python\Python311\site-packages\telegram\vendor\ptb_urllib3\urllib3\request.py", line 148, in request_encode_body
    return self.urlopen(method, url, **extra_kw)
           ^^^^^^^^^^^^^^^^^^^^^^^^^^^^^^^^^^^^^
  File "C:\Users\Win10 Pro\AppData\Roaming\Python\Python311\site-packages\telegram\vendor\ptb_urllib3\urllib3\poolmanager.py", line 244, in urlopen
    response = conn.urlopen(method, u.request_uri, **kw)
               ^^^^^^^^^^^^^^^^^^^^^^^^^^^^^^^^^^^^^^^^^
  File "C:\Users\Win10 Pro\AppData\Roaming\Python\Python311\site-packages\telegram\vendor\ptb_urllib3\urllib3\connectionpool.py", line 691, in urlopen
    return self.urlopen(method, url, body, headers, retries,
           ^^^^^^^^^^^^^^^^^^^^^^^^^^^^^^^^^^^^^^^^^^^^^^^^^
  File "C:\Users\Win10 Pro\AppData\Roaming\Python\Python311\site-packages\telegram\vendor\ptb_urllib3\urllib3\connectionpool.py", line 691, in urlopen
    return self.urlopen(method, url, body, headers, retries,
           ^^^^^^^^^^^^^^^^^^^^^^^^^^^^^^^^^^^^^^^^^^^^^^^^^
  File "C:\Users\Win10 Pro\AppData\Roaming\Python\Python311\site-packages\telegram\vendor\ptb_urllib3\urllib3\connectionpool.py", line 691, in urlopen
    return self.urlopen(method, url, body, headers, retries,
           ^^^^^^^^^^^^^^^^^^^^^^^^^^^^^^^^^^^^^^^^^^^^^^^^^
  File "C:\Users\Win10 Pro\AppData\Roaming\Python\Python311\site-packages\telegram\vendor\ptb_urllib3\urllib3\connectionpool.py", line 665, in urlopen
    retries = retries.increment(method, url, error=e, _pool=self,
              ^^^^^^^^^^^^^^^^^^^^^^^^^^^^^^^^^^^^^^^^^^^^^^^^^^^
  File "C:\Users\Win10 Pro\AppData\Roaming\Python\Python311\site-packages\telegram\vendor\ptb_urllib3\urllib3\util\retry.py", line 376, in increment
    raise MaxRetryError(_pool, url, error or ResponseError(cause))
telegram.vendor.ptb_urllib3.urllib3.exceptions.MaxRetryError: HTTPSConnectionPool(host='api.telegram.org', port=443): Max retries exceeded with url: /bot8383643986:AAFVI4MDb2zjy7DT9lsI3x6rn2UOyd-biPQ/getUpdates (Caused by NewConnectionError('<telegram.vendor.ptb_urllib3.urllib3.connection.VerifiedHTTPSConnection object at 0x0000014C338F7250>: Failed to establish a new connection: [WinError 10051] A socket operation was attempted to an unreachable network'))

The above exception was the direct cause of the following exception:

Traceback (most recent call last):
  File "C:\smyards_bot\bot_final_fixed.py", line 3221, in error_handler
    raise context.error
  File "C:\Users\Win10 Pro\AppData\Roaming\Python\Python311\site-packages\telegram\ext\updater.py", line 651, in _network_loop_retry
    if not action_cb():
           ^^^^^^^^^^^
  File "C:\Users\Win10 Pro\AppData\Roaming\Python\Python311\site-packages\telegram\ext\updater.py", line 602, in polling_action_cb
    updates = self.bot.get_updates(
              ^^^^^^^^^^^^^^^^^^^^^
  File "C:\Users\Win10 Pro\AppData\Roaming\Python\Python311\site-packages\telegram\ext\extbot.py", line 228, in get_updates
    updates = super().get_updates(
              ^^^^^^^^^^^^^^^^^^^^
  File "C:\Users\Win10 Pro\AppData\Roaming\Python\Python311\site-packages\telegram\bot.py", line 134, in decorator
    result = func(*args, **kwargs)
             ^^^^^^^^^^^^^^^^^^^^^
  File "C:\Users\Win10 Pro\AppData\Roaming\Python\Python311\site-packages\telegram\bot.py", line 3140, in get_updates
    self._post(
  File "C:\Users\Win10 Pro\AppData\Roaming\Python\Python311\site-packages\telegram\bot.py", line 299, in _post
    return self.request.post(
           ^^^^^^^^^^^^^^^^^^
  File "C:\Users\Win10 Pro\AppData\Roaming\Python\Python311\site-packages\telegram\utils\request.py", line 361, in post
    result = self._request_wrapper(
             ^^^^^^^^^^^^^^^^^^^^^^
  File "C:\Users\Win10 Pro\AppData\Roaming\Python\Python311\site-packages\telegram\utils\request.py", line 265, in _request_wrapper
    raise NetworkError(f'urllib3 HTTPError {error}') from error
telegram.error.NetworkError: urllib3 HTTPError HTTPSConnectionPool(host='api.telegram.org', port=443): Max retries exceeded with url: /bot8383643986:AAFVI4MDb2zjy7DT9lsI3x6rn2UOyd-biPQ/getUpdates (Caused by NewConnectionError('<telegram.vendor.ptb_urllib3.urllib3.connection.VerifiedHTTPSConnection object at 0x0000014C338F7250>: Failed to establish a new connection: [WinError 10051] A socket operation was attempted to an unreachable network'))

2025-12-30 21:26:29,097 - __main__ - ERROR - Update "None" caused error "urllib3 HTTPError HTTPSConnectionPool(host='api.telegram.org', port=443): Max retries exceeded with url: /bot8383643986:AAFVI4MDb2zjy7DT9lsI3x6rn2UOyd-biPQ/getUpdates (Caused by NewConnectionError('<telegram.vendor.ptb_urllib3.urllib3.connection.VerifiedHTTPSConnection object at 0x0000014C338F9090>: Failed to establish a new connection: [WinError 10051] A socket operation was attempted to an unreachable network'))"
2025-12-30 21:26:29,102 - __main__ - ERROR - Full error: Traceback (most recent call last):
  File "C:\Users\Win10 Pro\AppData\Roaming\Python\Python311\site-packages\telegram\vendor\ptb_urllib3\urllib3\connection.py", line 140, in _new_conn
    conn = connection.create_connection(
           ^^^^^^^^^^^^^^^^^^^^^^^^^^^^^
  File "C:\Users\Win10 Pro\AppData\Roaming\Python\Python311\site-packages\telegram\vendor\ptb_urllib3\urllib3\util\connection.py", line 83, in create_connection
    raise err
  File "C:\Users\Win10 Pro\AppData\Roaming\Python\Python311\site-packages\telegram\vendor\ptb_urllib3\urllib3\util\connection.py", line 73, in create_connection
    sock.connect(sa)
OSError: [WinError 10051] A socket operation was attempted to an unreachable network

During handling of the above exception, another exception occurred:

Traceback (most recent call last):
  File "C:\Users\Win10 Pro\AppData\Roaming\Python\Python311\site-packages\telegram\vendor\ptb_urllib3\urllib3\connectionpool.py", line 614, in urlopen
    httplib_response = self._make_request(conn, method, url,
                       ^^^^^^^^^^^^^^^^^^^^^^^^^^^^^^^^^^^^^
  File "C:\Users\Win10 Pro\AppData\Roaming\Python\Python311\site-packages\telegram\vendor\ptb_urllib3\urllib3\connectionpool.py", line 360, in _make_request
    self._validate_conn(conn)
  File "C:\Users\Win10 Pro\AppData\Roaming\Python\Python311\site-packages\telegram\vendor\ptb_urllib3\urllib3\connectionpool.py", line 857, in _validate_conn
    super(HTTPSConnectionPool, self)._validate_conn(conn)
  File "C:\Users\Win10 Pro\AppData\Roaming\Python\Python311\site-packages\telegram\vendor\ptb_urllib3\urllib3\connectionpool.py", line 289, in _validate_conn
    conn.connect()
  File "C:\Users\Win10 Pro\AppData\Roaming\Python\Python311\site-packages\telegram\vendor\ptb_urllib3\urllib3\connection.py", line 284, in connect
    conn = self._new_conn()
           ^^^^^^^^^^^^^^^^
  File "C:\Users\Win10 Pro\AppData\Roaming\Python\Python311\site-packages\telegram\vendor\ptb_urllib3\urllib3\connection.py", line 149, in _new_conn
    raise NewConnectionError(
telegram.vendor.ptb_urllib3.urllib3.exceptions.NewConnectionError: <telegram.vendor.ptb_urllib3.urllib3.connection.VerifiedHTTPSConnection object at 0x0000014C338F9090>: Failed to establish a new connection: [WinError 10051] A socket operation was attempted to an unreachable network

During handling of the above exception, another exception occurred:

Traceback (most recent call last):
  File "C:\Users\Win10 Pro\AppData\Roaming\Python\Python311\site-packages\telegram\utils\request.py", line 259, in _request_wrapper
    resp = self._con_pool.request(*args, **kwargs)
           ^^^^^^^^^^^^^^^^^^^^^^^^^^^^^^^^^^^^^^^
  File "C:\Users\Win10 Pro\AppData\Roaming\Python\Python311\site-packages\telegram\vendor\ptb_urllib3\urllib3\request.py", line 68, in request
    return self.request_encode_body(method, url, fields=fields,
           ^^^^^^^^^^^^^^^^^^^^^^^^^^^^^^^^^^^^^^^^^^^^^^^^^^^^
  File "C:\Users\Win10 Pro\AppData\Roaming\Python\Python311\site-packages\telegram\vendor\ptb_urllib3\urllib3\request.py", line 148, in request_encode_body
    return self.urlopen(method, url, **extra_kw)
           ^^^^^^^^^^^^^^^^^^^^^^^^^^^^^^^^^^^^^
  File "C:\Users\Win10 Pro\AppData\Roaming\Python\Python311\site-packages\telegram\vendor\ptb_urllib3\urllib3\poolmanager.py", line 244, in urlopen
    response = conn.urlopen(method, u.request_uri, **kw)
               ^^^^^^^^^^^^^^^^^^^^^^^^^^^^^^^^^^^^^^^^^
  File "C:\Users\Win10 Pro\AppData\Roaming\Python\Python311\site-packages\telegram\vendor\ptb_urllib3\urllib3\connectionpool.py", line 691, in urlopen
    return self.urlopen(method, url, body, headers, retries,
           ^^^^^^^^^^^^^^^^^^^^^^^^^^^^^^^^^^^^^^^^^^^^^^^^^
  File "C:\Users\Win10 Pro\AppData\Roaming\Python\Python311\site-packages\telegram\vendor\ptb_urllib3\urllib3\connectionpool.py", line 691, in urlopen
    return self.urlopen(method, url, body, headers, retries,
           ^^^^^^^^^^^^^^^^^^^^^^^^^^^^^^^^^^^^^^^^^^^^^^^^^
  File "C:\Users\Win10 Pro\AppData\Roaming\Python\Python311\site-packages\telegram\vendor\ptb_urllib3\urllib3\connectionpool.py", line 691, in urlopen
    return self.urlopen(method, url, body, headers, retries,
           ^^^^^^^^^^^^^^^^^^^^^^^^^^^^^^^^^^^^^^^^^^^^^^^^^
  File "C:\Users\Win10 Pro\AppData\Roaming\Python\Python311\site-packages\telegram\vendor\ptb_urllib3\urllib3\connectionpool.py", line 665, in urlopen
    retries = retries.increment(method, url, error=e, _pool=self,
              ^^^^^^^^^^^^^^^^^^^^^^^^^^^^^^^^^^^^^^^^^^^^^^^^^^^
  File "C:\Users\Win10 Pro\AppData\Roaming\Python\Python311\site-packages\telegram\vendor\ptb_urllib3\urllib3\util\retry.py", line 376, in increment
    raise MaxRetryError(_pool, url, error or ResponseError(cause))
telegram.vendor.ptb_urllib3.urllib3.exceptions.MaxRetryError: HTTPSConnectionPool(host='api.telegram.org', port=443): Max retries exceeded with url: /bot8383643986:AAFVI4MDb2zjy7DT9lsI3x6rn2UOyd-biPQ/getUpdates (Caused by NewConnectionError('<telegram.vendor.ptb_urllib3.urllib3.connection.VerifiedHTTPSConnection object at 0x0000014C338F9090>: Failed to establish a new connection: [WinError 10051] A socket operation was attempted to an unreachable network'))

The above exception was the direct cause of the following exception:

Traceback (most recent call last):
  File "C:\smyards_bot\bot_final_fixed.py", line 3221, in error_handler
    raise context.error
  File "C:\Users\Win10 Pro\AppData\Roaming\Python\Python311\site-packages\telegram\ext\updater.py", line 651, in _network_loop_retry
    if not action_cb():
           ^^^^^^^^^^^
  File "C:\Users\Win10 Pro\AppData\Roaming\Python\Python311\site-packages\telegram\ext\updater.py", line 602, in polling_action_cb
    updates = self.bot.get_updates(
              ^^^^^^^^^^^^^^^^^^^^^
  File "C:\Users\Win10 Pro\AppData\Roaming\Python\Python311\site-packages\telegram\ext\extbot.py", line 228, in get_updates
    updates = super().get_updates(
              ^^^^^^^^^^^^^^^^^^^^
  File "C:\Users\Win10 Pro\AppData\Roaming\Python\Python311\site-packages\telegram\bot.py", line 134, in decorator
    result = func(*args, **kwargs)
             ^^^^^^^^^^^^^^^^^^^^^
  File "C:\Users\Win10 Pro\AppData\Roaming\Python\Python311\site-packages\telegram\bot.py", line 3140, in get_updates
    self._post(
  File "C:\Users\Win10 Pro\AppData\Roaming\Python\Python311\site-packages\telegram\bot.py", line 299, in _post
    return self.request.post(
           ^^^^^^^^^^^^^^^^^^
  File "C:\Users\Win10 Pro\AppData\Roaming\Python\Python311\site-packages\telegram\utils\request.py", line 361, in post
    result = self._request_wrapper(
             ^^^^^^^^^^^^^^^^^^^^^^
  File "C:\Users\Win10 Pro\AppData\Roaming\Python\Python311\site-packages\telegram\utils\request.py", line 265, in _request_wrapper
    raise NetworkError(f'urllib3 HTTPError {error}') from error
telegram.error.NetworkError: urllib3 HTTPError HTTPSConnectionPool(host='api.telegram.org', port=443): Max retries exceeded with url: /bot8383643986:AAFVI4MDb2zjy7DT9lsI3x6rn2UOyd-biPQ/getUpdates (Caused by NewConnectionError('<telegram.vendor.ptb_urllib3.urllib3.connection.VerifiedHTTPSConnection object at 0x0000014C338F9090>: Failed to establish a new connection: [WinError 10051] A socket operation was attempted to an unreachable network'))

2025-12-30 21:27:19,209 - __main__ - ERROR - Update "None" caused error "urllib3 HTTPError HTTPSConnectionPool(host='api.telegram.org', port=443): Max retries exceeded with url: /bot8383643986:AAFVI4MDb2zjy7DT9lsI3x6rn2UOyd-biPQ/getUpdates (Caused by NewConnectionError('<telegram.vendor.ptb_urllib3.urllib3.connection.VerifiedHTTPSConnection object at 0x0000014C3389D310>: Failed to establish a new connection: [WinError 10051] A socket operation was attempted to an unreachable network'))"
2025-12-30 21:27:19,214 - __main__ - ERROR - Full error: Traceback (most recent call last):
  File "C:\Users\Win10 Pro\AppData\Roaming\Python\Python311\site-packages\telegram\vendor\ptb_urllib3\urllib3\connection.py", line 140, in _new_conn
    conn = connection.create_connection(
           ^^^^^^^^^^^^^^^^^^^^^^^^^^^^^
  File "C:\Users\Win10 Pro\AppData\Roaming\Python\Python311\site-packages\telegram\vendor\ptb_urllib3\urllib3\util\connection.py", line 83, in create_connection
    raise err
  File "C:\Users\Win10 Pro\AppData\Roaming\Python\Python311\site-packages\telegram\vendor\ptb_urllib3\urllib3\util\connection.py", line 73, in create_connection
    sock.connect(sa)
OSError: [WinError 10051] A socket operation was attempted to an unreachable network

During handling of the above exception, another exception occurred:

Traceback (most recent call last):
  File "C:\Users\Win10 Pro\AppData\Roaming\Python\Python311\site-packages\telegram\vendor\ptb_urllib3\urllib3\connectionpool.py", line 614, in urlopen
    httplib_response = self._make_request(conn, method, url,
                       ^^^^^^^^^^^^^^^^^^^^^^^^^^^^^^^^^^^^^
  File "C:\Users\Win10 Pro\AppData\Roaming\Python\Python311\site-packages\telegram\vendor\ptb_urllib3\urllib3\connectionpool.py", line 360, in _make_request
    self._validate_conn(conn)
  File "C:\Users\Win10 Pro\AppData\Roaming\Python\Python311\site-packages\telegram\vendor\ptb_urllib3\urllib3\connectionpool.py", line 857, in _validate_conn
    super(HTTPSConnectionPool, self)._validate_conn(conn)
  File "C:\Users\Win10 Pro\AppData\Roaming\Python\Python311\site-packages\telegram\vendor\ptb_urllib3\urllib3\connectionpool.py", line 289, in _validate_conn
    conn.connect()
  File "C:\Users\Win10 Pro\AppData\Roaming\Python\Python311\site-packages\telegram\vendor\ptb_urllib3\urllib3\connection.py", line 284, in connect
    conn = self._new_conn()
           ^^^^^^^^^^^^^^^^
  File "C:\Users\Win10 Pro\AppData\Roaming\Python\Python311\site-packages\telegram\vendor\ptb_urllib3\urllib3\connection.py", line 149, in _new_conn
    raise NewConnectionError(
telegram.vendor.ptb_urllib3.urllib3.exceptions.NewConnectionError: <telegram.vendor.ptb_urllib3.urllib3.connection.VerifiedHTTPSConnection object at 0x0000014C3389D310>: Failed to establish a new connection: [WinError 10051] A socket operation was attempted to an unreachable network

During handling of the above exception, another exception occurred:

Traceback (most recent call last):
  File "C:\Users\Win10 Pro\AppData\Roaming\Python\Python311\site-packages\telegram\utils\request.py", line 259, in _request_wrapper
    resp = self._con_pool.request(*args, **kwargs)
           ^^^^^^^^^^^^^^^^^^^^^^^^^^^^^^^^^^^^^^^
  File "C:\Users\Win10 Pro\AppData\Roaming\Python\Python311\site-packages\telegram\vendor\ptb_urllib3\urllib3\request.py", line 68, in request
    return self.request_encode_body(method, url, fields=fields,
           ^^^^^^^^^^^^^^^^^^^^^^^^^^^^^^^^^^^^^^^^^^^^^^^^^^^^
  File "C:\Users\Win10 Pro\AppData\Roaming\Python\Python311\site-packages\telegram\vendor\ptb_urllib3\urllib3\request.py", line 148, in request_encode_body
    return self.urlopen(method, url, **extra_kw)
           ^^^^^^^^^^^^^^^^^^^^^^^^^^^^^^^^^^^^^
  File "C:\Users\Win10 Pro\AppData\Roaming\Python\Python311\site-packages\telegram\vendor\ptb_urllib3\urllib3\poolmanager.py", line 244, in urlopen
    response = conn.urlopen(method, u.request_uri, **kw)
               ^^^^^^^^^^^^^^^^^^^^^^^^^^^^^^^^^^^^^^^^^
  File "C:\Users\Win10 Pro\AppData\Roaming\Python\Python311\site-packages\telegram\vendor\ptb_urllib3\urllib3\connectionpool.py", line 691, in urlopen
    return self.urlopen(method, url, body, headers, retries,
           ^^^^^^^^^^^^^^^^^^^^^^^^^^^^^^^^^^^^^^^^^^^^^^^^^
  File "C:\Users\Win10 Pro\AppData\Roaming\Python\Python311\site-packages\telegram\vendor\ptb_urllib3\urllib3\connectionpool.py", line 691, in urlopen
    return self.urlopen(method, url, body, headers, retries,
           ^^^^^^^^^^^^^^^^^^^^^^^^^^^^^^^^^^^^^^^^^^^^^^^^^
  File "C:\Users\Win10 Pro\AppData\Roaming\Python\Python311\site-packages\telegram\vendor\ptb_urllib3\urllib3\connectionpool.py", line 691, in urlopen
    return self.urlopen(method, url, body, headers, retries,
           ^^^^^^^^^^^^^^^^^^^^^^^^^^^^^^^^^^^^^^^^^^^^^^^^^
  File "C:\Users\Win10 Pro\AppData\Roaming\Python\Python311\site-packages\telegram\vendor\ptb_urllib3\urllib3\connectionpool.py", line 665, in urlopen
    retries = retries.increment(method, url, error=e, _pool=self,
              ^^^^^^^^^^^^^^^^^^^^^^^^^^^^^^^^^^^^^^^^^^^^^^^^^^^
  File "C:\Users\Win10 Pro\AppData\Roaming\Python\Python311\site-packages\telegram\vendor\ptb_urllib3\urllib3\util\retry.py", line 376, in increment
    raise MaxRetryError(_pool, url, error or ResponseError(cause))
telegram.vendor.ptb_urllib3.urllib3.exceptions.MaxRetryError: HTTPSConnectionPool(host='api.telegram.org', port=443): Max retries exceeded with url: /bot8383643986:AAFVI4MDb2zjy7DT9lsI3x6rn2UOyd-biPQ/getUpdates (Caused by NewConnectionError('<telegram.vendor.ptb_urllib3.urllib3.connection.VerifiedHTTPSConnection object at 0x0000014C3389D310>: Failed to establish a new connection: [WinError 10051] A socket operation was attempted to an unreachable network'))

The above exception was the direct cause of the following exception:

Traceback (most recent call last):
  File "C:\smyards_bot\bot_final_fixed.py", line 3221, in error_handler
    raise context.error
  File "C:\Users\Win10 Pro\AppData\Roaming\Python\Python311\site-packages\telegram\ext\updater.py", line 651, in _network_loop_retry
    if not action_cb():
           ^^^^^^^^^^^
  File "C:\Users\Win10 Pro\AppData\Roaming\Python\Python311\site-packages\telegram\ext\updater.py", line 602, in polling_action_cb
    updates = self.bot.get_updates(
              ^^^^^^^^^^^^^^^^^^^^^
  File "C:\Users\Win10 Pro\AppData\Roaming\Python\Python311\site-packages\telegram\ext\extbot.py", line 228, in get_updates
    updates = super().get_updates(
              ^^^^^^^^^^^^^^^^^^^^
  File "C:\Users\Win10 Pro\AppData\Roaming\Python\Python311\site-packages\telegram\bot.py", line 134, in decorator
    result = func(*args, **kwargs)
             ^^^^^^^^^^^^^^^^^^^^^
  File "C:\Users\Win10 Pro\AppData\Roaming\Python\Python311\site-packages\telegram\bot.py", line 3140, in get_updates
    self._post(
  File "C:\Users\Win10 Pro\AppData\Roaming\Python\Python311\site-packages\telegram\bot.py", line 299, in _post
    return self.request.post(
           ^^^^^^^^^^^^^^^^^^
  File "C:\Users\Win10 Pro\AppData\Roaming\Python\Python311\site-packages\telegram\utils\request.py", line 361, in post
    result = self._request_wrapper(
             ^^^^^^^^^^^^^^^^^^^^^^
  File "C:\Users\Win10 Pro\AppData\Roaming\Python\Python311\site-packages\telegram\utils\request.py", line 265, in _request_wrapper
    raise NetworkError(f'urllib3 HTTPError {error}') from error
telegram.error.NetworkError: urllib3 HTTPError HTTPSConnectionPool(host='api.telegram.org', port=443): Max retries exceeded with url: /bot8383643986:AAFVI4MDb2zjy7DT9lsI3x6rn2UOyd-biPQ/getUpdates (Caused by NewConnectionError('<telegram.vendor.ptb_urllib3.urllib3.connection.VerifiedHTTPSConnection object at 0x0000014C3389D310>: Failed to establish a new connection: [WinError 10051] A socket operation was attempted to an unreachable network'))

2025-12-30 21:28:09,326 - __main__ - ERROR - Update "None" caused error "urllib3 HTTPError HTTPSConnectionPool(host='api.telegram.org', port=443): Max retries exceeded with url: /bot8383643986:AAFVI4MDb2zjy7DT9lsI3x6rn2UOyd-biPQ/getUpdates (Caused by NewConnectionError('<telegram.vendor.ptb_urllib3.urllib3.connection.VerifiedHTTPSConnection object at 0x0000014C338CD790>: Failed to establish a new connection: [WinError 10051] A socket operation was attempted to an unreachable network'))"
2025-12-30 21:28:09,332 - __main__ - ERROR - Full error: Traceback (most recent call last):
  File "C:\Users\Win10 Pro\AppData\Roaming\Python\Python311\site-packages\telegram\vendor\ptb_urllib3\urllib3\connection.py", line 140, in _new_conn
    conn = connection.create_connection(
           ^^^^^^^^^^^^^^^^^^^^^^^^^^^^^
  File "C:\Users\Win10 Pro\AppData\Roaming\Python\Python311\site-packages\telegram\vendor\ptb_urllib3\urllib3\util\connection.py", line 83, in create_connection
    raise err
  File "C:\Users\Win10 Pro\AppData\Roaming\Python\Python311\site-packages\telegram\vendor\ptb_urllib3\urllib3\util\connection.py", line 73, in create_connection
    sock.connect(sa)
OSError: [WinError 10051] A socket operation was attempted to an unreachable network

During handling of the above exception, another exception occurred:

Traceback (most recent call last):
  File "C:\Users\Win10 Pro\AppData\Roaming\Python\Python311\site-packages\telegram\vendor\ptb_urllib3\urllib3\connectionpool.py", line 614, in urlopen
    httplib_response = self._make_request(conn, method, url,
                       ^^^^^^^^^^^^^^^^^^^^^^^^^^^^^^^^^^^^^
  File "C:\Users\Win10 Pro\AppData\Roaming\Python\Python311\site-packages\telegram\vendor\ptb_urllib3\urllib3\connectionpool.py", line 360, in _make_request
    self._validate_conn(conn)
  File "C:\Users\Win10 Pro\AppData\Roaming\Python\Python311\site-packages\telegram\vendor\ptb_urllib3\urllib3\connectionpool.py", line 857, in _validate_conn
    super(HTTPSConnectionPool, self)._validate_conn(conn)
  File "C:\Users\Win10 Pro\AppData\Roaming\Python\Python311\site-packages\telegram\vendor\ptb_urllib3\urllib3\connectionpool.py", line 289, in _validate_conn
    conn.connect()
  File "C:\Users\Win10 Pro\AppData\Roaming\Python\Python311\site-packages\telegram\vendor\ptb_urllib3\urllib3\connection.py", line 284, in connect
    conn = self._new_conn()
           ^^^^^^^^^^^^^^^^
  File "C:\Users\Win10 Pro\AppData\Roaming\Python\Python311\site-packages\telegram\vendor\ptb_urllib3\urllib3\connection.py", line 149, in _new_conn
    raise NewConnectionError(
telegram.vendor.ptb_urllib3.urllib3.exceptions.NewConnectionError: <telegram.vendor.ptb_urllib3.urllib3.connection.VerifiedHTTPSConnection object at 0x0000014C338CD790>: Failed to establish a new connection: [WinError 10051] A socket operation was attempted to an unreachable network

During handling of the above exception, another exception occurred:

Traceback (most recent call last):
  File "C:\Users\Win10 Pro\AppData\Roaming\Python\Python311\site-packages\telegram\utils\request.py", line 259, in _request_wrapper
    resp = self._con_pool.request(*args, **kwargs)
           ^^^^^^^^^^^^^^^^^^^^^^^^^^^^^^^^^^^^^^^
  File "C:\Users\Win10 Pro\AppData\Roaming\Python\Python311\site-packages\telegram\vendor\ptb_urllib3\urllib3\request.py", line 68, in request
    return self.request_encode_body(method, url, fields=fields,
           ^^^^^^^^^^^^^^^^^^^^^^^^^^^^^^^^^^^^^^^^^^^^^^^^^^^^
  File "C:\Users\Win10 Pro\AppData\Roaming\Python\Python311\site-packages\telegram\vendor\ptb_urllib3\urllib3\request.py", line 148, in request_encode_body
    return self.urlopen(method, url, **extra_kw)
           ^^^^^^^^^^^^^^^^^^^^^^^^^^^^^^^^^^^^^
  File "C:\Users\Win10 Pro\AppData\Roaming\Python\Python311\site-packages\telegram\vendor\ptb_urllib3\urllib3\poolmanager.py", line 244, in urlopen
    response = conn.urlopen(method, u.request_uri, **kw)
               ^^^^^^^^^^^^^^^^^^^^^^^^^^^^^^^^^^^^^^^^^
  File "C:\Users\Win10 Pro\AppData\Roaming\Python\Python311\site-packages\telegram\vendor\ptb_urllib3\urllib3\connectionpool.py", line 691, in urlopen
    return self.urlopen(method, url, body, headers, retries,
           ^^^^^^^^^^^^^^^^^^^^^^^^^^^^^^^^^^^^^^^^^^^^^^^^^
  File "C:\Users\Win10 Pro\AppData\Roaming\Python\Python311\site-packages\telegram\vendor\ptb_urllib3\urllib3\connectionpool.py", line 691, in urlopen
    return self.urlopen(method, url, body, headers, retries,
           ^^^^^^^^^^^^^^^^^^^^^^^^^^^^^^^^^^^^^^^^^^^^^^^^^
  File "C:\Users\Win10 Pro\AppData\Roaming\Python\Python311\site-packages\telegram\vendor\ptb_urllib3\urllib3\connectionpool.py", line 691, in urlopen
    return self.urlopen(method, url, body, headers, retries,
           ^^^^^^^^^^^^^^^^^^^^^^^^^^^^^^^^^^^^^^^^^^^^^^^^^
  File "C:\Users\Win10 Pro\AppData\Roaming\Python\Python311\site-packages\telegram\vendor\ptb_urllib3\urllib3\connectionpool.py", line 665, in urlopen
    retries = retries.increment(method, url, error=e, _pool=self,
              ^^^^^^^^^^^^^^^^^^^^^^^^^^^^^^^^^^^^^^^^^^^^^^^^^^^
  File "C:\Users\Win10 Pro\AppData\Roaming\Python\Python311\site-packages\telegram\vendor\ptb_urllib3\urllib3\util\retry.py", line 376, in increment
    raise MaxRetryError(_pool, url, error or ResponseError(cause))
telegram.vendor.ptb_urllib3.urllib3.exceptions.MaxRetryError: HTTPSConnectionPool(host='api.telegram.org', port=443): Max retries exceeded with url: /bot8383643986:AAFVI4MDb2zjy7DT9lsI3x6rn2UOyd-biPQ/getUpdates (Caused by NewConnectionError('<telegram.vendor.ptb_urllib3.urllib3.connection.VerifiedHTTPSConnection object at 0x0000014C338CD790>: Failed to establish a new connection: [WinError 10051] A socket operation was attempted to an unreachable network'))

The above exception was the direct cause of the following exception:

Traceback (most recent call last):
  File "C:\smyards_bot\bot_final_fixed.py", line 3221, in error_handler
    raise context.error
  File "C:\Users\Win10 Pro\AppData\Roaming\Python\Python311\site-packages\telegram\ext\updater.py", line 651, in _network_loop_retry
    if not action_cb():
           ^^^^^^^^^^^
  File "C:\Users\Win10 Pro\AppData\Roaming\Python\Python311\site-packages\telegram\ext\updater.py", line 602, in polling_action_cb
    updates = self.bot.get_updates(
              ^^^^^^^^^^^^^^^^^^^^^
  File "C:\Users\Win10 Pro\AppData\Roaming\Python\Python311\site-packages\telegram\ext\extbot.py", line 228, in get_updates
    updates = super().get_updates(
              ^^^^^^^^^^^^^^^^^^^^
  File "C:\Users\Win10 Pro\AppData\Roaming\Python\Python311\site-packages\telegram\bot.py", line 134, in decorator
    result = func(*args, **kwargs)
             ^^^^^^^^^^^^^^^^^^^^^
  File "C:\Users\Win10 Pro\AppData\Roaming\Python\Python311\site-packages\telegram\bot.py", line 3140, in get_updates
    self._post(
  File "C:\Users\Win10 Pro\AppData\Roaming\Python\Python311\site-packages\telegram\bot.py", line 299, in _post
    return self.request.post(
           ^^^^^^^^^^^^^^^^^^
  File "C:\Users\Win10 Pro\AppData\Roaming\Python\Python311\site-packages\telegram\utils\request.py", line 361, in post
    result = self._request_wrapper(
             ^^^^^^^^^^^^^^^^^^^^^^
  File "C:\Users\Win10 Pro\AppData\Roaming\Python\Python311\site-packages\telegram\utils\request.py", line 265, in _request_wrapper
    raise NetworkError(f'urllib3 HTTPError {error}') from error
telegram.error.NetworkError: urllib3 HTTPError HTTPSConnectionPool(host='api.telegram.org', port=443): Max retries exceeded with url: /bot8383643986:AAFVI4MDb2zjy7DT9lsI3x6rn2UOyd-biPQ/getUpdates (Caused by NewConnectionError('<telegram.vendor.ptb_urllib3.urllib3.connection.VerifiedHTTPSConnection object at 0x0000014C338CD790>: Failed to establish a new connection: [WinError 10051] A socket operation was attempted to an unreachable network'))

2025-12-30 21:28:59,468 - __main__ - ERROR - Update "None" caused error "urllib3 HTTPError HTTPSConnectionPool(host='api.telegram.org', port=443): Max retries exceeded with url: /bot8383643986:AAFVI4MDb2zjy7DT9lsI3x6rn2UOyd-biPQ/getUpdates (Caused by NewConnectionError('<telegram.vendor.ptb_urllib3.urllib3.connection.VerifiedHTTPSConnection object at 0x0000014C338FA4D0>: Failed to establish a new connection: [WinError 10051] A socket operation was attempted to an unreachable network'))"
2025-12-30 21:28:59,472 - __main__ - ERROR - Full error: Traceback (most recent call last):
  File "C:\Users\Win10 Pro\AppData\Roaming\Python\Python311\site-packages\telegram\vendor\ptb_urllib3\urllib3\connection.py", line 140, in _new_conn
    conn = connection.create_connection(
           ^^^^^^^^^^^^^^^^^^^^^^^^^^^^^
  File "C:\Users\Win10 Pro\AppData\Roaming\Python\Python311\site-packages\telegram\vendor\ptb_urllib3\urllib3\util\connection.py", line 83, in create_connection
    raise err
  File "C:\Users\Win10 Pro\AppData\Roaming\Python\Python311\site-packages\telegram\vendor\ptb_urllib3\urllib3\util\connection.py", line 73, in create_connection
    sock.connect(sa)
OSError: [WinError 10051] A socket operation was attempted to an unreachable network

During handling of the above exception, another exception occurred:

Traceback (most recent call last):
  File "C:\Users\Win10 Pro\AppData\Roaming\Python\Python311\site-packages\telegram\vendor\ptb_urllib3\urllib3\connectionpool.py", line 614, in urlopen
    httplib_response = self._make_request(conn, method, url,
                       ^^^^^^^^^^^^^^^^^^^^^^^^^^^^^^^^^^^^^
  File "C:\Users\Win10 Pro\AppData\Roaming\Python\Python311\site-packages\telegram\vendor\ptb_urllib3\urllib3\connectionpool.py", line 360, in _make_request
    self._validate_conn(conn)
  File "C:\Users\Win10 Pro\AppData\Roaming\Python\Python311\site-packages\telegram\vendor\ptb_urllib3\urllib3\connectionpool.py", line 857, in _validate_conn
    super(HTTPSConnectionPool, self)._validate_conn(conn)
  File "C:\Users\Win10 Pro\AppData\Roaming\Python\Python311\site-packages\telegram\vendor\ptb_urllib3\urllib3\connectionpool.py", line 289, in _validate_conn
    conn.connect()
  File "C:\Users\Win10 Pro\AppData\Roaming\Python\Python311\site-packages\telegram\vendor\ptb_urllib3\urllib3\connection.py", line 284, in connect
    conn = self._new_conn()
           ^^^^^^^^^^^^^^^^
  File "C:\Users\Win10 Pro\AppData\Roaming\Python\Python311\site-packages\telegram\vendor\ptb_urllib3\urllib3\connection.py", line 149, in _new_conn
    raise NewConnectionError(
telegram.vendor.ptb_urllib3.urllib3.exceptions.NewConnectionError: <telegram.vendor.ptb_urllib3.urllib3.connection.VerifiedHTTPSConnection object at 0x0000014C338FA4D0>: Failed to establish a new connection: [WinError 10051] A socket operation was attempted to an unreachable network

During handling of the above exception, another exception occurred:

Traceback (most recent call last):
  File "C:\Users\Win10 Pro\AppData\Roaming\Python\Python311\site-packages\telegram\utils\request.py", line 259, in _request_wrapper
    resp = self._con_pool.request(*args, **kwargs)
           ^^^^^^^^^^^^^^^^^^^^^^^^^^^^^^^^^^^^^^^
  File "C:\Users\Win10 Pro\AppData\Roaming\Python\Python311\site-packages\telegram\vendor\ptb_urllib3\urllib3\request.py", line 68, in request
    return self.request_encode_body(method, url, fields=fields,
           ^^^^^^^^^^^^^^^^^^^^^^^^^^^^^^^^^^^^^^^^^^^^^^^^^^^^
  File "C:\Users\Win10 Pro\AppData\Roaming\Python\Python311\site-packages\telegram\vendor\ptb_urllib3\urllib3\request.py", line 148, in request_encode_body
    return self.urlopen(method, url, **extra_kw)
           ^^^^^^^^^^^^^^^^^^^^^^^^^^^^^^^^^^^^^
  File "C:\Users\Win10 Pro\AppData\Roaming\Python\Python311\site-packages\telegram\vendor\ptb_urllib3\urllib3\poolmanager.py", line 244, in urlopen
    response = conn.urlopen(method, u.request_uri, **kw)
               ^^^^^^^^^^^^^^^^^^^^^^^^^^^^^^^^^^^^^^^^^
  File "C:\Users\Win10 Pro\AppData\Roaming\Python\Python311\site-packages\telegram\vendor\ptb_urllib3\urllib3\connectionpool.py", line 691, in urlopen
    return self.urlopen(method, url, body, headers, retries,
           ^^^^^^^^^^^^^^^^^^^^^^^^^^^^^^^^^^^^^^^^^^^^^^^^^
  File "C:\Users\Win10 Pro\AppData\Roaming\Python\Python311\site-packages\telegram\vendor\ptb_urllib3\urllib3\connectionpool.py", line 691, in urlopen
    return self.urlopen(method, url, body, headers, retries,
           ^^^^^^^^^^^^^^^^^^^^^^^^^^^^^^^^^^^^^^^^^^^^^^^^^
  File "C:\Users\Win10 Pro\AppData\Roaming\Python\Python311\site-packages\telegram\vendor\ptb_urllib3\urllib3\connectionpool.py", line 691, in urlopen
    return self.urlopen(method, url, body, headers, retries,
           ^^^^^^^^^^^^^^^^^^^^^^^^^^^^^^^^^^^^^^^^^^^^^^^^^
  File "C:\Users\Win10 Pro\AppData\Roaming\Python\Python311\site-packages\telegram\vendor\ptb_urllib3\urllib3\connectionpool.py", line 665, in urlopen
    retries = retries.increment(method, url, error=e, _pool=self,
              ^^^^^^^^^^^^^^^^^^^^^^^^^^^^^^^^^^^^^^^^^^^^^^^^^^^
  File "C:\Users\Win10 Pro\AppData\Roaming\Python\Python311\site-packages\telegram\vendor\ptb_urllib3\urllib3\util\retry.py", line 376, in increment
    raise MaxRetryError(_pool, url, error or ResponseError(cause))
telegram.vendor.ptb_urllib3.urllib3.exceptions.MaxRetryError: HTTPSConnectionPool(host='api.telegram.org', port=443): Max retries exceeded with url: /bot8383643986:AAFVI4MDb2zjy7DT9lsI3x6rn2UOyd-biPQ/getUpdates (Caused by NewConnectionError('<telegram.vendor.ptb_urllib3.urllib3.connection.VerifiedHTTPSConnection object at 0x0000014C338FA4D0>: Failed to establish a new connection: [WinError 10051] A socket operation was attempted to an unreachable network'))

The above exception was the direct cause of the following exception:

Traceback (most recent call last):
  File "C:\smyards_bot\bot_final_fixed.py", line 3221, in error_handler
    raise context.error
  File "C:\Users\Win10 Pro\AppData\Roaming\Python\Python311\site-packages\telegram\ext\updater.py", line 651, in _network_loop_retry
    if not action_cb():
           ^^^^^^^^^^^
  File "C:\Users\Win10 Pro\AppData\Roaming\Python\Python311\site-packages\telegram\ext\updater.py", line 602, in polling_action_cb
    updates = self.bot.get_updates(
              ^^^^^^^^^^^^^^^^^^^^^
  File "C:\Users\Win10 Pro\AppData\Roaming\Python\Python311\site-packages\telegram\ext\extbot.py", line 228, in get_updates
    updates = super().get_updates(
              ^^^^^^^^^^^^^^^^^^^^
  File "C:\Users\Win10 Pro\AppData\Roaming\Python\Python311\site-packages\telegram\bot.py", line 134, in decorator
    result = func(*args, **kwargs)
             ^^^^^^^^^^^^^^^^^^^^^
  File "C:\Users\Win10 Pro\AppData\Roaming\Python\Python311\site-packages\telegram\bot.py", line 3140, in get_updates
    self._post(
  File "C:\Users\Win10 Pro\AppData\Roaming\Python\Python311\site-packages\telegram\bot.py", line 299, in _post
    return self.request.post(
           ^^^^^^^^^^^^^^^^^^
  File "C:\Users\Win10 Pro\AppData\Roaming\Python\Python311\site-packages\telegram\utils\request.py", line 361, in post
    result = self._request_wrapper(
             ^^^^^^^^^^^^^^^^^^^^^^
  File "C:\Users\Win10 Pro\AppData\Roaming\Python\Python311\site-packages\telegram\utils\request.py", line 265, in _request_wrapper
    raise NetworkError(f'urllib3 HTTPError {error}') from error
telegram.error.NetworkError: urllib3 HTTPError HTTPSConnectionPool(host='api.telegram.org', port=443): Max retries exceeded with url: /bot8383643986:AAFVI4MDb2zjy7DT9lsI3x6rn2UOyd-biPQ/getUpdates (Caused by NewConnectionError('<telegram.vendor.ptb_urllib3.urllib3.connection.VerifiedHTTPSConnection object at 0x0000014C338FA4D0>: Failed to establish a new connection: [WinError 10051] A socket operation was attempted to an unreachable network'))

2025-12-30 21:29:49,565 - __main__ - ERROR - Update "None" caused error "urllib3 HTTPError HTTPSConnectionPool(host='api.telegram.org', port=443): Max retries exceeded with url: /bot8383643986:AAFVI4MDb2zjy7DT9lsI3x6rn2UOyd-biPQ/getUpdates (Caused by NewConnectionError('<telegram.vendor.ptb_urllib3.urllib3.connection.VerifiedHTTPSConnection object at 0x0000014C33904550>: Failed to establish a new connection: [WinError 10051] A socket operation was attempted to an unreachable network'))"
2025-12-30 21:29:49,576 - __main__ - ERROR - Full error: Traceback (most recent call last):
  File "C:\Users\Win10 Pro\AppData\Roaming\Python\Python311\site-packages\telegram\vendor\ptb_urllib3\urllib3\connection.py", line 140, in _new_conn
    conn = connection.create_connection(
           ^^^^^^^^^^^^^^^^^^^^^^^^^^^^^
  File "C:\Users\Win10 Pro\AppData\Roaming\Python\Python311\site-packages\telegram\vendor\ptb_urllib3\urllib3\util\connection.py", line 83, in create_connection
    raise err
  File "C:\Users\Win10 Pro\AppData\Roaming\Python\Python311\site-packages\telegram\vendor\ptb_urllib3\urllib3\util\connection.py", line 73, in create_connection
    sock.connect(sa)
OSError: [WinError 10051] A socket operation was attempted to an unreachable network

During handling of the above exception, another exception occurred:

Traceback (most recent call last):
  File "C:\Users\Win10 Pro\AppData\Roaming\Python\Python311\site-packages\telegram\vendor\ptb_urllib3\urllib3\connectionpool.py", line 614, in urlopen
    httplib_response = self._make_request(conn, method, url,
                       ^^^^^^^^^^^^^^^^^^^^^^^^^^^^^^^^^^^^^
  File "C:\Users\Win10 Pro\AppData\Roaming\Python\Python311\site-packages\telegram\vendor\ptb_urllib3\urllib3\connectionpool.py", line 360, in _make_request
    self._validate_conn(conn)
  File "C:\Users\Win10 Pro\AppData\Roaming\Python\Python311\site-packages\telegram\vendor\ptb_urllib3\urllib3\connectionpool.py", line 857, in _validate_conn
    super(HTTPSConnectionPool, self)._validate_conn(conn)
  File "C:\Users\Win10 Pro\AppData\Roaming\Python\Python311\site-packages\telegram\vendor\ptb_urllib3\urllib3\connectionpool.py", line 289, in _validate_conn
    conn.connect()
  File "C:\Users\Win10 Pro\AppData\Roaming\Python\Python311\site-packages\telegram\vendor\ptb_urllib3\urllib3\connection.py", line 284, in connect
    conn = self._new_conn()
           ^^^^^^^^^^^^^^^^
  File "C:\Users\Win10 Pro\AppData\Roaming\Python\Python311\site-packages\telegram\vendor\ptb_urllib3\urllib3\connection.py", line 149, in _new_conn
    raise NewConnectionError(
telegram.vendor.ptb_urllib3.urllib3.exceptions.NewConnectionError: <telegram.vendor.ptb_urllib3.urllib3.connection.VerifiedHTTPSConnection object at 0x0000014C33904550>: Failed to establish a new connection: [WinError 10051] A socket operation was attempted to an unreachable network

During handling of the above exception, another exception occurred:

Traceback (most recent call last):
  File "C:\Users\Win10 Pro\AppData\Roaming\Python\Python311\site-packages\telegram\utils\request.py", line 259, in _request_wrapper
    resp = self._con_pool.request(*args, **kwargs)
           ^^^^^^^^^^^^^^^^^^^^^^^^^^^^^^^^^^^^^^^
  File "C:\Users\Win10 Pro\AppData\Roaming\Python\Python311\site-packages\telegram\vendor\ptb_urllib3\urllib3\request.py", line 68, in request
    return self.request_encode_body(method, url, fields=fields,
           ^^^^^^^^^^^^^^^^^^^^^^^^^^^^^^^^^^^^^^^^^^^^^^^^^^^^
  File "C:\Users\Win10 Pro\AppData\Roaming\Python\Python311\site-packages\telegram\vendor\ptb_urllib3\urllib3\request.py", line 148, in request_encode_body
    return self.urlopen(method, url, **extra_kw)
           ^^^^^^^^^^^^^^^^^^^^^^^^^^^^^^^^^^^^^
  File "C:\Users\Win10 Pro\AppData\Roaming\Python\Python311\site-packages\telegram\vendor\ptb_urllib3\urllib3\poolmanager.py", line 244, in urlopen
    response = conn.urlopen(method, u.request_uri, **kw)
               ^^^^^^^^^^^^^^^^^^^^^^^^^^^^^^^^^^^^^^^^^
  File "C:\Users\Win10 Pro\AppData\Roaming\Python\Python311\site-packages\telegram\vendor\ptb_urllib3\urllib3\connectionpool.py", line 691, in urlopen
    return self.urlopen(method, url, body, headers, retries,
           ^^^^^^^^^^^^^^^^^^^^^^^^^^^^^^^^^^^^^^^^^^^^^^^^^
  File "C:\Users\Win10 Pro\AppData\Roaming\Python\Python311\site-packages\telegram\vendor\ptb_urllib3\urllib3\connectionpool.py", line 691, in urlopen
    return self.urlopen(method, url, body, headers, retries,
           ^^^^^^^^^^^^^^^^^^^^^^^^^^^^^^^^^^^^^^^^^^^^^^^^^
  File "C:\Users\Win10 Pro\AppData\Roaming\Python\Python311\site-packages\telegram\vendor\ptb_urllib3\urllib3\connectionpool.py", line 691, in urlopen
    return self.urlopen(method, url, body, headers, retries,
           ^^^^^^^^^^^^^^^^^^^^^^^^^^^^^^^^^^^^^^^^^^^^^^^^^
  File "C:\Users\Win10 Pro\AppData\Roaming\Python\Python311\site-packages\telegram\vendor\ptb_urllib3\urllib3\connectionpool.py", line 665, in urlopen
    retries = retries.increment(method, url, error=e, _pool=self,
              ^^^^^^^^^^^^^^^^^^^^^^^^^^^^^^^^^^^^^^^^^^^^^^^^^^^
  File "C:\Users\Win10 Pro\AppData\Roaming\Python\Python311\site-packages\telegram\vendor\ptb_urllib3\urllib3\util\retry.py", line 376, in increment
    raise MaxRetryError(_pool, url, error or ResponseError(cause))
telegram.vendor.ptb_urllib3.urllib3.exceptions.MaxRetryError: HTTPSConnectionPool(host='api.telegram.org', port=443): Max retries exceeded with url: /bot8383643986:AAFVI4MDb2zjy7DT9lsI3x6rn2UOyd-biPQ/getUpdates (Caused by NewConnectionError('<telegram.vendor.ptb_urllib3.urllib3.connection.VerifiedHTTPSConnection object at 0x0000014C33904550>: Failed to establish a new connection: [WinError 10051] A socket operation was attempted to an unreachable network'))

The above exception was the direct cause of the following exception:

Traceback (most recent call last):
  File "C:\smyards_bot\bot_final_fixed.py", line 3221, in error_handler
    raise context.error
  File "C:\Users\Win10 Pro\AppData\Roaming\Python\Python311\site-packages\telegram\ext\updater.py", line 651, in _network_loop_retry
    if not action_cb():
           ^^^^^^^^^^^
  File "C:\Users\Win10 Pro\AppData\Roaming\Python\Python311\site-packages\telegram\ext\updater.py", line 602, in polling_action_cb
    updates = self.bot.get_updates(
              ^^^^^^^^^^^^^^^^^^^^^
  File "C:\Users\Win10 Pro\AppData\Roaming\Python\Python311\site-packages\telegram\ext\extbot.py", line 228, in get_updates
    updates = super().get_updates(
              ^^^^^^^^^^^^^^^^^^^^
  File "C:\Users\Win10 Pro\AppData\Roaming\Python\Python311\site-packages\telegram\bot.py", line 134, in decorator
    result = func(*args, **kwargs)
             ^^^^^^^^^^^^^^^^^^^^^
  File "C:\Users\Win10 Pro\AppData\Roaming\Python\Python311\site-packages\telegram\bot.py", line 3140, in get_updates
    self._post(
  File "C:\Users\Win10 Pro\AppData\Roaming\Python\Python311\site-packages\telegram\bot.py", line 299, in _post
    return self.request.post(
           ^^^^^^^^^^^^^^^^^^
  File "C:\Users\Win10 Pro\AppData\Roaming\Python\Python311\site-packages\telegram\utils\request.py", line 361, in post
    result = self._request_wrapper(
             ^^^^^^^^^^^^^^^^^^^^^^
  File "C:\Users\Win10 Pro\AppData\Roaming\Python\Python311\site-packages\telegram\utils\request.py", line 265, in _request_wrapper
    raise NetworkError(f'urllib3 HTTPError {error}') from error
telegram.error.NetworkError: urllib3 HTTPError HTTPSConnectionPool(host='api.telegram.org', port=443): Max retries exceeded with url: /bot8383643986:AAFVI4MDb2zjy7DT9lsI3x6rn2UOyd-biPQ/getUpdates (Caused by NewConnectionError('<telegram.vendor.ptb_urllib3.urllib3.connection.VerifiedHTTPSConnection object at 0x0000014C33904550>: Failed to establish a new connection: [WinError 10051] A socket operation was attempted to an unreachable network'))

2025-12-30 21:30:25,421 - __main__ - INFO - ==================================================
2025-12-30 21:30:25,421 - __main__ - INFO - ✅ SMYARDS BOT STARTED
2025-12-30 21:30:25,422 - __main__ - INFO - 📢 Main Channel: @smyard
2025-12-30 21:30:25,422 - __main__ - INFO - 📋 Stock Channel: -1002861193688
2025-12-30 21:30:25,422 - __main__ - INFO - ==================================================
2025-12-31 20:52:41,571 - __main__ - INFO - ==================================================
2025-12-31 20:52:41,572 - __main__ - INFO - ✅ SMYARDS BOT STARTED
2025-12-31 20:52:41,575 - __main__ - INFO - 📢 Main Channel: @smyard
2025-12-31 20:52:41,575 - __main__ - INFO - 📋 Stock Channel: -1002861193688
2025-12-31 20:52:41,576 - __main__ - INFO - ==================================================
2026-01-01 13:56:54,515 - __main__ - INFO - ==================================================
2026-01-01 13:56:54,515 - __main__ - INFO - ✅ SMYARDS BOT STARTED
2026-01-01 13:56:54,515 - __main__ - INFO - 📢 Main Channel: @smyard
2026-01-01 13:56:54,515 - __main__ - INFO - 📋 Stock Channel: -1002861193688
2026-01-01 13:56:54,515 - __main__ - INFO - ==================================================
2026-01-01 14:04:24,855 - __main__ - ERROR - Update "None" caused error "urllib3 HTTPError HTTPSConnectionPool(host='api.telegram.org', port=443): Max retries exceeded with url: /bot8383643986:AAFVI4MDb2zjy7DT9lsI3x6rn2UOyd-biPQ/getUpdates (Caused by ConnectTimeoutError(<telegram.vendor.ptb_urllib3.urllib3.connectionpool.HTTPSConnectionPool object at 0x00000223A83D11D0>, 'Connect timed out. (connect timeout=5.0)'))"
2026-01-01 14:04:24,938 - __main__ - ERROR - Full error: Traceback (most recent call last):
  File "C:\Users\Win10 Pro\AppData\Roaming\Python\Python311\site-packages\telegram\vendor\ptb_urllib3\urllib3\connectionpool.py", line 360, in _make_request
    self._validate_conn(conn)
  File "C:\Users\Win10 Pro\AppData\Roaming\Python\Python311\site-packages\telegram\vendor\ptb_urllib3\urllib3\connectionpool.py", line 857, in _validate_conn
    super(HTTPSConnectionPool, self)._validate_conn(conn)
  File "C:\Users\Win10 Pro\AppData\Roaming\Python\Python311\site-packages\telegram\vendor\ptb_urllib3\urllib3\connectionpool.py", line 289, in _validate_conn
    conn.connect()
  File "C:\Users\Win10 Pro\AppData\Roaming\Python\Python311\site-packages\telegram\vendor\ptb_urllib3\urllib3\connection.py", line 319, in connect
    self.sock = ssl_wrap_socket(
                ^^^^^^^^^^^^^^^^
  File "C:\Users\Win10 Pro\AppData\Roaming\Python\Python311\site-packages\telegram\vendor\ptb_urllib3\urllib3\util\ssl_.py", line 324, in ssl_wrap_socket
    return context.wrap_socket(sock, server_hostname=server_hostname)
           ^^^^^^^^^^^^^^^^^^^^^^^^^^^^^^^^^^^^^^^^^^^^^^^^^^^^^^^^^^
  File "C:\Program Files\Python311\Lib\ssl.py", line 517, in wrap_socket
    return self.sslsocket_class._create(
           ^^^^^^^^^^^^^^^^^^^^^^^^^^^^^
  File "C:\Program Files\Python311\Lib\ssl.py", line 1075, in _create
    self.do_handshake()
  File "C:\Program Files\Python311\Lib\ssl.py", line 1346, in do_handshake
    self._sslobj.do_handshake()
TimeoutError: _ssl.c:975: The handshake operation timed out

During handling of the above exception, another exception occurred:

Traceback (most recent call last):
  File "C:\Users\Win10 Pro\AppData\Roaming\Python\Python311\site-packages\telegram\vendor\ptb_urllib3\urllib3\connectionpool.py", line 614, in urlopen
    httplib_response = self._make_request(conn, method, url,
                       ^^^^^^^^^^^^^^^^^^^^^^^^^^^^^^^^^^^^^
  File "C:\Users\Win10 Pro\AppData\Roaming\Python\Python311\site-packages\telegram\vendor\ptb_urllib3\urllib3\connectionpool.py", line 363, in _make_request
    self._raise_timeout(err=e, url=url, timeout_value=conn.timeout,
  File "C:\Users\Win10 Pro\AppData\Roaming\Python\Python311\site-packages\telegram\vendor\ptb_urllib3\urllib3\connectionpool.py", line 321, in _raise_timeout
    raise exc_cls(*args)
telegram.vendor.ptb_urllib3.urllib3.exceptions.ConnectTimeoutError: (<telegram.vendor.ptb_urllib3.urllib3.connectionpool.HTTPSConnectionPool object at 0x00000223A83D11D0>, 'Connect timed out. (connect timeout=5.0)')

During handling of the above exception, another exception occurred:

Traceback (most recent call last):
  File "C:\Users\Win10 Pro\AppData\Roaming\Python\Python311\site-packages\telegram\utils\request.py", line 259, in _request_wrapper
    resp = self._con_pool.request(*args, **kwargs)
           ^^^^^^^^^^^^^^^^^^^^^^^^^^^^^^^^^^^^^^^
  File "C:\Users\Win10 Pro\AppData\Roaming\Python\Python311\site-packages\telegram\vendor\ptb_urllib3\urllib3\request.py", line 68, in request
    return self.request_encode_body(method, url, fields=fields,
           ^^^^^^^^^^^^^^^^^^^^^^^^^^^^^^^^^^^^^^^^^^^^^^^^^^^^
  File "C:\Users\Win10 Pro\AppData\Roaming\Python\Python311\site-packages\telegram\vendor\ptb_urllib3\urllib3\request.py", line 148, in request_encode_body
    return self.urlopen(method, url, **extra_kw)
           ^^^^^^^^^^^^^^^^^^^^^^^^^^^^^^^^^^^^^
  File "C:\Users\Win10 Pro\AppData\Roaming\Python\Python311\site-packages\telegram\vendor\ptb_urllib3\urllib3\poolmanager.py", line 244, in urlopen
    response = conn.urlopen(method, u.request_uri, **kw)
               ^^^^^^^^^^^^^^^^^^^^^^^^^^^^^^^^^^^^^^^^^
  File "C:\Users\Win10 Pro\AppData\Roaming\Python\Python311\site-packages\telegram\vendor\ptb_urllib3\urllib3\connectionpool.py", line 691, in urlopen
    return self.urlopen(method, url, body, headers, retries,
           ^^^^^^^^^^^^^^^^^^^^^^^^^^^^^^^^^^^^^^^^^^^^^^^^^
  File "C:\Users\Win10 Pro\AppData\Roaming\Python\Python311\site-packages\telegram\vendor\ptb_urllib3\urllib3\connectionpool.py", line 691, in urlopen
    return self.urlopen(method, url, body, headers, retries,
           ^^^^^^^^^^^^^^^^^^^^^^^^^^^^^^^^^^^^^^^^^^^^^^^^^
  File "C:\Users\Win10 Pro\AppData\Roaming\Python\Python311\site-packages\telegram\vendor\ptb_urllib3\urllib3\connectionpool.py", line 691, in urlopen
    return self.urlopen(method, url, body, headers, retries,
           ^^^^^^^^^^^^^^^^^^^^^^^^^^^^^^^^^^^^^^^^^^^^^^^^^
  File "C:\Users\Win10 Pro\AppData\Roaming\Python\Python311\site-packages\telegram\vendor\ptb_urllib3\urllib3\connectionpool.py", line 665, in urlopen
    retries = retries.increment(method, url, error=e, _pool=self,
              ^^^^^^^^^^^^^^^^^^^^^^^^^^^^^^^^^^^^^^^^^^^^^^^^^^^
  File "C:\Users\Win10 Pro\AppData\Roaming\Python\Python311\site-packages\telegram\vendor\ptb_urllib3\urllib3\util\retry.py", line 376, in increment
    raise MaxRetryError(_pool, url, error or ResponseError(cause))
telegram.vendor.ptb_urllib3.urllib3.exceptions.MaxRetryError: HTTPSConnectionPool(host='api.telegram.org', port=443): Max retries exceeded with url: /bot8383643986:AAFVI4MDb2zjy7DT9lsI3x6rn2UOyd-biPQ/getUpdates (Caused by ConnectTimeoutError(<telegram.vendor.ptb_urllib3.urllib3.connectionpool.HTTPSConnectionPool object at 0x00000223A83D11D0>, 'Connect timed out. (connect timeout=5.0)'))

The above exception was the direct cause of the following exception:

Traceback (most recent call last):
  File "C:\smyards_bot\bot_final_fixed.py", line 3221, in error_handler
    raise context.error
  File "C:\Users\Win10 Pro\AppData\Roaming\Python\Python311\site-packages\telegram\ext\updater.py", line 651, in _network_loop_retry
    if not action_cb():
           ^^^^^^^^^^^
  File "C:\Users\Win10 Pro\AppData\Roaming\Python\Python311\site-packages\telegram\ext\updater.py", line 602, in polling_action_cb
    updates = self.bot.get_updates(
              ^^^^^^^^^^^^^^^^^^^^^
  File "C:\Users\Win10 Pro\AppData\Roaming\Python\Python311\site-packages\telegram\ext\extbot.py", line 228, in get_updates
    updates = super().get_updates(
              ^^^^^^^^^^^^^^^^^^^^
  File "C:\Users\Win10 Pro\AppData\Roaming\Python\Python311\site-packages\telegram\bot.py", line 134, in decorator
    result = func(*args, **kwargs)
             ^^^^^^^^^^^^^^^^^^^^^
  File "C:\Users\Win10 Pro\AppData\Roaming\Python\Python311\site-packages\telegram\bot.py", line 3140, in get_updates
    self._post(
  File "C:\Users\Win10 Pro\AppData\Roaming\Python\Python311\site-packages\telegram\bot.py", line 299, in _post
    return self.request.post(
           ^^^^^^^^^^^^^^^^^^
  File "C:\Users\Win10 Pro\AppData\Roaming\Python\Python311\site-packages\telegram\utils\request.py", line 361, in post
    result = self._request_wrapper(
             ^^^^^^^^^^^^^^^^^^^^^^
  File "C:\Users\Win10 Pro\AppData\Roaming\Python\Python311\site-packages\telegram\utils\request.py", line 265, in _request_wrapper
    raise NetworkError(f'urllib3 HTTPError {error}') from error
telegram.error.NetworkError: urllib3 HTTPError HTTPSConnectionPool(host='api.telegram.org', port=443): Max retries exceeded with url: /bot8383643986:AAFVI4MDb2zjy7DT9lsI3x6rn2UOyd-biPQ/getUpdates (Caused by ConnectTimeoutError(<telegram.vendor.ptb_urllib3.urllib3.connectionpool.HTTPSConnectionPool object at 0x00000223A83D11D0>, 'Connect timed out. (connect timeout=5.0)'))

2026-01-01 14:05:13,180 - __main__ - ERROR - Update "None" caused error "urllib3 HTTPError HTTPSConnectionPool(host='api.telegram.org', port=443): Max retries exceeded with url: /bot8383643986:AAFVI4MDb2zjy7DT9lsI3x6rn2UOyd-biPQ/getUpdates (Caused by NewConnectionError('<telegram.vendor.ptb_urllib3.urllib3.connection.VerifiedHTTPSConnection object at 0x00000223A83D3D10>: Failed to establish a new connection: [WinError 10051] A socket operation was attempted to an unreachable network'))"
2026-01-01 14:05:13,194 - __main__ - ERROR - Full error: Traceback (most recent call last):
  File "C:\Users\Win10 Pro\AppData\Roaming\Python\Python311\site-packages\telegram\vendor\ptb_urllib3\urllib3\connection.py", line 140, in _new_conn
    conn = connection.create_connection(
           ^^^^^^^^^^^^^^^^^^^^^^^^^^^^^
  File "C:\Users\Win10 Pro\AppData\Roaming\Python\Python311\site-packages\telegram\vendor\ptb_urllib3\urllib3\util\connection.py", line 83, in create_connection
    raise err
  File "C:\Users\Win10 Pro\AppData\Roaming\Python\Python311\site-packages\telegram\vendor\ptb_urllib3\urllib3\util\connection.py", line 73, in create_connection
    sock.connect(sa)
OSError: [WinError 10051] A socket operation was attempted to an unreachable network

During handling of the above exception, another exception occurred:

Traceback (most recent call last):
  File "C:\Users\Win10 Pro\AppData\Roaming\Python\Python311\site-packages\telegram\vendor\ptb_urllib3\urllib3\connectionpool.py", line 614, in urlopen
    httplib_response = self._make_request(conn, method, url,
                       ^^^^^^^^^^^^^^^^^^^^^^^^^^^^^^^^^^^^^
  File "C:\Users\Win10 Pro\AppData\Roaming\Python\Python311\site-packages\telegram\vendor\ptb_urllib3\urllib3\connectionpool.py", line 360, in _make_request
    self._validate_conn(conn)
  File "C:\Users\Win10 Pro\AppData\Roaming\Python\Python311\site-packages\telegram\vendor\ptb_urllib3\urllib3\connectionpool.py", line 857, in _validate_conn
    super(HTTPSConnectionPool, self)._validate_conn(conn)
  File "C:\Users\Win10 Pro\AppData\Roaming\Python\Python311\site-packages\telegram\vendor\ptb_urllib3\urllib3\connectionpool.py", line 289, in _validate_conn
    conn.connect()
  File "C:\Users\Win10 Pro\AppData\Roaming\Python\Python311\site-packages\telegram\vendor\ptb_urllib3\urllib3\connection.py", line 284, in connect
    conn = self._new_conn()
           ^^^^^^^^^^^^^^^^
  File "C:\Users\Win10 Pro\AppData\Roaming\Python\Python311\site-packages\telegram\vendor\ptb_urllib3\urllib3\connection.py", line 149, in _new_conn
    raise NewConnectionError(
telegram.vendor.ptb_urllib3.urllib3.exceptions.NewConnectionError: <telegram.vendor.ptb_urllib3.urllib3.connection.VerifiedHTTPSConnection object at 0x00000223A83D3D10>: Failed to establish a new connection: [WinError 10051] A socket operation was attempted to an unreachable network

During handling of the above exception, another exception occurred:

Traceback (most recent call last):
  File "C:\Users\Win10 Pro\AppData\Roaming\Python\Python311\site-packages\telegram\utils\request.py", line 259, in _request_wrapper
    resp = self._con_pool.request(*args, **kwargs)
           ^^^^^^^^^^^^^^^^^^^^^^^^^^^^^^^^^^^^^^^
  File "C:\Users\Win10 Pro\AppData\Roaming\Python\Python311\site-packages\telegram\vendor\ptb_urllib3\urllib3\request.py", line 68, in request
    return self.request_encode_body(method, url, fields=fields,
           ^^^^^^^^^^^^^^^^^^^^^^^^^^^^^^^^^^^^^^^^^^^^^^^^^^^^
  File "C:\Users\Win10 Pro\AppData\Roaming\Python\Python311\site-packages\telegram\vendor\ptb_urllib3\urllib3\request.py", line 148, in request_encode_body
    return self.urlopen(method, url, **extra_kw)
           ^^^^^^^^^^^^^^^^^^^^^^^^^^^^^^^^^^^^^
  File "C:\Users\Win10 Pro\AppData\Roaming\Python\Python311\site-packages\telegram\vendor\ptb_urllib3\urllib3\poolmanager.py", line 244, in urlopen
    response = conn.urlopen(method, u.request_uri, **kw)
               ^^^^^^^^^^^^^^^^^^^^^^^^^^^^^^^^^^^^^^^^^
  File "C:\Users\Win10 Pro\AppData\Roaming\Python\Python311\site-packages\telegram\vendor\ptb_urllib3\urllib3\connectionpool.py", line 691, in urlopen
    return self.urlopen(method, url, body, headers, retries,
           ^^^^^^^^^^^^^^^^^^^^^^^^^^^^^^^^^^^^^^^^^^^^^^^^^
  File "C:\Users\Win10 Pro\AppData\Roaming\Python\Python311\site-packages\telegram\vendor\ptb_urllib3\urllib3\connectionpool.py", line 691, in urlopen
    return self.urlopen(method, url, body, headers, retries,
           ^^^^^^^^^^^^^^^^^^^^^^^^^^^^^^^^^^^^^^^^^^^^^^^^^
  File "C:\Users\Win10 Pro\AppData\Roaming\Python\Python311\site-packages\telegram\vendor\ptb_urllib3\urllib3\connectionpool.py", line 691, in urlopen
    return self.urlopen(method, url, body, headers, retries,
           ^^^^^^^^^^^^^^^^^^^^^^^^^^^^^^^^^^^^^^^^^^^^^^^^^
  File "C:\Users\Win10 Pro\AppData\Roaming\Python\Python311\site-packages\telegram\vendor\ptb_urllib3\urllib3\connectionpool.py", line 665, in urlopen
    retries = retries.increment(method, url, error=e, _pool=self,
              ^^^^^^^^^^^^^^^^^^^^^^^^^^^^^^^^^^^^^^^^^^^^^^^^^^^
  File "C:\Users\Win10 Pro\AppData\Roaming\Python\Python311\site-packages\telegram\vendor\ptb_urllib3\urllib3\util\retry.py", line 376, in increment
    raise MaxRetryError(_pool, url, error or ResponseError(cause))
telegram.vendor.ptb_urllib3.urllib3.exceptions.MaxRetryError: HTTPSConnectionPool(host='api.telegram.org', port=443): Max retries exceeded with url: /bot8383643986:AAFVI4MDb2zjy7DT9lsI3x6rn2UOyd-biPQ/getUpdates (Caused by NewConnectionError('<telegram.vendor.ptb_urllib3.urllib3.connection.VerifiedHTTPSConnection object at 0x00000223A83D3D10>: Failed to establish a new connection: [WinError 10051] A socket operation was attempted to an unreachable network'))

The above exception was the direct cause of the following exception:

Traceback (most recent call last):
  File "C:\smyards_bot\bot_final_fixed.py", line 3221, in error_handler
    raise context.error
  File "C:\Users\Win10 Pro\AppData\Roaming\Python\Python311\site-packages\telegram\ext\updater.py", line 651, in _network_loop_retry
    if not action_cb():
           ^^^^^^^^^^^
  File "C:\Users\Win10 Pro\AppData\Roaming\Python\Python311\site-packages\telegram\ext\updater.py", line 602, in polling_action_cb
    updates = self.bot.get_updates(
              ^^^^^^^^^^^^^^^^^^^^^
  File "C:\Users\Win10 Pro\AppData\Roaming\Python\Python311\site-packages\telegram\ext\extbot.py", line 228, in get_updates
    updates = super().get_updates(
              ^^^^^^^^^^^^^^^^^^^^
  File "C:\Users\Win10 Pro\AppData\Roaming\Python\Python311\site-packages\telegram\bot.py", line 134, in decorator
    result = func(*args, **kwargs)
             ^^^^^^^^^^^^^^^^^^^^^
  File "C:\Users\Win10 Pro\AppData\Roaming\Python\Python311\site-packages\telegram\bot.py", line 3140, in get_updates
    self._post(
  File "C:\Users\Win10 Pro\AppData\Roaming\Python\Python311\site-packages\telegram\bot.py", line 299, in _post
    return self.request.post(
           ^^^^^^^^^^^^^^^^^^
  File "C:\Users\Win10 Pro\AppData\Roaming\Python\Python311\site-packages\telegram\utils\request.py", line 361, in post
    result = self._request_wrapper(
             ^^^^^^^^^^^^^^^^^^^^^^
  File "C:\Users\Win10 Pro\AppData\Roaming\Python\Python311\site-packages\telegram\utils\request.py", line 265, in _request_wrapper
    raise NetworkError(f'urllib3 HTTPError {error}') from error
telegram.error.NetworkError: urllib3 HTTPError HTTPSConnectionPool(host='api.telegram.org', port=443): Max retries exceeded with url: /bot8383643986:AAFVI4MDb2zjy7DT9lsI3x6rn2UOyd-biPQ/getUpdates (Caused by NewConnectionError('<telegram.vendor.ptb_urllib3.urllib3.connection.VerifiedHTTPSConnection object at 0x00000223A83D3D10>: Failed to establish a new connection: [WinError 10051] A socket operation was attempted to an unreachable network'))

2026-01-01 14:56:27,182 - __main__ - INFO - ==================================================
2026-01-01 14:56:27,183 - __main__ - INFO - ✅ SMYARDS BOT STARTED
2026-01-01 14:56:27,183 - __main__ - INFO - 📢 Main Channel: @smyard
2026-01-01 14:56:27,183 - __main__ - INFO - 📋 Stock Channel: -1002861193688
2026-01-01 14:56:27,184 - __main__ - INFO - ==================================================
2026-01-01 15:46:54,421 - __main__ - ERROR - Update "None" caused error "urllib3 HTTPError HTTPSConnectionPool(host='api.telegram.org', port=443): Max retries exceeded with url: /bot8383643986:AAFVI4MDb2zjy7DT9lsI3x6rn2UOyd-biPQ/getUpdates (Caused by NewConnectionError('<telegram.vendor.ptb_urllib3.urllib3.connection.VerifiedHTTPSConnection object at 0x0000025D12A91AD0>: Failed to establish a new connection: [WinError 10051] A socket operation was attempted to an unreachable network'))"
2026-01-01 15:46:54,499 - __main__ - ERROR - Full error: Traceback (most recent call last):
  File "C:\Users\Win10 Pro\AppData\Roaming\Python\Python311\site-packages\telegram\vendor\ptb_urllib3\urllib3\connection.py", line 140, in _new_conn
    conn = connection.create_connection(
           ^^^^^^^^^^^^^^^^^^^^^^^^^^^^^
  File "C:\Users\Win10 Pro\AppData\Roaming\Python\Python311\site-packages\telegram\vendor\ptb_urllib3\urllib3\util\connection.py", line 83, in create_connection
    raise err
  File "C:\Users\Win10 Pro\AppData\Roaming\Python\Python311\site-packages\telegram\vendor\ptb_urllib3\urllib3\util\connection.py", line 73, in create_connection
    sock.connect(sa)
OSError: [WinError 10051] A socket operation was attempted to an unreachable network

During handling of the above exception, another exception occurred:

Traceback (most recent call last):
  File "C:\Users\Win10 Pro\AppData\Roaming\Python\Python311\site-packages\telegram\vendor\ptb_urllib3\urllib3\connectionpool.py", line 614, in urlopen
    httplib_response = self._make_request(conn, method, url,
                       ^^^^^^^^^^^^^^^^^^^^^^^^^^^^^^^^^^^^^
  File "C:\Users\Win10 Pro\AppData\Roaming\Python\Python311\site-packages\telegram\vendor\ptb_urllib3\urllib3\connectionpool.py", line 360, in _make_request
    self._validate_conn(conn)
  File "C:\Users\Win10 Pro\AppData\Roaming\Python\Python311\site-packages\telegram\vendor\ptb_urllib3\urllib3\connectionpool.py", line 857, in _validate_conn
    super(HTTPSConnectionPool, self)._validate_conn(conn)
  File "C:\Users\Win10 Pro\AppData\Roaming\Python\Python311\site-packages\telegram\vendor\ptb_urllib3\urllib3\connectionpool.py", line 289, in _validate_conn
    conn.connect()
  File "C:\Users\Win10 Pro\AppData\Roaming\Python\Python311\site-packages\telegram\vendor\ptb_urllib3\urllib3\connection.py", line 284, in connect
    conn = self._new_conn()
           ^^^^^^^^^^^^^^^^
  File "C:\Users\Win10 Pro\AppData\Roaming\Python\Python311\site-packages\telegram\vendor\ptb_urllib3\urllib3\connection.py", line 149, in _new_conn
    raise NewConnectionError(
telegram.vendor.ptb_urllib3.urllib3.exceptions.NewConnectionError: <telegram.vendor.ptb_urllib3.urllib3.connection.VerifiedHTTPSConnection object at 0x0000025D12A91AD0>: Failed to establish a new connection: [WinError 10051] A socket operation was attempted to an unreachable network

During handling of the above exception, another exception occurred:

Traceback (most recent call last):
  File "C:\Users\Win10 Pro\AppData\Roaming\Python\Python311\site-packages\telegram\utils\request.py", line 259, in _request_wrapper
    resp = self._con_pool.request(*args, **kwargs)
           ^^^^^^^^^^^^^^^^^^^^^^^^^^^^^^^^^^^^^^^
  File "C:\Users\Win10 Pro\AppData\Roaming\Python\Python311\site-packages\telegram\vendor\ptb_urllib3\urllib3\request.py", line 68, in request
    return self.request_encode_body(method, url, fields=fields,
           ^^^^^^^^^^^^^^^^^^^^^^^^^^^^^^^^^^^^^^^^^^^^^^^^^^^^
  File "C:\Users\Win10 Pro\AppData\Roaming\Python\Python311\site-packages\telegram\vendor\ptb_urllib3\urllib3\request.py", line 148, in request_encode_body
    return self.urlopen(method, url, **extra_kw)
           ^^^^^^^^^^^^^^^^^^^^^^^^^^^^^^^^^^^^^
  File "C:\Users\Win10 Pro\AppData\Roaming\Python\Python311\site-packages\telegram\vendor\ptb_urllib3\urllib3\poolmanager.py", line 244, in urlopen
    response = conn.urlopen(method, u.request_uri, **kw)
               ^^^^^^^^^^^^^^^^^^^^^^^^^^^^^^^^^^^^^^^^^
  File "C:\Users\Win10 Pro\AppData\Roaming\Python\Python311\site-packages\telegram\vendor\ptb_urllib3\urllib3\connectionpool.py", line 691, in urlopen
    return self.urlopen(method, url, body, headers, retries,
           ^^^^^^^^^^^^^^^^^^^^^^^^^^^^^^^^^^^^^^^^^^^^^^^^^
  File "C:\Users\Win10 Pro\AppData\Roaming\Python\Python311\site-packages\telegram\vendor\ptb_urllib3\urllib3\connectionpool.py", line 691, in urlopen
    return self.urlopen(method, url, body, headers, retries,
           ^^^^^^^^^^^^^^^^^^^^^^^^^^^^^^^^^^^^^^^^^^^^^^^^^
  File "C:\Users\Win10 Pro\AppData\Roaming\Python\Python311\site-packages\telegram\vendor\ptb_urllib3\urllib3\connectionpool.py", line 691, in urlopen
    return self.urlopen(method, url, body, headers, retries,
           ^^^^^^^^^^^^^^^^^^^^^^^^^^^^^^^^^^^^^^^^^^^^^^^^^
  File "C:\Users\Win10 Pro\AppData\Roaming\Python\Python311\site-packages\telegram\vendor\ptb_urllib3\urllib3\connectionpool.py", line 665, in urlopen
    retries = retries.increment(method, url, error=e, _pool=self,
              ^^^^^^^^^^^^^^^^^^^^^^^^^^^^^^^^^^^^^^^^^^^^^^^^^^^
  File "C:\Users\Win10 Pro\AppData\Roaming\Python\Python311\site-packages\telegram\vendor\ptb_urllib3\urllib3\util\retry.py", line 376, in increment
    raise MaxRetryError(_pool, url, error or ResponseError(cause))
telegram.vendor.ptb_urllib3.urllib3.exceptions.MaxRetryError: HTTPSConnectionPool(host='api.telegram.org', port=443): Max retries exceeded with url: /bot8383643986:AAFVI4MDb2zjy7DT9lsI3x6rn2UOyd-biPQ/getUpdates (Caused by NewConnectionError('<telegram.vendor.ptb_urllib3.urllib3.connection.VerifiedHTTPSConnection object at 0x0000025D12A91AD0>: Failed to establish a new connection: [WinError 10051] A socket operation was attempted to an unreachable network'))

The above exception was the direct cause of the following exception:

Traceback (most recent call last):
  File "C:\smyards_bot\bot_final_fixed.py", line 3221, in error_handler
    raise context.error
  File "C:\Users\Win10 Pro\AppData\Roaming\Python\Python311\site-packages\telegram\ext\updater.py", line 651, in _network_loop_retry
    if not action_cb():
           ^^^^^^^^^^^
  File "C:\Users\Win10 Pro\AppData\Roaming\Python\Python311\site-packages\telegram\ext\updater.py", line 602, in polling_action_cb
    updates = self.bot.get_updates(
              ^^^^^^^^^^^^^^^^^^^^^
  File "C:\Users\Win10 Pro\AppData\Roaming\Python\Python311\site-packages\telegram\ext\extbot.py", line 228, in get_updates
    updates = super().get_updates(
              ^^^^^^^^^^^^^^^^^^^^
  File "C:\Users\Win10 Pro\AppData\Roaming\Python\Python311\site-packages\telegram\bot.py", line 134, in decorator
    result = func(*args, **kwargs)
             ^^^^^^^^^^^^^^^^^^^^^
  File "C:\Users\Win10 Pro\AppData\Roaming\Python\Python311\site-packages\telegram\bot.py", line 3140, in get_updates
    self._post(
  File "C:\Users\Win10 Pro\AppData\Roaming\Python\Python311\site-packages\telegram\bot.py", line 299, in _post
    return self.request.post(
           ^^^^^^^^^^^^^^^^^^
  File "C:\Users\Win10 Pro\AppData\Roaming\Python\Python311\site-packages\telegram\utils\request.py", line 361, in post
    result = self._request_wrapper(
             ^^^^^^^^^^^^^^^^^^^^^^
  File "C:\Users\Win10 Pro\AppData\Roaming\Python\Python311\site-packages\telegram\utils\request.py", line 265, in _request_wrapper
    raise NetworkError(f'urllib3 HTTPError {error}') from error
telegram.error.NetworkError: urllib3 HTTPError HTTPSConnectionPool(host='api.telegram.org', port=443): Max retries exceeded with url: /bot8383643986:AAFVI4MDb2zjy7DT9lsI3x6rn2UOyd-biPQ/getUpdates (Caused by NewConnectionError('<telegram.vendor.ptb_urllib3.urllib3.connection.VerifiedHTTPSConnection object at 0x0000025D12A91AD0>: Failed to establish a new connection: [WinError 10051] A socket operation was attempted to an unreachable network'))

2026-01-01 15:49:03,359 - __main__ - ERROR - Update "None" caused error "urllib3 HTTPError HTTPSConnectionPool(host='api.telegram.org', port=443): Max retries exceeded with url: /bot8383643986:AAFVI4MDb2zjy7DT9lsI3x6rn2UOyd-biPQ/getUpdates (Caused by NewConnectionError('<telegram.vendor.ptb_urllib3.urllib3.connection.VerifiedHTTPSConnection object at 0x0000025D12C38F90>: Failed to establish a new connection: [WinError 10051] A socket operation was attempted to an unreachable network'))"
2026-01-01 15:49:03,359 - __main__ - ERROR - Full error: Traceback (most recent call last):
  File "C:\Users\Win10 Pro\AppData\Roaming\Python\Python311\site-packages\telegram\vendor\ptb_urllib3\urllib3\connection.py", line 140, in _new_conn
    conn = connection.create_connection(
           ^^^^^^^^^^^^^^^^^^^^^^^^^^^^^
  File "C:\Users\Win10 Pro\AppData\Roaming\Python\Python311\site-packages\telegram\vendor\ptb_urllib3\urllib3\util\connection.py", line 83, in create_connection
    raise err
  File "C:\Users\Win10 Pro\AppData\Roaming\Python\Python311\site-packages\telegram\vendor\ptb_urllib3\urllib3\util\connection.py", line 73, in create_connection
    sock.connect(sa)
OSError: [WinError 10051] A socket operation was attempted to an unreachable network

During handling of the above exception, another exception occurred:

Traceback (most recent call last):
  File "C:\Users\Win10 Pro\AppData\Roaming\Python\Python311\site-packages\telegram\vendor\ptb_urllib3\urllib3\connectionpool.py", line 614, in urlopen
    httplib_response = self._make_request(conn, method, url,
                       ^^^^^^^^^^^^^^^^^^^^^^^^^^^^^^^^^^^^^
  File "C:\Users\Win10 Pro\AppData\Roaming\Python\Python311\site-packages\telegram\vendor\ptb_urllib3\urllib3\connectionpool.py", line 360, in _make_request
    self._validate_conn(conn)
  File "C:\Users\Win10 Pro\AppData\Roaming\Python\Python311\site-packages\telegram\vendor\ptb_urllib3\urllib3\connectionpool.py", line 857, in _validate_conn
    super(HTTPSConnectionPool, self)._validate_conn(conn)
  File "C:\Users\Win10 Pro\AppData\Roaming\Python\Python311\site-packages\telegram\vendor\ptb_urllib3\urllib3\connectionpool.py", line 289, in _validate_conn
    conn.connect()
  File "C:\Users\Win10 Pro\AppData\Roaming\Python\Python311\site-packages\telegram\vendor\ptb_urllib3\urllib3\connection.py", line 284, in connect
    conn = self._new_conn()
           ^^^^^^^^^^^^^^^^
  File "C:\Users\Win10 Pro\AppData\Roaming\Python\Python311\site-packages\telegram\vendor\ptb_urllib3\urllib3\connection.py", line 149, in _new_conn
    raise NewConnectionError(
telegram.vendor.ptb_urllib3.urllib3.exceptions.NewConnectionError: <telegram.vendor.ptb_urllib3.urllib3.connection.VerifiedHTTPSConnection object at 0x0000025D12C38F90>: Failed to establish a new connection: [WinError 10051] A socket operation was attempted to an unreachable network

During handling of the above exception, another exception occurred:

Traceback (most recent call last):
  File "C:\Users\Win10 Pro\AppData\Roaming\Python\Python311\site-packages\telegram\utils\request.py", line 259, in _request_wrapper
    resp = self._con_pool.request(*args, **kwargs)
           ^^^^^^^^^^^^^^^^^^^^^^^^^^^^^^^^^^^^^^^
  File "C:\Users\Win10 Pro\AppData\Roaming\Python\Python311\site-packages\telegram\vendor\ptb_urllib3\urllib3\request.py", line 68, in request
    return self.request_encode_body(method, url, fields=fields,
           ^^^^^^^^^^^^^^^^^^^^^^^^^^^^^^^^^^^^^^^^^^^^^^^^^^^^
  File "C:\Users\Win10 Pro\AppData\Roaming\Python\Python311\site-packages\telegram\vendor\ptb_urllib3\urllib3\request.py", line 148, in request_encode_body
    return self.urlopen(method, url, **extra_kw)
           ^^^^^^^^^^^^^^^^^^^^^^^^^^^^^^^^^^^^^
  File "C:\Users\Win10 Pro\AppData\Roaming\Python\Python311\site-packages\telegram\vendor\ptb_urllib3\urllib3\poolmanager.py", line 244, in urlopen
    response = conn.urlopen(method, u.request_uri, **kw)
               ^^^^^^^^^^^^^^^^^^^^^^^^^^^^^^^^^^^^^^^^^
  File "C:\Users\Win10 Pro\AppData\Roaming\Python\Python311\site-packages\telegram\vendor\ptb_urllib3\urllib3\connectionpool.py", line 691, in urlopen
    return self.urlopen(method, url, body, headers, retries,
           ^^^^^^^^^^^^^^^^^^^^^^^^^^^^^^^^^^^^^^^^^^^^^^^^^
  File "C:\Users\Win10 Pro\AppData\Roaming\Python\Python311\site-packages\telegram\vendor\ptb_urllib3\urllib3\connectionpool.py", line 691, in urlopen
    return self.urlopen(method, url, body, headers, retries,
           ^^^^^^^^^^^^^^^^^^^^^^^^^^^^^^^^^^^^^^^^^^^^^^^^^
  File "C:\Users\Win10 Pro\AppData\Roaming\Python\Python311\site-packages\telegram\vendor\ptb_urllib3\urllib3\connectionpool.py", line 691, in urlopen
    return self.urlopen(method, url, body, headers, retries,
           ^^^^^^^^^^^^^^^^^^^^^^^^^^^^^^^^^^^^^^^^^^^^^^^^^
  File "C:\Users\Win10 Pro\AppData\Roaming\Python\Python311\site-packages\telegram\vendor\ptb_urllib3\urllib3\connectionpool.py", line 665, in urlopen
    retries = retries.increment(method, url, error=e, _pool=self,
              ^^^^^^^^^^^^^^^^^^^^^^^^^^^^^^^^^^^^^^^^^^^^^^^^^^^
  File "C:\Users\Win10 Pro\AppData\Roaming\Python\Python311\site-packages\telegram\vendor\ptb_urllib3\urllib3\util\retry.py", line 376, in increment
    raise MaxRetryError(_pool, url, error or ResponseError(cause))
telegram.vendor.ptb_urllib3.urllib3.exceptions.MaxRetryError: HTTPSConnectionPool(host='api.telegram.org', port=443): Max retries exceeded with url: /bot8383643986:AAFVI4MDb2zjy7DT9lsI3x6rn2UOyd-biPQ/getUpdates (Caused by NewConnectionError('<telegram.vendor.ptb_urllib3.urllib3.connection.VerifiedHTTPSConnection object at 0x0000025D12C38F90>: Failed to establish a new connection: [WinError 10051] A socket operation was attempted to an unreachable network'))

The above exception was the direct cause of the following exception:

Traceback (most recent call last):
  File "C:\smyards_bot\bot_final_fixed.py", line 3221, in error_handler
    raise context.error
  File "C:\Users\Win10 Pro\AppData\Roaming\Python\Python311\site-packages\telegram\ext\updater.py", line 651, in _network_loop_retry
    if not action_cb():
           ^^^^^^^^^^^
  File "C:\Users\Win10 Pro\AppData\Roaming\Python\Python311\site-packages\telegram\ext\updater.py", line 602, in polling_action_cb
    updates = self.bot.get_updates(
              ^^^^^^^^^^^^^^^^^^^^^
  File "C:\Users\Win10 Pro\AppData\Roaming\Python\Python311\site-packages\telegram\ext\extbot.py", line 228, in get_updates
    updates = super().get_updates(
              ^^^^^^^^^^^^^^^^^^^^
  File "C:\Users\Win10 Pro\AppData\Roaming\Python\Python311\site-packages\telegram\bot.py", line 134, in decorator
    result = func(*args, **kwargs)
             ^^^^^^^^^^^^^^^^^^^^^
  File "C:\Users\Win10 Pro\AppData\Roaming\Python\Python311\site-packages\telegram\bot.py", line 3140, in get_updates
    self._post(
  File "C:\Users\Win10 Pro\AppData\Roaming\Python\Python311\site-packages\telegram\bot.py", line 299, in _post
    return self.request.post(
           ^^^^^^^^^^^^^^^^^^
  File "C:\Users\Win10 Pro\AppData\Roaming\Python\Python311\site-packages\telegram\utils\request.py", line 361, in post
    result = self._request_wrapper(
             ^^^^^^^^^^^^^^^^^^^^^^
  File "C:\Users\Win10 Pro\AppData\Roaming\Python\Python311\site-packages\telegram\utils\request.py", line 265, in _request_wrapper
    raise NetworkError(f'urllib3 HTTPError {error}') from error
telegram.error.NetworkError: urllib3 HTTPError HTTPSConnectionPool(host='api.telegram.org', port=443): Max retries exceeded with url: /bot8383643986:AAFVI4MDb2zjy7DT9lsI3x6rn2UOyd-biPQ/getUpdates (Caused by NewConnectionError('<telegram.vendor.ptb_urllib3.urllib3.connection.VerifiedHTTPSConnection object at 0x0000025D12C38F90>: Failed to establish a new connection: [WinError 10051] A socket operation was attempted to an unreachable network'))

2026-01-01 15:49:29,250 - __main__ - ERROR - Update "None" caused error "urllib3 HTTPError HTTPSConnectionPool(host='api.telegram.org', port=443): Max retries exceeded with url: /bot8383643986:AAFVI4MDb2zjy7DT9lsI3x6rn2UOyd-biPQ/getUpdates (Caused by ConnectTimeoutError(<telegram.vendor.ptb_urllib3.urllib3.connectionpool.HTTPSConnectionPool object at 0x0000025D12A09790>, 'Connect timed out. (connect timeout=5.0)'))"
2026-01-01 15:49:29,281 - __main__ - ERROR - Full error: Traceback (most recent call last):
  File "C:\Users\Win10 Pro\AppData\Roaming\Python\Python311\site-packages\telegram\vendor\ptb_urllib3\urllib3\connectionpool.py", line 360, in _make_request
    self._validate_conn(conn)
  File "C:\Users\Win10 Pro\AppData\Roaming\Python\Python311\site-packages\telegram\vendor\ptb_urllib3\urllib3\connectionpool.py", line 857, in _validate_conn
    super(HTTPSConnectionPool, self)._validate_conn(conn)
  File "C:\Users\Win10 Pro\AppData\Roaming\Python\Python311\site-packages\telegram\vendor\ptb_urllib3\urllib3\connectionpool.py", line 289, in _validate_conn
    conn.connect()
  File "C:\Users\Win10 Pro\AppData\Roaming\Python\Python311\site-packages\telegram\vendor\ptb_urllib3\urllib3\connection.py", line 319, in connect
    self.sock = ssl_wrap_socket(
                ^^^^^^^^^^^^^^^^
  File "C:\Users\Win10 Pro\AppData\Roaming\Python\Python311\site-packages\telegram\vendor\ptb_urllib3\urllib3\util\ssl_.py", line 324, in ssl_wrap_socket
    return context.wrap_socket(sock, server_hostname=server_hostname)
           ^^^^^^^^^^^^^^^^^^^^^^^^^^^^^^^^^^^^^^^^^^^^^^^^^^^^^^^^^^
  File "C:\Program Files\Python311\Lib\ssl.py", line 517, in wrap_socket
    return self.sslsocket_class._create(
           ^^^^^^^^^^^^^^^^^^^^^^^^^^^^^
  File "C:\Program Files\Python311\Lib\ssl.py", line 1075, in _create
    self.do_handshake()
  File "C:\Program Files\Python311\Lib\ssl.py", line 1346, in do_handshake
    self._sslobj.do_handshake()
TimeoutError: _ssl.c:975: The handshake operation timed out

During handling of the above exception, another exception occurred:

Traceback (most recent call last):
  File "C:\Users\Win10 Pro\AppData\Roaming\Python\Python311\site-packages\telegram\vendor\ptb_urllib3\urllib3\connectionpool.py", line 614, in urlopen
    httplib_response = self._make_request(conn, method, url,
                       ^^^^^^^^^^^^^^^^^^^^^^^^^^^^^^^^^^^^^
  File "C:\Users\Win10 Pro\AppData\Roaming\Python\Python311\site-packages\telegram\vendor\ptb_urllib3\urllib3\connectionpool.py", line 363, in _make_request
    self._raise_timeout(err=e, url=url, timeout_value=conn.timeout,
  File "C:\Users\Win10 Pro\AppData\Roaming\Python\Python311\site-packages\telegram\vendor\ptb_urllib3\urllib3\connectionpool.py", line 321, in _raise_timeout
    raise exc_cls(*args)
telegram.vendor.ptb_urllib3.urllib3.exceptions.ConnectTimeoutError: (<telegram.vendor.ptb_urllib3.urllib3.connectionpool.HTTPSConnectionPool object at 0x0000025D12A09790>, 'Connect timed out. (connect timeout=5.0)')

During handling of the above exception, another exception occurred:

Traceback (most recent call last):
  File "C:\Users\Win10 Pro\AppData\Roaming\Python\Python311\site-packages\telegram\utils\request.py", line 259, in _request_wrapper
    resp = self._con_pool.request(*args, **kwargs)
           ^^^^^^^^^^^^^^^^^^^^^^^^^^^^^^^^^^^^^^^
  File "C:\Users\Win10 Pro\AppData\Roaming\Python\Python311\site-packages\telegram\vendor\ptb_urllib3\urllib3\request.py", line 68, in request
    return self.request_encode_body(method, url, fields=fields,
           ^^^^^^^^^^^^^^^^^^^^^^^^^^^^^^^^^^^^^^^^^^^^^^^^^^^^
  File "C:\Users\Win10 Pro\AppData\Roaming\Python\Python311\site-packages\telegram\vendor\ptb_urllib3\urllib3\request.py", line 148, in request_encode_body
    return self.urlopen(method, url, **extra_kw)
           ^^^^^^^^^^^^^^^^^^^^^^^^^^^^^^^^^^^^^
  File "C:\Users\Win10 Pro\AppData\Roaming\Python\Python311\site-packages\telegram\vendor\ptb_urllib3\urllib3\poolmanager.py", line 244, in urlopen
    response = conn.urlopen(method, u.request_uri, **kw)
               ^^^^^^^^^^^^^^^^^^^^^^^^^^^^^^^^^^^^^^^^^
  File "C:\Users\Win10 Pro\AppData\Roaming\Python\Python311\site-packages\telegram\vendor\ptb_urllib3\urllib3\connectionpool.py", line 691, in urlopen
    return self.urlopen(method, url, body, headers, retries,
           ^^^^^^^^^^^^^^^^^^^^^^^^^^^^^^^^^^^^^^^^^^^^^^^^^
  File "C:\Users\Win10 Pro\AppData\Roaming\Python\Python311\site-packages\telegram\vendor\ptb_urllib3\urllib3\connectionpool.py", line 691, in urlopen
    return self.urlopen(method, url, body, headers, retries,
           ^^^^^^^^^^^^^^^^^^^^^^^^^^^^^^^^^^^^^^^^^^^^^^^^^
  File "C:\Users\Win10 Pro\AppData\Roaming\Python\Python311\site-packages\telegram\vendor\ptb_urllib3\urllib3\connectionpool.py", line 691, in urlopen
    return self.urlopen(method, url, body, headers, retries,
           ^^^^^^^^^^^^^^^^^^^^^^^^^^^^^^^^^^^^^^^^^^^^^^^^^
  File "C:\Users\Win10 Pro\AppData\Roaming\Python\Python311\site-packages\telegram\vendor\ptb_urllib3\urllib3\connectionpool.py", line 665, in urlopen
    retries = retries.increment(method, url, error=e, _pool=self,
              ^^^^^^^^^^^^^^^^^^^^^^^^^^^^^^^^^^^^^^^^^^^^^^^^^^^
  File "C:\Users\Win10 Pro\AppData\Roaming\Python\Python311\site-packages\telegram\vendor\ptb_urllib3\urllib3\util\retry.py", line 376, in increment
    raise MaxRetryError(_pool, url, error or ResponseError(cause))
telegram.vendor.ptb_urllib3.urllib3.exceptions.MaxRetryError: HTTPSConnectionPool(host='api.telegram.org', port=443): Max retries exceeded with url: /bot8383643986:AAFVI4MDb2zjy7DT9lsI3x6rn2UOyd-biPQ/getUpdates (Caused by ConnectTimeoutError(<telegram.vendor.ptb_urllib3.urllib3.connectionpool.HTTPSConnectionPool object at 0x0000025D12A09790>, 'Connect timed out. (connect timeout=5.0)'))

The above exception was the direct cause of the following exception:

Traceback (most recent call last):
  File "C:\smyards_bot\bot_final_fixed.py", line 3221, in error_handler
    raise context.error
  File "C:\Users\Win10 Pro\AppData\Roaming\Python\Python311\site-packages\telegram\ext\updater.py", line 651, in _network_loop_retry
    if not action_cb():
           ^^^^^^^^^^^
  File "C:\Users\Win10 Pro\AppData\Roaming\Python\Python311\site-packages\telegram\ext\updater.py", line 602, in polling_action_cb
    updates = self.bot.get_updates(
              ^^^^^^^^^^^^^^^^^^^^^
  File "C:\Users\Win10 Pro\AppData\Roaming\Python\Python311\site-packages\telegram\ext\extbot.py", line 228, in get_updates
    updates = super().get_updates(
              ^^^^^^^^^^^^^^^^^^^^
  File "C:\Users\Win10 Pro\AppData\Roaming\Python\Python311\site-packages\telegram\bot.py", line 134, in decorator
    result = func(*args, **kwargs)
             ^^^^^^^^^^^^^^^^^^^^^
  File "C:\Users\Win10 Pro\AppData\Roaming\Python\Python311\site-packages\telegram\bot.py", line 3140, in get_updates
    self._post(
  File "C:\Users\Win10 Pro\AppData\Roaming\Python\Python311\site-packages\telegram\bot.py", line 299, in _post
    return self.request.post(
           ^^^^^^^^^^^^^^^^^^
  File "C:\Users\Win10 Pro\AppData\Roaming\Python\Python311\site-packages\telegram\utils\request.py", line 361, in post
    result = self._request_wrapper(
             ^^^^^^^^^^^^^^^^^^^^^^
  File "C:\Users\Win10 Pro\AppData\Roaming\Python\Python311\site-packages\telegram\utils\request.py", line 265, in _request_wrapper
    raise NetworkError(f'urllib3 HTTPError {error}') from error
telegram.error.NetworkError: urllib3 HTTPError HTTPSConnectionPool(host='api.telegram.org', port=443): Max retries exceeded with url: /bot8383643986:AAFVI4MDb2zjy7DT9lsI3x6rn2UOyd-biPQ/getUpdates (Caused by ConnectTimeoutError(<telegram.vendor.ptb_urllib3.urllib3.connectionpool.HTTPSConnectionPool object at 0x0000025D12A09790>, 'Connect timed out. (connect timeout=5.0)'))

2026-01-01 17:48:50,904 - __main__ - INFO - ==================================================
2026-01-01 17:48:50,905 - __main__ - INFO - ✅ SMYARDS BOT STARTED
2026-01-01 17:48:50,905 - __main__ - INFO - 📢 Main Channel: @smyard
2026-01-01 17:48:50,905 - __main__ - INFO - 📋 Stock Channel: -1002861193688
2026-01-01 17:48:50,906 - __main__ - INFO - ==================================================
2026-01-01 20:07:50,474 - __main__ - INFO - ==================================================
2026-01-01 20:07:50,475 - __main__ - INFO - ✅ SMYARDS BOT STARTED
2026-01-01 20:07:50,475 - __main__ - INFO - 📢 Main Channel: @smyard
2026-01-01 20:07:50,476 - __main__ - INFO - 📋 Stock Channel: -1002861193688
2026-01-01 20:07:50,476 - __main__ - INFO - ==================================================
2026-01-01 21:46:16,920 - __main__ - ERROR - Update "None" caused error "urllib3 HTTPError HTTPSConnectionPool(host='api.telegram.org', port=443): Max retries exceeded with url: /bot8383643986:AAFVI4MDb2zjy7DT9lsI3x6rn2UOyd-biPQ/getUpdates (Caused by NewConnectionError('<telegram.vendor.ptb_urllib3.urllib3.connection.VerifiedHTTPSConnection object at 0x000002C1E71938D0>: Failed to establish a new connection: [Errno 11001] getaddrinfo failed'))"
2026-01-01 21:46:23,128 - __main__ - ERROR - Full error: Traceback (most recent call last):
  File "C:\Users\Win10 Pro\AppData\Roaming\Python\Python311\site-packages\telegram\vendor\ptb_urllib3\urllib3\connection.py", line 140, in _new_conn
    conn = connection.create_connection(
           ^^^^^^^^^^^^^^^^^^^^^^^^^^^^^
  File "C:\Users\Win10 Pro\AppData\Roaming\Python\Python311\site-packages\telegram\vendor\ptb_urllib3\urllib3\util\connection.py", line 60, in create_connection
    for res in socket.getaddrinfo(host, port, family, socket.SOCK_STREAM):
               ^^^^^^^^^^^^^^^^^^^^^^^^^^^^^^^^^^^^^^^^^^^^^^^^^^^^^^^^^^
  File "C:\Program Files\Python311\Lib\socket.py", line 961, in getaddrinfo
    for res in _socket.getaddrinfo(host, port, family, type, proto, flags):
               ^^^^^^^^^^^^^^^^^^^^^^^^^^^^^^^^^^^^^^^^^^^^^^^^^^^^^^^^^^^
socket.gaierror: [Errno 11001] getaddrinfo failed

During handling of the above exception, another exception occurred:

Traceback (most recent call last):
  File "C:\Users\Win10 Pro\AppData\Roaming\Python\Python311\site-packages\telegram\vendor\ptb_urllib3\urllib3\connectionpool.py", line 614, in urlopen
    httplib_response = self._make_request(conn, method, url,
                       ^^^^^^^^^^^^^^^^^^^^^^^^^^^^^^^^^^^^^
  File "C:\Users\Win10 Pro\AppData\Roaming\Python\Python311\site-packages\telegram\vendor\ptb_urllib3\urllib3\connectionpool.py", line 360, in _make_request
    self._validate_conn(conn)
  File "C:\Users\Win10 Pro\AppData\Roaming\Python\Python311\site-packages\telegram\vendor\ptb_urllib3\urllib3\connectionpool.py", line 857, in _validate_conn
    super(HTTPSConnectionPool, self)._validate_conn(conn)
  File "C:\Users\Win10 Pro\AppData\Roaming\Python\Python311\site-packages\telegram\vendor\ptb_urllib3\urllib3\connectionpool.py", line 289, in _validate_conn
    conn.connect()
  File "C:\Users\Win10 Pro\AppData\Roaming\Python\Python311\site-packages\telegram\vendor\ptb_urllib3\urllib3\connection.py", line 284, in connect
    conn = self._new_conn()
           ^^^^^^^^^^^^^^^^
  File "C:\Users\Win10 Pro\AppData\Roaming\Python\Python311\site-packages\telegram\vendor\ptb_urllib3\urllib3\connection.py", line 149, in _new_conn
    raise NewConnectionError(
telegram.vendor.ptb_urllib3.urllib3.exceptions.NewConnectionError: <telegram.vendor.ptb_urllib3.urllib3.connection.VerifiedHTTPSConnection object at 0x000002C1E71938D0>: Failed to establish a new connection: [Errno 11001] getaddrinfo failed

During handling of the above exception, another exception occurred:

Traceback (most recent call last):
  File "C:\Users\Win10 Pro\AppData\Roaming\Python\Python311\site-packages\telegram\utils\request.py", line 259, in _request_wrapper
    resp = self._con_pool.request(*args, **kwargs)
           ^^^^^^^^^^^^^^^^^^^^^^^^^^^^^^^^^^^^^^^
  File "C:\Users\Win10 Pro\AppData\Roaming\Python\Python311\site-packages\telegram\vendor\ptb_urllib3\urllib3\request.py", line 68, in request
    return self.request_encode_body(method, url, fields=fields,
           ^^^^^^^^^^^^^^^^^^^^^^^^^^^^^^^^^^^^^^^^^^^^^^^^^^^^
  File "C:\Users\Win10 Pro\AppData\Roaming\Python\Python311\site-packages\telegram\vendor\ptb_urllib3\urllib3\request.py", line 148, in request_encode_body
    return self.urlopen(method, url, **extra_kw)
           ^^^^^^^^^^^^^^^^^^^^^^^^^^^^^^^^^^^^^
  File "C:\Users\Win10 Pro\AppData\Roaming\Python\Python311\site-packages\telegram\vendor\ptb_urllib3\urllib3\poolmanager.py", line 244, in urlopen
    response = conn.urlopen(method, u.request_uri, **kw)
               ^^^^^^^^^^^^^^^^^^^^^^^^^^^^^^^^^^^^^^^^^
  File "C:\Users\Win10 Pro\AppData\Roaming\Python\Python311\site-packages\telegram\vendor\ptb_urllib3\urllib3\connectionpool.py", line 691, in urlopen
    return self.urlopen(method, url, body, headers, retries,
           ^^^^^^^^^^^^^^^^^^^^^^^^^^^^^^^^^^^^^^^^^^^^^^^^^
  File "C:\Users\Win10 Pro\AppData\Roaming\Python\Python311\site-packages\telegram\vendor\ptb_urllib3\urllib3\connectionpool.py", line 691, in urlopen
    return self.urlopen(method, url, body, headers, retries,
           ^^^^^^^^^^^^^^^^^^^^^^^^^^^^^^^^^^^^^^^^^^^^^^^^^
  File "C:\Users\Win10 Pro\AppData\Roaming\Python\Python311\site-packages\telegram\vendor\ptb_urllib3\urllib3\connectionpool.py", line 691, in urlopen
    return self.urlopen(method, url, body, headers, retries,
           ^^^^^^^^^^^^^^^^^^^^^^^^^^^^^^^^^^^^^^^^^^^^^^^^^
  File "C:\Users\Win10 Pro\AppData\Roaming\Python\Python311\site-packages\telegram\vendor\ptb_urllib3\urllib3\connectionpool.py", line 665, in urlopen
    retries = retries.increment(method, url, error=e, _pool=self,
              ^^^^^^^^^^^^^^^^^^^^^^^^^^^^^^^^^^^^^^^^^^^^^^^^^^^
  File "C:\Users\Win10 Pro\AppData\Roaming\Python\Python311\site-packages\telegram\vendor\ptb_urllib3\urllib3\util\retry.py", line 376, in increment
    raise MaxRetryError(_pool, url, error or ResponseError(cause))
telegram.vendor.ptb_urllib3.urllib3.exceptions.MaxRetryError: HTTPSConnectionPool(host='api.telegram.org', port=443): Max retries exceeded with url: /bot8383643986:AAFVI4MDb2zjy7DT9lsI3x6rn2UOyd-biPQ/getUpdates (Caused by NewConnectionError('<telegram.vendor.ptb_urllib3.urllib3.connection.VerifiedHTTPSConnection object at 0x000002C1E71938D0>: Failed to establish a new connection: [Errno 11001] getaddrinfo failed'))

The above exception was the direct cause of the following exception:

Traceback (most recent call last):
  File "C:\smyards_bot\bot_final_fixed.py", line 3221, in error_handler
    raise context.error
  File "C:\Users\Win10 Pro\AppData\Roaming\Python\Python311\site-packages\telegram\ext\updater.py", line 651, in _network_loop_retry
    if not action_cb():
           ^^^^^^^^^^^
  File "C:\Users\Win10 Pro\AppData\Roaming\Python\Python311\site-packages\telegram\ext\updater.py", line 602, in polling_action_cb
    updates = self.bot.get_updates(
              ^^^^^^^^^^^^^^^^^^^^^
  File "C:\Users\Win10 Pro\AppData\Roaming\Python\Python311\site-packages\telegram\ext\extbot.py", line 228, in get_updates
    updates = super().get_updates(
              ^^^^^^^^^^^^^^^^^^^^
  File "C:\Users\Win10 Pro\AppData\Roaming\Python\Python311\site-packages\telegram\bot.py", line 134, in decorator
    result = func(*args, **kwargs)
             ^^^^^^^^^^^^^^^^^^^^^
  File "C:\Users\Win10 Pro\AppData\Roaming\Python\Python311\site-packages\telegram\bot.py", line 3140, in get_updates
    self._post(
  File "C:\Users\Win10 Pro\AppData\Roaming\Python\Python311\site-packages\telegram\bot.py", line 299, in _post
    return self.request.post(
           ^^^^^^^^^^^^^^^^^^
  File "C:\Users\Win10 Pro\AppData\Roaming\Python\Python311\site-packages\telegram\utils\request.py", line 361, in post
    result = self._request_wrapper(
             ^^^^^^^^^^^^^^^^^^^^^^
  File "C:\Users\Win10 Pro\AppData\Roaming\Python\Python311\site-packages\telegram\utils\request.py", line 265, in _request_wrapper
    raise NetworkError(f'urllib3 HTTPError {error}') from error
telegram.error.NetworkError: urllib3 HTTPError HTTPSConnectionPool(host='api.telegram.org', port=443): Max retries exceeded with url: /bot8383643986:AAFVI4MDb2zjy7DT9lsI3x6rn2UOyd-biPQ/getUpdates (Caused by NewConnectionError('<telegram.vendor.ptb_urllib3.urllib3.connection.VerifiedHTTPSConnection object at 0x000002C1E71938D0>: Failed to establish a new connection: [Errno 11001] getaddrinfo failed'))

2026-01-01 21:46:23,175 - __main__ - ERROR - Update "None" caused error "urllib3 HTTPError HTTPSConnectionPool(host='api.telegram.org', port=443): Max retries exceeded with url: /bot8383643986:AAFVI4MDb2zjy7DT9lsI3x6rn2UOyd-biPQ/getUpdates (Caused by NewConnectionError('<telegram.vendor.ptb_urllib3.urllib3.connection.VerifiedHTTPSConnection object at 0x000002C1E71835D0>: Failed to establish a new connection: [Errno 11001] getaddrinfo failed'))"
2026-01-01 21:46:23,191 - __main__ - ERROR - Full error: Traceback (most recent call last):
  File "C:\Users\Win10 Pro\AppData\Roaming\Python\Python311\site-packages\telegram\vendor\ptb_urllib3\urllib3\connection.py", line 140, in _new_conn
    conn = connection.create_connection(
           ^^^^^^^^^^^^^^^^^^^^^^^^^^^^^
  File "C:\Users\Win10 Pro\AppData\Roaming\Python\Python311\site-packages\telegram\vendor\ptb_urllib3\urllib3\util\connection.py", line 60, in create_connection
    for res in socket.getaddrinfo(host, port, family, socket.SOCK_STREAM):
               ^^^^^^^^^^^^^^^^^^^^^^^^^^^^^^^^^^^^^^^^^^^^^^^^^^^^^^^^^^
  File "C:\Program Files\Python311\Lib\socket.py", line 961, in getaddrinfo
    for res in _socket.getaddrinfo(host, port, family, type, proto, flags):
               ^^^^^^^^^^^^^^^^^^^^^^^^^^^^^^^^^^^^^^^^^^^^^^^^^^^^^^^^^^^
socket.gaierror: [Errno 11001] getaddrinfo failed

During handling of the above exception, another exception occurred:

Traceback (most recent call last):
  File "C:\Users\Win10 Pro\AppData\Roaming\Python\Python311\site-packages\telegram\vendor\ptb_urllib3\urllib3\connectionpool.py", line 614, in urlopen
    httplib_response = self._make_request(conn, method, url,
                       ^^^^^^^^^^^^^^^^^^^^^^^^^^^^^^^^^^^^^
  File "C:\Users\Win10 Pro\AppData\Roaming\Python\Python311\site-packages\telegram\vendor\ptb_urllib3\urllib3\connectionpool.py", line 360, in _make_request
    self._validate_conn(conn)
  File "C:\Users\Win10 Pro\AppData\Roaming\Python\Python311\site-packages\telegram\vendor\ptb_urllib3\urllib3\connectionpool.py", line 857, in _validate_conn
    super(HTTPSConnectionPool, self)._validate_conn(conn)
  File "C:\Users\Win10 Pro\AppData\Roaming\Python\Python311\site-packages\telegram\vendor\ptb_urllib3\urllib3\connectionpool.py", line 289, in _validate_conn
    conn.connect()
  File "C:\Users\Win10 Pro\AppData\Roaming\Python\Python311\site-packages\telegram\vendor\ptb_urllib3\urllib3\connection.py", line 284, in connect
    conn = self._new_conn()
           ^^^^^^^^^^^^^^^^
  File "C:\Users\Win10 Pro\AppData\Roaming\Python\Python311\site-packages\telegram\vendor\ptb_urllib3\urllib3\connection.py", line 149, in _new_conn
    raise NewConnectionError(
telegram.vendor.ptb_urllib3.urllib3.exceptions.NewConnectionError: <telegram.vendor.ptb_urllib3.urllib3.connection.VerifiedHTTPSConnection object at 0x000002C1E71835D0>: Failed to establish a new connection: [Errno 11001] getaddrinfo failed

During handling of the above exception, another exception occurred:

Traceback (most recent call last):
  File "C:\Users\Win10 Pro\AppData\Roaming\Python\Python311\site-packages\telegram\utils\request.py", line 259, in _request_wrapper
    resp = self._con_pool.request(*args, **kwargs)
           ^^^^^^^^^^^^^^^^^^^^^^^^^^^^^^^^^^^^^^^
  File "C:\Users\Win10 Pro\AppData\Roaming\Python\Python311\site-packages\telegram\vendor\ptb_urllib3\urllib3\request.py", line 68, in request
    return self.request_encode_body(method, url, fields=fields,
           ^^^^^^^^^^^^^^^^^^^^^^^^^^^^^^^^^^^^^^^^^^^^^^^^^^^^
  File "C:\Users\Win10 Pro\AppData\Roaming\Python\Python311\site-packages\telegram\vendor\ptb_urllib3\urllib3\request.py", line 148, in request_encode_body
    return self.urlopen(method, url, **extra_kw)
           ^^^^^^^^^^^^^^^^^^^^^^^^^^^^^^^^^^^^^
  File "C:\Users\Win10 Pro\AppData\Roaming\Python\Python311\site-packages\telegram\vendor\ptb_urllib3\urllib3\poolmanager.py", line 244, in urlopen
    response = conn.urlopen(method, u.request_uri, **kw)
               ^^^^^^^^^^^^^^^^^^^^^^^^^^^^^^^^^^^^^^^^^
  File "C:\Users\Win10 Pro\AppData\Roaming\Python\Python311\site-packages\telegram\vendor\ptb_urllib3\urllib3\connectionpool.py", line 691, in urlopen
    return self.urlopen(method, url, body, headers, retries,
           ^^^^^^^^^^^^^^^^^^^^^^^^^^^^^^^^^^^^^^^^^^^^^^^^^
  File "C:\Users\Win10 Pro\AppData\Roaming\Python\Python311\site-packages\telegram\vendor\ptb_urllib3\urllib3\connectionpool.py", line 691, in urlopen
    return self.urlopen(method, url, body, headers, retries,
           ^^^^^^^^^^^^^^^^^^^^^^^^^^^^^^^^^^^^^^^^^^^^^^^^^
  File "C:\Users\Win10 Pro\AppData\Roaming\Python\Python311\site-packages\telegram\vendor\ptb_urllib3\urllib3\connectionpool.py", line 691, in urlopen
    return self.urlopen(method, url, body, headers, retries,
           ^^^^^^^^^^^^^^^^^^^^^^^^^^^^^^^^^^^^^^^^^^^^^^^^^
  File "C:\Users\Win10 Pro\AppData\Roaming\Python\Python311\site-packages\telegram\vendor\ptb_urllib3\urllib3\connectionpool.py", line 665, in urlopen
    retries = retries.increment(method, url, error=e, _pool=self,
              ^^^^^^^^^^^^^^^^^^^^^^^^^^^^^^^^^^^^^^^^^^^^^^^^^^^
  File "C:\Users\Win10 Pro\AppData\Roaming\Python\Python311\site-packages\telegram\vendor\ptb_urllib3\urllib3\util\retry.py", line 376, in increment
    raise MaxRetryError(_pool, url, error or ResponseError(cause))
telegram.vendor.ptb_urllib3.urllib3.exceptions.MaxRetryError: HTTPSConnectionPool(host='api.telegram.org', port=443): Max retries exceeded with url: /bot8383643986:AAFVI4MDb2zjy7DT9lsI3x6rn2UOyd-biPQ/getUpdates (Caused by NewConnectionError('<telegram.vendor.ptb_urllib3.urllib3.connection.VerifiedHTTPSConnection object at 0x000002C1E71835D0>: Failed to establish a new connection: [Errno 11001] getaddrinfo failed'))

The above exception was the direct cause of the following exception:

Traceback (most recent call last):
  File "C:\smyards_bot\bot_final_fixed.py", line 3221, in error_handler
    raise context.error
  File "C:\Users\Win10 Pro\AppData\Roaming\Python\Python311\site-packages\telegram\ext\updater.py", line 651, in _network_loop_retry
    if not action_cb():
           ^^^^^^^^^^^
  File "C:\Users\Win10 Pro\AppData\Roaming\Python\Python311\site-packages\telegram\ext\updater.py", line 602, in polling_action_cb
    updates = self.bot.get_updates(
              ^^^^^^^^^^^^^^^^^^^^^
  File "C:\Users\Win10 Pro\AppData\Roaming\Python\Python311\site-packages\telegram\ext\extbot.py", line 228, in get_updates
    updates = super().get_updates(
              ^^^^^^^^^^^^^^^^^^^^
  File "C:\Users\Win10 Pro\AppData\Roaming\Python\Python311\site-packages\telegram\bot.py", line 134, in decorator
    result = func(*args, **kwargs)
             ^^^^^^^^^^^^^^^^^^^^^
  File "C:\Users\Win10 Pro\AppData\Roaming\Python\Python311\site-packages\telegram\bot.py", line 3140, in get_updates
    self._post(
  File "C:\Users\Win10 Pro\AppData\Roaming\Python\Python311\site-packages\telegram\bot.py", line 299, in _post
    return self.request.post(
           ^^^^^^^^^^^^^^^^^^
  File "C:\Users\Win10 Pro\AppData\Roaming\Python\Python311\site-packages\telegram\utils\request.py", line 361, in post
    result = self._request_wrapper(
             ^^^^^^^^^^^^^^^^^^^^^^
  File "C:\Users\Win10 Pro\AppData\Roaming\Python\Python311\site-packages\telegram\utils\request.py", line 265, in _request_wrapper
    raise NetworkError(f'urllib3 HTTPError {error}') from error
telegram.error.NetworkError: urllib3 HTTPError HTTPSConnectionPool(host='api.telegram.org', port=443): Max retries exceeded with url: /bot8383643986:AAFVI4MDb2zjy7DT9lsI3x6rn2UOyd-biPQ/getUpdates (Caused by NewConnectionError('<telegram.vendor.ptb_urllib3.urllib3.connection.VerifiedHTTPSConnection object at 0x000002C1E71835D0>: Failed to establish a new connection: [Errno 11001] getaddrinfo failed'))

2026-01-01 22:32:01,814 - __main__ - INFO - ==================================================
2026-01-01 22:32:01,814 - __main__ - INFO - ✅ SMYARDS BOT STARTED
2026-01-01 22:32:01,814 - __main__ - INFO - 📢 Main Channel: @smyard
2026-01-01 22:32:01,814 - __main__ - INFO - 📋 Stock Channel: -1002861193688
2026-01-01 22:32:01,814 - __main__ - INFO - ==================================================
2026-01-02 12:49:10,083 - __main__ - INFO - ==================================================
2026-01-02 12:49:10,083 - __main__ - INFO - ✅ SMYARDS BOT STARTED
2026-01-02 12:49:10,087 - __main__ - INFO - 📢 Main Channel: @smyard
2026-01-02 12:49:10,087 - __main__ - INFO - 📋 Stock Channel: -1002861193688
2026-01-02 12:49:10,087 - __main__ - INFO - ==================================================
2026-01-02 20:32:36,719 - __main__ - INFO - ==================================================
2026-01-02 20:32:36,719 - __main__ - INFO - ✅ SMYARDS BOT STARTED
2026-01-02 20:32:36,723 - __main__ - INFO - 📢 Main Channel: @smyard
2026-01-02 20:32:36,723 - __main__ - INFO - 📋 Stock Channel: -1002861193688
2026-01-02 20:32:36,723 - __main__ - INFO - ==================================================
2026-01-07 12:36:45,965 - __main__ - INFO - ==================================================
2026-01-07 12:36:45,966 - __main__ - INFO - ✅ SMYARDS BOT STARTED
2026-01-07 12:36:45,970 - __main__ - INFO - 📢 Main Channel: @smyard
2026-01-07 12:36:45,970 - __main__ - INFO - 📋 Stock Channel: -1002861193688
2026-01-07 12:36:45,970 - __main__ - INFO - ==================================================
2026-01-07 13:18:12,918 - __main__ - ERROR - Update "{'callback_query': {'id': '7801445507344917794', 'chat_instance': '-5618144387400638214', 'message': {'group_chat_created': False, 'text': '👋 Welcome to SMYARDS Marketplace!\n\n🛒 Buy Accounts Safely:\n• Browse available YouTube/TikTok/Instagram/Facebook accounts\n• Secure escrow protection\n• Verified sellers\n\n💰 Sell Your Accounts:\n• List your social media accounts\n• Reach serious buyers\n• Get paid securely\n\nChoose an option below:', 'photo': [], 'date': 1767782205, 'reply_markup': {'inline_keyboard': [[{'text': '🛍 Place an Order via escrow', 'callback_data': 'buyer_start'}], [{'text': '💰 Sell your account', 'callback_data': 'seller_start'}]]}, 'chat': {'id': 8258866522, 'type': 'private', 'first_name': 'luanwang'}, 'entities': [], 'new_chat_members': [], 'new_chat_photo': [], 'message_id': 1923, 'supergroup_chat_created': False, 'caption_entities': [], 'delete_chat_photo': False, 'channel_chat_created': False, 'from': {'id': 8383643986, 'is_bot': True, 'first_name': 'smyardsbot', 'username': 'smyardbot'}}, 'data': 'seller_start', 'from': {'id': 8258866522, 'is_bot': False, 'first_name': 'luanwang', 'language_code': 'en'}}, 'update_id': 814883912}" caused error "urllib3 HTTPError ('Connection aborted.', RemoteDisconnected('Remote end closed connection without response'))"
2026-01-07 13:18:13,066 - __main__ - ERROR - Full error: Traceback (most recent call last):
  File "C:\Users\Win10 Pro\AppData\Roaming\Python\Python311\site-packages\telegram\vendor\ptb_urllib3\urllib3\connectionpool.py", line 614, in urlopen
    httplib_response = self._make_request(conn, method, url,
                       ^^^^^^^^^^^^^^^^^^^^^^^^^^^^^^^^^^^^^
  File "C:\Users\Win10 Pro\AppData\Roaming\Python\Python311\site-packages\telegram\vendor\ptb_urllib3\urllib3\connectionpool.py", line 402, in _make_request
    six.raise_from(e, None)
  File "<string>", line 2, in raise_from
  File "C:\Users\Win10 Pro\AppData\Roaming\Python\Python311\site-packages\telegram\vendor\ptb_urllib3\urllib3\connectionpool.py", line 398, in _make_request
    httplib_response = conn.getresponse()
                       ^^^^^^^^^^^^^^^^^^
  File "C:\Program Files\Python311\Lib\http\client.py", line 1374, in getresponse
    response.begin()
  File "C:\Program Files\Python311\Lib\http\client.py", line 318, in begin
    version, status, reason = self._read_status()
                              ^^^^^^^^^^^^^^^^^^^
  File "C:\Program Files\Python311\Lib\http\client.py", line 287, in _read_status
    raise RemoteDisconnected("Remote end closed connection without"
http.client.RemoteDisconnected: Remote end closed connection without response

During handling of the above exception, another exception occurred:

Traceback (most recent call last):
  File "C:\Users\Win10 Pro\AppData\Roaming\Python\Python311\site-packages\telegram\utils\request.py", line 259, in _request_wrapper
    resp = self._con_pool.request(*args, **kwargs)
           ^^^^^^^^^^^^^^^^^^^^^^^^^^^^^^^^^^^^^^^
  File "C:\Users\Win10 Pro\AppData\Roaming\Python\Python311\site-packages\telegram\vendor\ptb_urllib3\urllib3\request.py", line 68, in request
    return self.request_encode_body(method, url, fields=fields,
           ^^^^^^^^^^^^^^^^^^^^^^^^^^^^^^^^^^^^^^^^^^^^^^^^^^^^
  File "C:\Users\Win10 Pro\AppData\Roaming\Python\Python311\site-packages\telegram\vendor\ptb_urllib3\urllib3\request.py", line 148, in request_encode_body
    return self.urlopen(method, url, **extra_kw)
           ^^^^^^^^^^^^^^^^^^^^^^^^^^^^^^^^^^^^^
  File "C:\Users\Win10 Pro\AppData\Roaming\Python\Python311\site-packages\telegram\vendor\ptb_urllib3\urllib3\poolmanager.py", line 244, in urlopen
    response = conn.urlopen(method, u.request_uri, **kw)
               ^^^^^^^^^^^^^^^^^^^^^^^^^^^^^^^^^^^^^^^^^
  File "C:\Users\Win10 Pro\AppData\Roaming\Python\Python311\site-packages\telegram\vendor\ptb_urllib3\urllib3\connectionpool.py", line 665, in urlopen
    retries = retries.increment(method, url, error=e, _pool=self,
              ^^^^^^^^^^^^^^^^^^^^^^^^^^^^^^^^^^^^^^^^^^^^^^^^^^^
  File "C:\Users\Win10 Pro\AppData\Roaming\Python\Python311\site-packages\telegram\vendor\ptb_urllib3\urllib3\util\retry.py", line 347, in increment
    raise six.reraise(type(error), error, _stacktrace)
          ^^^^^^^^^^^^^^^^^^^^^^^^^^^^^^^^^^^^^^^^^^^^
  File "C:\Users\Win10 Pro\AppData\Roaming\Python\Python311\site-packages\telegram\vendor\ptb_urllib3\urllib3\packages\six.py", line 685, in reraise
    raise value.with_traceback(tb)
  File "C:\Users\Win10 Pro\AppData\Roaming\Python\Python311\site-packages\telegram\vendor\ptb_urllib3\urllib3\connectionpool.py", line 614, in urlopen
    httplib_response = self._make_request(conn, method, url,
                       ^^^^^^^^^^^^^^^^^^^^^^^^^^^^^^^^^^^^^
  File "C:\Users\Win10 Pro\AppData\Roaming\Python\Python311\site-packages\telegram\vendor\ptb_urllib3\urllib3\connectionpool.py", line 402, in _make_request
    six.raise_from(e, None)
  File "<string>", line 2, in raise_from
  File "C:\Users\Win10 Pro\AppData\Roaming\Python\Python311\site-packages\telegram\vendor\ptb_urllib3\urllib3\connectionpool.py", line 398, in _make_request
    httplib_response = conn.getresponse()
                       ^^^^^^^^^^^^^^^^^^
  File "C:\Program Files\Python311\Lib\http\client.py", line 1374, in getresponse
    response.begin()
  File "C:\Program Files\Python311\Lib\http\client.py", line 318, in begin
    version, status, reason = self._read_status()
                              ^^^^^^^^^^^^^^^^^^^
  File "C:\Program Files\Python311\Lib\http\client.py", line 287, in _read_status
    raise RemoteDisconnected("Remote end closed connection without"
telegram.vendor.ptb_urllib3.urllib3.exceptions.ProtocolError: ('Connection aborted.', RemoteDisconnected('Remote end closed connection without response'))

The above exception was the direct cause of the following exception:

Traceback (most recent call last):
  File "C:\smyards_bot\bot_final_fixed.py", line 3221, in error_handler
    raise context.error
  File "C:\Users\Win10 Pro\AppData\Roaming\Python\Python311\site-packages\telegram\ext\dispatcher.py", line 557, in process_update
    handler.handle_update(update, self, check, context)
  File "C:\Users\Win10 Pro\AppData\Roaming\Python\Python311\site-packages\telegram\ext\conversationhandler.py", line 627, in handle_update
    new_state = handler.handle_update(update, dispatcher, check_result, context)
                ^^^^^^^^^^^^^^^^^^^^^^^^^^^^^^^^^^^^^^^^^^^^^^^^^^^^^^^^^^^^^^^^
  File "C:\Users\Win10 Pro\AppData\Roaming\Python\Python311\site-packages\telegram\ext\handler.py", line 199, in handle_update
    return self.callback(update, context)
           ^^^^^^^^^^^^^^^^^^^^^^^^^^^^^^
  File "C:\smyards_bot\bot_final_fixed.py", line 3072, in customer_callback
    query.answer()
  File "C:\Users\Win10 Pro\AppData\Roaming\Python\Python311\site-packages\telegram\callbackquery.py", line 166, in answer
    return self.bot.answer_callback_query(
           ^^^^^^^^^^^^^^^^^^^^^^^^^^^^^^^
  File "C:\Users\Win10 Pro\AppData\Roaming\Python\Python311\site-packages\telegram\bot.py", line 134, in decorator
    result = func(*args, **kwargs)
             ^^^^^^^^^^^^^^^^^^^^^
  File "C:\Users\Win10 Pro\AppData\Roaming\Python\Python311\site-packages\telegram\bot.py", line 2793, in answer_callback_query
    result = self._post('answerCallbackQuery', data, timeout=timeout, api_kwargs=api_kwargs)
             ^^^^^^^^^^^^^^^^^^^^^^^^^^^^^^^^^^^^^^^^^^^^^^^^^^^^^^^^^^^^^^^^^^^^^^^^^^^^^^^
  File "C:\Users\Win10 Pro\AppData\Roaming\Python\Python311\site-packages\telegram\bot.py", line 299, in _post
    return self.request.post(
           ^^^^^^^^^^^^^^^^^^
  File "C:\Users\Win10 Pro\AppData\Roaming\Python\Python311\site-packages\telegram\utils\request.py", line 361, in post
    result = self._request_wrapper(
             ^^^^^^^^^^^^^^^^^^^^^^
  File "C:\Users\Win10 Pro\AppData\Roaming\Python\Python311\site-packages\telegram\utils\request.py", line 265, in _request_wrapper
    raise NetworkError(f'urllib3 HTTPError {error}') from error
telegram.error.NetworkError: urllib3 HTTPError ('Connection aborted.', RemoteDisconnected('Remote end closed connection without response'))

2026-01-07 13:18:28,352 - __main__ - INFO - Customer callback received: seller_start
2026-01-07 13:20:06,148 - __main__ - INFO - Customer callback received: seller_list_account
2026-01-07 13:20:11,686 - __main__ - INFO - Customer callback received: customer_platform_YouTube
2026-01-07 13:20:27,002 - __main__ - INFO - Customer callback received: customer_type_Aged Channel
2026-01-07 13:23:53,479 - __main__ - ERROR - Update "None" caused error "urllib3 HTTPError HTTPSConnectionPool(host='api.telegram.org', port=443): Max retries exceeded with url: /bot8383643986:AAFVI4MDb2zjy7DT9lsI3x6rn2UOyd-biPQ/getUpdates (Caused by NewConnectionError('<telegram.vendor.ptb_urllib3.urllib3.connection.VerifiedHTTPSConnection object at 0x000002090B5D96D0>: Failed to establish a new connection: [WinError 10051] A socket operation was attempted to an unreachable network'))"
2026-01-07 13:23:53,541 - __main__ - ERROR - Full error: Traceback (most recent call last):
  File "C:\Users\Win10 Pro\AppData\Roaming\Python\Python311\site-packages\telegram\vendor\ptb_urllib3\urllib3\connection.py", line 140, in _new_conn
    conn = connection.create_connection(
           ^^^^^^^^^^^^^^^^^^^^^^^^^^^^^
  File "C:\Users\Win10 Pro\AppData\Roaming\Python\Python311\site-packages\telegram\vendor\ptb_urllib3\urllib3\util\connection.py", line 83, in create_connection
    raise err
  File "C:\Users\Win10 Pro\AppData\Roaming\Python\Python311\site-packages\telegram\vendor\ptb_urllib3\urllib3\util\connection.py", line 73, in create_connection
    sock.connect(sa)
OSError: [WinError 10051] A socket operation was attempted to an unreachable network

During handling of the above exception, another exception occurred:

Traceback (most recent call last):
  File "C:\Users\Win10 Pro\AppData\Roaming\Python\Python311\site-packages\telegram\vendor\ptb_urllib3\urllib3\connectionpool.py", line 614, in urlopen
    httplib_response = self._make_request(conn, method, url,
                       ^^^^^^^^^^^^^^^^^^^^^^^^^^^^^^^^^^^^^
  File "C:\Users\Win10 Pro\AppData\Roaming\Python\Python311\site-packages\telegram\vendor\ptb_urllib3\urllib3\connectionpool.py", line 360, in _make_request
    self._validate_conn(conn)
  File "C:\Users\Win10 Pro\AppData\Roaming\Python\Python311\site-packages\telegram\vendor\ptb_urllib3\urllib3\connectionpool.py", line 857, in _validate_conn
    super(HTTPSConnectionPool, self)._validate_conn(conn)
  File "C:\Users\Win10 Pro\AppData\Roaming\Python\Python311\site-packages\telegram\vendor\ptb_urllib3\urllib3\connectionpool.py", line 289, in _validate_conn
    conn.connect()
  File "C:\Users\Win10 Pro\AppData\Roaming\Python\Python311\site-packages\telegram\vendor\ptb_urllib3\urllib3\connection.py", line 284, in connect
    conn = self._new_conn()
           ^^^^^^^^^^^^^^^^
  File "C:\Users\Win10 Pro\AppData\Roaming\Python\Python311\site-packages\telegram\vendor\ptb_urllib3\urllib3\connection.py", line 149, in _new_conn
    raise NewConnectionError(
telegram.vendor.ptb_urllib3.urllib3.exceptions.NewConnectionError: <telegram.vendor.ptb_urllib3.urllib3.connection.VerifiedHTTPSConnection object at 0x000002090B5D96D0>: Failed to establish a new connection: [WinError 10051] A socket operation was attempted to an unreachable network

During handling of the above exception, another exception occurred:

Traceback (most recent call last):
  File "C:\Users\Win10 Pro\AppData\Roaming\Python\Python311\site-packages\telegram\utils\request.py", line 259, in _request_wrapper
    resp = self._con_pool.request(*args, **kwargs)
           ^^^^^^^^^^^^^^^^^^^^^^^^^^^^^^^^^^^^^^^
  File "C:\Users\Win10 Pro\AppData\Roaming\Python\Python311\site-packages\telegram\vendor\ptb_urllib3\urllib3\request.py", line 68, in request
    return self.request_encode_body(method, url, fields=fields,
           ^^^^^^^^^^^^^^^^^^^^^^^^^^^^^^^^^^^^^^^^^^^^^^^^^^^^
  File "C:\Users\Win10 Pro\AppData\Roaming\Python\Python311\site-packages\telegram\vendor\ptb_urllib3\urllib3\request.py", line 148, in request_encode_body
    return self.urlopen(method, url, **extra_kw)
           ^^^^^^^^^^^^^^^^^^^^^^^^^^^^^^^^^^^^^
  File "C:\Users\Win10 Pro\AppData\Roaming\Python\Python311\site-packages\telegram\vendor\ptb_urllib3\urllib3\poolmanager.py", line 244, in urlopen
    response = conn.urlopen(method, u.request_uri, **kw)
               ^^^^^^^^^^^^^^^^^^^^^^^^^^^^^^^^^^^^^^^^^
  File "C:\Users\Win10 Pro\AppData\Roaming\Python\Python311\site-packages\telegram\vendor\ptb_urllib3\urllib3\connectionpool.py", line 691, in urlopen
    return self.urlopen(method, url, body, headers, retries,
           ^^^^^^^^^^^^^^^^^^^^^^^^^^^^^^^^^^^^^^^^^^^^^^^^^
  File "C:\Users\Win10 Pro\AppData\Roaming\Python\Python311\site-packages\telegram\vendor\ptb_urllib3\urllib3\connectionpool.py", line 691, in urlopen
    return self.urlopen(method, url, body, headers, retries,
           ^^^^^^^^^^^^^^^^^^^^^^^^^^^^^^^^^^^^^^^^^^^^^^^^^
  File "C:\Users\Win10 Pro\AppData\Roaming\Python\Python311\site-packages\telegram\vendor\ptb_urllib3\urllib3\connectionpool.py", line 691, in urlopen
    return self.urlopen(method, url, body, headers, retries,
           ^^^^^^^^^^^^^^^^^^^^^^^^^^^^^^^^^^^^^^^^^^^^^^^^^
  File "C:\Users\Win10 Pro\AppData\Roaming\Python\Python311\site-packages\telegram\vendor\ptb_urllib3\urllib3\connectionpool.py", line 665, in urlopen
    retries = retries.increment(method, url, error=e, _pool=self,
              ^^^^^^^^^^^^^^^^^^^^^^^^^^^^^^^^^^^^^^^^^^^^^^^^^^^
  File "C:\Users\Win10 Pro\AppData\Roaming\Python\Python311\site-packages\telegram\vendor\ptb_urllib3\urllib3\util\retry.py", line 376, in increment
    raise MaxRetryError(_pool, url, error or ResponseError(cause))
telegram.vendor.ptb_urllib3.urllib3.exceptions.MaxRetryError: HTTPSConnectionPool(host='api.telegram.org', port=443): Max retries exceeded with url: /bot8383643986:AAFVI4MDb2zjy7DT9lsI3x6rn2UOyd-biPQ/getUpdates (Caused by NewConnectionError('<telegram.vendor.ptb_urllib3.urllib3.connection.VerifiedHTTPSConnection object at 0x000002090B5D96D0>: Failed to establish a new connection: [WinError 10051] A socket operation was attempted to an unreachable network'))

The above exception was the direct cause of the following exception:

Traceback (most recent call last):
  File "C:\smyards_bot\bot_final_fixed.py", line 3221, in error_handler
    raise context.error
  File "C:\Users\Win10 Pro\AppData\Roaming\Python\Python311\site-packages\telegram\ext\updater.py", line 651, in _network_loop_retry
    if not action_cb():
           ^^^^^^^^^^^
  File "C:\Users\Win10 Pro\AppData\Roaming\Python\Python311\site-packages\telegram\ext\updater.py", line 602, in polling_action_cb
    updates = self.bot.get_updates(
              ^^^^^^^^^^^^^^^^^^^^^
  File "C:\Users\Win10 Pro\AppData\Roaming\Python\Python311\site-packages\telegram\ext\extbot.py", line 228, in get_updates
    updates = super().get_updates(
              ^^^^^^^^^^^^^^^^^^^^
  File "C:\Users\Win10 Pro\AppData\Roaming\Python\Python311\site-packages\telegram\bot.py", line 134, in decorator
    result = func(*args, **kwargs)
             ^^^^^^^^^^^^^^^^^^^^^
  File "C:\Users\Win10 Pro\AppData\Roaming\Python\Python311\site-packages\telegram\bot.py", line 3140, in get_updates
    self._post(
  File "C:\Users\Win10 Pro\AppData\Roaming\Python\Python311\site-packages\telegram\bot.py", line 299, in _post
    return self.request.post(
           ^^^^^^^^^^^^^^^^^^
  File "C:\Users\Win10 Pro\AppData\Roaming\Python\Python311\site-packages\telegram\utils\request.py", line 361, in post
    result = self._request_wrapper(
             ^^^^^^^^^^^^^^^^^^^^^^
  File "C:\Users\Win10 Pro\AppData\Roaming\Python\Python311\site-packages\telegram\utils\request.py", line 265, in _request_wrapper
    raise NetworkError(f'urllib3 HTTPError {error}') from error
telegram.error.NetworkError: urllib3 HTTPError HTTPSConnectionPool(host='api.telegram.org', port=443): Max retries exceeded with url: /bot8383643986:AAFVI4MDb2zjy7DT9lsI3x6rn2UOyd-biPQ/getUpdates (Caused by NewConnectionError('<telegram.vendor.ptb_urllib3.urllib3.connection.VerifiedHTTPSConnection object at 0x000002090B5D96D0>: Failed to establish a new connection: [WinError 10051] A socket operation was attempted to an unreachable network'))

2026-01-07 13:47:05,208 - __main__ - ERROR - Update "None" caused error "urllib3 HTTPError HTTPSConnectionPool(host='api.telegram.org', port=443): Max retries exceeded with url: /bot8383643986:AAFVI4MDb2zjy7DT9lsI3x6rn2UOyd-biPQ/getUpdates (Caused by NewConnectionError('<telegram.vendor.ptb_urllib3.urllib3.connection.VerifiedHTTPSConnection object at 0x000002090B60BDD0>: Failed to establish a new connection: [WinError 10051] A socket operation was attempted to an unreachable network'))"
2026-01-07 13:47:05,208 - __main__ - ERROR - Full error: Traceback (most recent call last):
  File "C:\Users\Win10 Pro\AppData\Roaming\Python\Python311\site-packages\telegram\vendor\ptb_urllib3\urllib3\connection.py", line 140, in _new_conn
    conn = connection.create_connection(
           ^^^^^^^^^^^^^^^^^^^^^^^^^^^^^
  File "C:\Users\Win10 Pro\AppData\Roaming\Python\Python311\site-packages\telegram\vendor\ptb_urllib3\urllib3\util\connection.py", line 83, in create_connection
    raise err
  File "C:\Users\Win10 Pro\AppData\Roaming\Python\Python311\site-packages\telegram\vendor\ptb_urllib3\urllib3\util\connection.py", line 73, in create_connection
    sock.connect(sa)
OSError: [WinError 10051] A socket operation was attempted to an unreachable network

During handling of the above exception, another exception occurred:

Traceback (most recent call last):
  File "C:\Users\Win10 Pro\AppData\Roaming\Python\Python311\site-packages\telegram\vendor\ptb_urllib3\urllib3\connectionpool.py", line 614, in urlopen
    httplib_response = self._make_request(conn, method, url,
                       ^^^^^^^^^^^^^^^^^^^^^^^^^^^^^^^^^^^^^
  File "C:\Users\Win10 Pro\AppData\Roaming\Python\Python311\site-packages\telegram\vendor\ptb_urllib3\urllib3\connectionpool.py", line 360, in _make_request
    self._validate_conn(conn)
  File "C:\Users\Win10 Pro\AppData\Roaming\Python\Python311\site-packages\telegram\vendor\ptb_urllib3\urllib3\connectionpool.py", line 857, in _validate_conn
    super(HTTPSConnectionPool, self)._validate_conn(conn)
  File "C:\Users\Win10 Pro\AppData\Roaming\Python\Python311\site-packages\telegram\vendor\ptb_urllib3\urllib3\connectionpool.py", line 289, in _validate_conn
    conn.connect()
  File "C:\Users\Win10 Pro\AppData\Roaming\Python\Python311\site-packages\telegram\vendor\ptb_urllib3\urllib3\connection.py", line 284, in connect
    conn = self._new_conn()
           ^^^^^^^^^^^^^^^^
  File "C:\Users\Win10 Pro\AppData\Roaming\Python\Python311\site-packages\telegram\vendor\ptb_urllib3\urllib3\connection.py", line 149, in _new_conn
    raise NewConnectionError(
telegram.vendor.ptb_urllib3.urllib3.exceptions.NewConnectionError: <telegram.vendor.ptb_urllib3.urllib3.connection.VerifiedHTTPSConnection object at 0x000002090B60BDD0>: Failed to establish a new connection: [WinError 10051] A socket operation was attempted to an unreachable network

During handling of the above exception, another exception occurred:

Traceback (most recent call last):
  File "C:\Users\Win10 Pro\AppData\Roaming\Python\Python311\site-packages\telegram\utils\request.py", line 259, in _request_wrapper
    resp = self._con_pool.request(*args, **kwargs)
           ^^^^^^^^^^^^^^^^^^^^^^^^^^^^^^^^^^^^^^^
  File "C:\Users\Win10 Pro\AppData\Roaming\Python\Python311\site-packages\telegram\vendor\ptb_urllib3\urllib3\request.py", line 68, in request
    return self.request_encode_body(method, url, fields=fields,
           ^^^^^^^^^^^^^^^^^^^^^^^^^^^^^^^^^^^^^^^^^^^^^^^^^^^^
  File "C:\Users\Win10 Pro\AppData\Roaming\Python\Python311\site-packages\telegram\vendor\ptb_urllib3\urllib3\request.py", line 148, in request_encode_body
    return self.urlopen(method, url, **extra_kw)
           ^^^^^^^^^^^^^^^^^^^^^^^^^^^^^^^^^^^^^
  File "C:\Users\Win10 Pro\AppData\Roaming\Python\Python311\site-packages\telegram\vendor\ptb_urllib3\urllib3\poolmanager.py", line 244, in urlopen
    response = conn.urlopen(method, u.request_uri, **kw)
               ^^^^^^^^^^^^^^^^^^^^^^^^^^^^^^^^^^^^^^^^^
  File "C:\Users\Win10 Pro\AppData\Roaming\Python\Python311\site-packages\telegram\vendor\ptb_urllib3\urllib3\connectionpool.py", line 691, in urlopen
    return self.urlopen(method, url, body, headers, retries,
           ^^^^^^^^^^^^^^^^^^^^^^^^^^^^^^^^^^^^^^^^^^^^^^^^^
  File "C:\Users\Win10 Pro\AppData\Roaming\Python\Python311\site-packages\telegram\vendor\ptb_urllib3\urllib3\connectionpool.py", line 691, in urlopen
    return self.urlopen(method, url, body, headers, retries,
           ^^^^^^^^^^^^^^^^^^^^^^^^^^^^^^^^^^^^^^^^^^^^^^^^^
  File "C:\Users\Win10 Pro\AppData\Roaming\Python\Python311\site-packages\telegram\vendor\ptb_urllib3\urllib3\connectionpool.py", line 691, in urlopen
    return self.urlopen(method, url, body, headers, retries,
           ^^^^^^^^^^^^^^^^^^^^^^^^^^^^^^^^^^^^^^^^^^^^^^^^^
  File "C:\Users\Win10 Pro\AppData\Roaming\Python\Python311\site-packages\telegram\vendor\ptb_urllib3\urllib3\connectionpool.py", line 665, in urlopen
    retries = retries.increment(method, url, error=e, _pool=self,
              ^^^^^^^^^^^^^^^^^^^^^^^^^^^^^^^^^^^^^^^^^^^^^^^^^^^
  File "C:\Users\Win10 Pro\AppData\Roaming\Python\Python311\site-packages\telegram\vendor\ptb_urllib3\urllib3\util\retry.py", line 376, in increment
    raise MaxRetryError(_pool, url, error or ResponseError(cause))
telegram.vendor.ptb_urllib3.urllib3.exceptions.MaxRetryError: HTTPSConnectionPool(host='api.telegram.org', port=443): Max retries exceeded with url: /bot8383643986:AAFVI4MDb2zjy7DT9lsI3x6rn2UOyd-biPQ/getUpdates (Caused by NewConnectionError('<telegram.vendor.ptb_urllib3.urllib3.connection.VerifiedHTTPSConnection object at 0x000002090B60BDD0>: Failed to establish a new connection: [WinError 10051] A socket operation was attempted to an unreachable network'))

The above exception was the direct cause of the following exception:

Traceback (most recent call last):
  File "C:\smyards_bot\bot_final_fixed.py", line 3221, in error_handler
    raise context.error
  File "C:\Users\Win10 Pro\AppData\Roaming\Python\Python311\site-packages\telegram\ext\updater.py", line 651, in _network_loop_retry
    if not action_cb():
           ^^^^^^^^^^^
  File "C:\Users\Win10 Pro\AppData\Roaming\Python\Python311\site-packages\telegram\ext\updater.py", line 602, in polling_action_cb
    updates = self.bot.get_updates(
              ^^^^^^^^^^^^^^^^^^^^^
  File "C:\Users\Win10 Pro\AppData\Roaming\Python\Python311\site-packages\telegram\ext\extbot.py", line 228, in get_updates
    updates = super().get_updates(
              ^^^^^^^^^^^^^^^^^^^^
  File "C:\Users\Win10 Pro\AppData\Roaming\Python\Python311\site-packages\telegram\bot.py", line 134, in decorator
    result = func(*args, **kwargs)
             ^^^^^^^^^^^^^^^^^^^^^
  File "C:\Users\Win10 Pro\AppData\Roaming\Python\Python311\site-packages\telegram\bot.py", line 3140, in get_updates
    self._post(
  File "C:\Users\Win10 Pro\AppData\Roaming\Python\Python311\site-packages\telegram\bot.py", line 299, in _post
    return self.request.post(
           ^^^^^^^^^^^^^^^^^^
  File "C:\Users\Win10 Pro\AppData\Roaming\Python\Python311\site-packages\telegram\utils\request.py", line 361, in post
    result = self._request_wrapper(
             ^^^^^^^^^^^^^^^^^^^^^^
  File "C:\Users\Win10 Pro\AppData\Roaming\Python\Python311\site-packages\telegram\utils\request.py", line 265, in _request_wrapper
    raise NetworkError(f'urllib3 HTTPError {error}') from error
telegram.error.NetworkError: urllib3 HTTPError HTTPSConnectionPool(host='api.telegram.org', port=443): Max retries exceeded with url: /bot8383643986:AAFVI4MDb2zjy7DT9lsI3x6rn2UOyd-biPQ/getUpdates (Caused by NewConnectionError('<telegram.vendor.ptb_urllib3.urllib3.connection.VerifiedHTTPSConnection object at 0x000002090B60BDD0>: Failed to establish a new connection: [WinError 10051] A socket operation was attempted to an unreachable network'))

2026-01-07 13:47:26,578 - __main__ - ERROR - Update "None" caused error "urllib3 HTTPError HTTPSConnectionPool(host='api.telegram.org', port=443): Max retries exceeded with url: /bot8383643986:AAFVI4MDb2zjy7DT9lsI3x6rn2UOyd-biPQ/getUpdates (Caused by ConnectTimeoutError(<telegram.vendor.ptb_urllib3.urllib3.connectionpool.HTTPSConnectionPool object at 0x000002090B399590>, 'Connect timed out. (connect timeout=5.0)'))"
2026-01-07 13:47:26,625 - __main__ - ERROR - Full error: Traceback (most recent call last):
  File "C:\Users\Win10 Pro\AppData\Roaming\Python\Python311\site-packages\telegram\vendor\ptb_urllib3\urllib3\connectionpool.py", line 360, in _make_request
    self._validate_conn(conn)
  File "C:\Users\Win10 Pro\AppData\Roaming\Python\Python311\site-packages\telegram\vendor\ptb_urllib3\urllib3\connectionpool.py", line 857, in _validate_conn
    super(HTTPSConnectionPool, self)._validate_conn(conn)
  File "C:\Users\Win10 Pro\AppData\Roaming\Python\Python311\site-packages\telegram\vendor\ptb_urllib3\urllib3\connectionpool.py", line 289, in _validate_conn
    conn.connect()
  File "C:\Users\Win10 Pro\AppData\Roaming\Python\Python311\site-packages\telegram\vendor\ptb_urllib3\urllib3\connection.py", line 319, in connect
    self.sock = ssl_wrap_socket(
                ^^^^^^^^^^^^^^^^
  File "C:\Users\Win10 Pro\AppData\Roaming\Python\Python311\site-packages\telegram\vendor\ptb_urllib3\urllib3\util\ssl_.py", line 324, in ssl_wrap_socket
    return context.wrap_socket(sock, server_hostname=server_hostname)
           ^^^^^^^^^^^^^^^^^^^^^^^^^^^^^^^^^^^^^^^^^^^^^^^^^^^^^^^^^^
  File "C:\Program Files\Python311\Lib\ssl.py", line 517, in wrap_socket
    return self.sslsocket_class._create(
           ^^^^^^^^^^^^^^^^^^^^^^^^^^^^^
  File "C:\Program Files\Python311\Lib\ssl.py", line 1075, in _create
    self.do_handshake()
  File "C:\Program Files\Python311\Lib\ssl.py", line 1346, in do_handshake
    self._sslobj.do_handshake()
TimeoutError: _ssl.c:975: The handshake operation timed out

During handling of the above exception, another exception occurred:

Traceback (most recent call last):
  File "C:\Users\Win10 Pro\AppData\Roaming\Python\Python311\site-packages\telegram\vendor\ptb_urllib3\urllib3\connectionpool.py", line 614, in urlopen
    httplib_response = self._make_request(conn, method, url,
                       ^^^^^^^^^^^^^^^^^^^^^^^^^^^^^^^^^^^^^
  File "C:\Users\Win10 Pro\AppData\Roaming\Python\Python311\site-packages\telegram\vendor\ptb_urllib3\urllib3\connectionpool.py", line 363, in _make_request
    self._raise_timeout(err=e, url=url, timeout_value=conn.timeout,
  File "C:\Users\Win10 Pro\AppData\Roaming\Python\Python311\site-packages\telegram\vendor\ptb_urllib3\urllib3\connectionpool.py", line 321, in _raise_timeout
    raise exc_cls(*args)
telegram.vendor.ptb_urllib3.urllib3.exceptions.ConnectTimeoutError: (<telegram.vendor.ptb_urllib3.urllib3.connectionpool.HTTPSConnectionPool object at 0x000002090B399590>, 'Connect timed out. (connect timeout=5.0)')

During handling of the above exception, another exception occurred:

Traceback (most recent call last):
  File "C:\Users\Win10 Pro\AppData\Roaming\Python\Python311\site-packages\telegram\utils\request.py", line 259, in _request_wrapper
    resp = self._con_pool.request(*args, **kwargs)
           ^^^^^^^^^^^^^^^^^^^^^^^^^^^^^^^^^^^^^^^
  File "C:\Users\Win10 Pro\AppData\Roaming\Python\Python311\site-packages\telegram\vendor\ptb_urllib3\urllib3\request.py", line 68, in request
    return self.request_encode_body(method, url, fields=fields,
           ^^^^^^^^^^^^^^^^^^^^^^^^^^^^^^^^^^^^^^^^^^^^^^^^^^^^
  File "C:\Users\Win10 Pro\AppData\Roaming\Python\Python311\site-packages\telegram\vendor\ptb_urllib3\urllib3\request.py", line 148, in request_encode_body
    return self.urlopen(method, url, **extra_kw)
           ^^^^^^^^^^^^^^^^^^^^^^^^^^^^^^^^^^^^^
  File "C:\Users\Win10 Pro\AppData\Roaming\Python\Python311\site-packages\telegram\vendor\ptb_urllib3\urllib3\poolmanager.py", line 244, in urlopen
    response = conn.urlopen(method, u.request_uri, **kw)
               ^^^^^^^^^^^^^^^^^^^^^^^^^^^^^^^^^^^^^^^^^
  File "C:\Users\Win10 Pro\AppData\Roaming\Python\Python311\site-packages\telegram\vendor\ptb_urllib3\urllib3\connectionpool.py", line 691, in urlopen
    return self.urlopen(method, url, body, headers, retries,
           ^^^^^^^^^^^^^^^^^^^^^^^^^^^^^^^^^^^^^^^^^^^^^^^^^
  File "C:\Users\Win10 Pro\AppData\Roaming\Python\Python311\site-packages\telegram\vendor\ptb_urllib3\urllib3\connectionpool.py", line 691, in urlopen
    return self.urlopen(method, url, body, headers, retries,
           ^^^^^^^^^^^^^^^^^^^^^^^^^^^^^^^^^^^^^^^^^^^^^^^^^
  File "C:\Users\Win10 Pro\AppData\Roaming\Python\Python311\site-packages\telegram\vendor\ptb_urllib3\urllib3\connectionpool.py", line 691, in urlopen
    return self.urlopen(method, url, body, headers, retries,
           ^^^^^^^^^^^^^^^^^^^^^^^^^^^^^^^^^^^^^^^^^^^^^^^^^
  File "C:\Users\Win10 Pro\AppData\Roaming\Python\Python311\site-packages\telegram\vendor\ptb_urllib3\urllib3\connectionpool.py", line 665, in urlopen
    retries = retries.increment(method, url, error=e, _pool=self,
              ^^^^^^^^^^^^^^^^^^^^^^^^^^^^^^^^^^^^^^^^^^^^^^^^^^^
  File "C:\Users\Win10 Pro\AppData\Roaming\Python\Python311\site-packages\telegram\vendor\ptb_urllib3\urllib3\util\retry.py", line 376, in increment
    raise MaxRetryError(_pool, url, error or ResponseError(cause))
telegram.vendor.ptb_urllib3.urllib3.exceptions.MaxRetryError: HTTPSConnectionPool(host='api.telegram.org', port=443): Max retries exceeded with url: /bot8383643986:AAFVI4MDb2zjy7DT9lsI3x6rn2UOyd-biPQ/getUpdates (Caused by ConnectTimeoutError(<telegram.vendor.ptb_urllib3.urllib3.connectionpool.HTTPSConnectionPool object at 0x000002090B399590>, 'Connect timed out. (connect timeout=5.0)'))

The above exception was the direct cause of the following exception:

Traceback (most recent call last):
  File "C:\smyards_bot\bot_final_fixed.py", line 3221, in error_handler
    raise context.error
  File "C:\Users\Win10 Pro\AppData\Roaming\Python\Python311\site-packages\telegram\ext\updater.py", line 651, in _network_loop_retry
    if not action_cb():
           ^^^^^^^^^^^
  File "C:\Users\Win10 Pro\AppData\Roaming\Python\Python311\site-packages\telegram\ext\updater.py", line 602, in polling_action_cb
    updates = self.bot.get_updates(
              ^^^^^^^^^^^^^^^^^^^^^
  File "C:\Users\Win10 Pro\AppData\Roaming\Python\Python311\site-packages\telegram\ext\extbot.py", line 228, in get_updates
    updates = super().get_updates(
              ^^^^^^^^^^^^^^^^^^^^
  File "C:\Users\Win10 Pro\AppData\Roaming\Python\Python311\site-packages\telegram\bot.py", line 134, in decorator
    result = func(*args, **kwargs)
             ^^^^^^^^^^^^^^^^^^^^^
  File "C:\Users\Win10 Pro\AppData\Roaming\Python\Python311\site-packages\telegram\bot.py", line 3140, in get_updates
    self._post(
  File "C:\Users\Win10 Pro\AppData\Roaming\Python\Python311\site-packages\telegram\bot.py", line 299, in _post
    return self.request.post(
           ^^^^^^^^^^^^^^^^^^
  File "C:\Users\Win10 Pro\AppData\Roaming\Python\Python311\site-packages\telegram\utils\request.py", line 361, in post
    result = self._request_wrapper(
             ^^^^^^^^^^^^^^^^^^^^^^
  File "C:\Users\Win10 Pro\AppData\Roaming\Python\Python311\site-packages\telegram\utils\request.py", line 265, in _request_wrapper
    raise NetworkError(f'urllib3 HTTPError {error}') from error
telegram.error.NetworkError: urllib3 HTTPError HTTPSConnectionPool(host='api.telegram.org', port=443): Max retries exceeded with url: /bot8383643986:AAFVI4MDb2zjy7DT9lsI3x6rn2UOyd-biPQ/getUpdates (Caused by ConnectTimeoutError(<telegram.vendor.ptb_urllib3.urllib3.connectionpool.HTTPSConnectionPool object at 0x000002090B399590>, 'Connect timed out. (connect timeout=5.0)'))

2026-01-07 13:51:56,377 - __main__ - ERROR - Update "None" caused error "urllib3 HTTPError HTTPSConnectionPool(host='api.telegram.org', port=443): Max retries exceeded with url: /bot8383643986:AAFVI4MDb2zjy7DT9lsI3x6rn2UOyd-biPQ/getUpdates (Caused by NewConnectionError('<telegram.vendor.ptb_urllib3.urllib3.connection.VerifiedHTTPSConnection object at 0x000002090B60B910>: Failed to establish a new connection: [WinError 10051] A socket operation was attempted to an unreachable network'))"
2026-01-07 13:51:56,377 - __main__ - ERROR - Full error: Traceback (most recent call last):
  File "C:\Users\Win10 Pro\AppData\Roaming\Python\Python311\site-packages\telegram\vendor\ptb_urllib3\urllib3\connection.py", line 140, in _new_conn
    conn = connection.create_connection(
           ^^^^^^^^^^^^^^^^^^^^^^^^^^^^^
  File "C:\Users\Win10 Pro\AppData\Roaming\Python\Python311\site-packages\telegram\vendor\ptb_urllib3\urllib3\util\connection.py", line 83, in create_connection
    raise err
  File "C:\Users\Win10 Pro\AppData\Roaming\Python\Python311\site-packages\telegram\vendor\ptb_urllib3\urllib3\util\connection.py", line 73, in create_connection
    sock.connect(sa)
OSError: [WinError 10051] A socket operation was attempted to an unreachable network

During handling of the above exception, another exception occurred:

Traceback (most recent call last):
  File "C:\Users\Win10 Pro\AppData\Roaming\Python\Python311\site-packages\telegram\vendor\ptb_urllib3\urllib3\connectionpool.py", line 614, in urlopen
    httplib_response = self._make_request(conn, method, url,
                       ^^^^^^^^^^^^^^^^^^^^^^^^^^^^^^^^^^^^^
  File "C:\Users\Win10 Pro\AppData\Roaming\Python\Python311\site-packages\telegram\vendor\ptb_urllib3\urllib3\connectionpool.py", line 360, in _make_request
    self._validate_conn(conn)
  File "C:\Users\Win10 Pro\AppData\Roaming\Python\Python311\site-packages\telegram\vendor\ptb_urllib3\urllib3\connectionpool.py", line 857, in _validate_conn
    super(HTTPSConnectionPool, self)._validate_conn(conn)
  File "C:\Users\Win10 Pro\AppData\Roaming\Python\Python311\site-packages\telegram\vendor\ptb_urllib3\urllib3\connectionpool.py", line 289, in _validate_conn
    conn.connect()
  File "C:\Users\Win10 Pro\AppData\Roaming\Python\Python311\site-packages\telegram\vendor\ptb_urllib3\urllib3\connection.py", line 284, in connect
    conn = self._new_conn()
           ^^^^^^^^^^^^^^^^
  File "C:\Users\Win10 Pro\AppData\Roaming\Python\Python311\site-packages\telegram\vendor\ptb_urllib3\urllib3\connection.py", line 149, in _new_conn
    raise NewConnectionError(
telegram.vendor.ptb_urllib3.urllib3.exceptions.NewConnectionError: <telegram.vendor.ptb_urllib3.urllib3.connection.VerifiedHTTPSConnection object at 0x000002090B60B910>: Failed to establish a new connection: [WinError 10051] A socket operation was attempted to an unreachable network

During handling of the above exception, another exception occurred:

Traceback (most recent call last):
  File "C:\Users\Win10 Pro\AppData\Roaming\Python\Python311\site-packages\telegram\utils\request.py", line 259, in _request_wrapper
    resp = self._con_pool.request(*args, **kwargs)
           ^^^^^^^^^^^^^^^^^^^^^^^^^^^^^^^^^^^^^^^
  File "C:\Users\Win10 Pro\AppData\Roaming\Python\Python311\site-packages\telegram\vendor\ptb_urllib3\urllib3\request.py", line 68, in request
    return self.request_encode_body(method, url, fields=fields,
           ^^^^^^^^^^^^^^^^^^^^^^^^^^^^^^^^^^^^^^^^^^^^^^^^^^^^
  File "C:\Users\Win10 Pro\AppData\Roaming\Python\Python311\site-packages\telegram\vendor\ptb_urllib3\urllib3\request.py", line 148, in request_encode_body
    return self.urlopen(method, url, **extra_kw)
           ^^^^^^^^^^^^^^^^^^^^^^^^^^^^^^^^^^^^^
  File "C:\Users\Win10 Pro\AppData\Roaming\Python\Python311\site-packages\telegram\vendor\ptb_urllib3\urllib3\poolmanager.py", line 244, in urlopen
    response = conn.urlopen(method, u.request_uri, **kw)
               ^^^^^^^^^^^^^^^^^^^^^^^^^^^^^^^^^^^^^^^^^
  File "C:\Users\Win10 Pro\AppData\Roaming\Python\Python311\site-packages\telegram\vendor\ptb_urllib3\urllib3\connectionpool.py", line 691, in urlopen
    return self.urlopen(method, url, body, headers, retries,
           ^^^^^^^^^^^^^^^^^^^^^^^^^^^^^^^^^^^^^^^^^^^^^^^^^
  File "C:\Users\Win10 Pro\AppData\Roaming\Python\Python311\site-packages\telegram\vendor\ptb_urllib3\urllib3\connectionpool.py", line 691, in urlopen
    return self.urlopen(method, url, body, headers, retries,
           ^^^^^^^^^^^^^^^^^^^^^^^^^^^^^^^^^^^^^^^^^^^^^^^^^
  File "C:\Users\Win10 Pro\AppData\Roaming\Python\Python311\site-packages\telegram\vendor\ptb_urllib3\urllib3\connectionpool.py", line 691, in urlopen
    return self.urlopen(method, url, body, headers, retries,
           ^^^^^^^^^^^^^^^^^^^^^^^^^^^^^^^^^^^^^^^^^^^^^^^^^
  File "C:\Users\Win10 Pro\AppData\Roaming\Python\Python311\site-packages\telegram\vendor\ptb_urllib3\urllib3\connectionpool.py", line 665, in urlopen
    retries = retries.increment(method, url, error=e, _pool=self,
              ^^^^^^^^^^^^^^^^^^^^^^^^^^^^^^^^^^^^^^^^^^^^^^^^^^^
  File "C:\Users\Win10 Pro\AppData\Roaming\Python\Python311\site-packages\telegram\vendor\ptb_urllib3\urllib3\util\retry.py", line 376, in increment
    raise MaxRetryError(_pool, url, error or ResponseError(cause))
telegram.vendor.ptb_urllib3.urllib3.exceptions.MaxRetryError: HTTPSConnectionPool(host='api.telegram.org', port=443): Max retries exceeded with url: /bot8383643986:AAFVI4MDb2zjy7DT9lsI3x6rn2UOyd-biPQ/getUpdates (Caused by NewConnectionError('<telegram.vendor.ptb_urllib3.urllib3.connection.VerifiedHTTPSConnection object at 0x000002090B60B910>: Failed to establish a new connection: [WinError 10051] A socket operation was attempted to an unreachable network'))

The above exception was the direct cause of the following exception:

Traceback (most recent call last):
  File "C:\smyards_bot\bot_final_fixed.py", line 3221, in error_handler
    raise context.error
  File "C:\Users\Win10 Pro\AppData\Roaming\Python\Python311\site-packages\telegram\ext\updater.py", line 651, in _network_loop_retry
    if not action_cb():
           ^^^^^^^^^^^
  File "C:\Users\Win10 Pro\AppData\Roaming\Python\Python311\site-packages\telegram\ext\updater.py", line 602, in polling_action_cb
    updates = self.bot.get_updates(
              ^^^^^^^^^^^^^^^^^^^^^
  File "C:\Users\Win10 Pro\AppData\Roaming\Python\Python311\site-packages\telegram\ext\extbot.py", line 228, in get_updates
    updates = super().get_updates(
              ^^^^^^^^^^^^^^^^^^^^
  File "C:\Users\Win10 Pro\AppData\Roaming\Python\Python311\site-packages\telegram\bot.py", line 134, in decorator
    result = func(*args, **kwargs)
             ^^^^^^^^^^^^^^^^^^^^^
  File "C:\Users\Win10 Pro\AppData\Roaming\Python\Python311\site-packages\telegram\bot.py", line 3140, in get_updates
    self._post(
  File "C:\Users\Win10 Pro\AppData\Roaming\Python\Python311\site-packages\telegram\bot.py", line 299, in _post
    return self.request.post(
           ^^^^^^^^^^^^^^^^^^
  File "C:\Users\Win10 Pro\AppData\Roaming\Python\Python311\site-packages\telegram\utils\request.py", line 361, in post
    result = self._request_wrapper(
             ^^^^^^^^^^^^^^^^^^^^^^
  File "C:\Users\Win10 Pro\AppData\Roaming\Python\Python311\site-packages\telegram\utils\request.py", line 265, in _request_wrapper
    raise NetworkError(f'urllib3 HTTPError {error}') from error
telegram.error.NetworkError: urllib3 HTTPError HTTPSConnectionPool(host='api.telegram.org', port=443): Max retries exceeded with url: /bot8383643986:AAFVI4MDb2zjy7DT9lsI3x6rn2UOyd-biPQ/getUpdates (Caused by NewConnectionError('<telegram.vendor.ptb_urllib3.urllib3.connection.VerifiedHTTPSConnection object at 0x000002090B60B910>: Failed to establish a new connection: [WinError 10051] A socket operation was attempted to an unreachable network'))

2026-01-07 17:46:20,962 - __main__ - ERROR - Update "None" caused error "urllib3 HTTPError ('Connection aborted.', RemoteDisconnected('Remote end closed connection without response'))"
2026-01-07 17:46:22,223 - __main__ - ERROR - Full error: Traceback (most recent call last):
  File "C:\Users\Win10 Pro\AppData\Roaming\Python\Python311\site-packages\telegram\vendor\ptb_urllib3\urllib3\connectionpool.py", line 614, in urlopen
    httplib_response = self._make_request(conn, method, url,
                       ^^^^^^^^^^^^^^^^^^^^^^^^^^^^^^^^^^^^^
  File "C:\Users\Win10 Pro\AppData\Roaming\Python\Python311\site-packages\telegram\vendor\ptb_urllib3\urllib3\connectionpool.py", line 402, in _make_request
    six.raise_from(e, None)
  File "<string>", line 2, in raise_from
  File "C:\Users\Win10 Pro\AppData\Roaming\Python\Python311\site-packages\telegram\vendor\ptb_urllib3\urllib3\connectionpool.py", line 398, in _make_request
    httplib_response = conn.getresponse()
                       ^^^^^^^^^^^^^^^^^^
  File "C:\Program Files\Python311\Lib\http\client.py", line 1374, in getresponse
    response.begin()
  File "C:\Program Files\Python311\Lib\http\client.py", line 318, in begin
    version, status, reason = self._read_status()
                              ^^^^^^^^^^^^^^^^^^^
  File "C:\Program Files\Python311\Lib\http\client.py", line 287, in _read_status
    raise RemoteDisconnected("Remote end closed connection without"
http.client.RemoteDisconnected: Remote end closed connection without response

During handling of the above exception, another exception occurred:

Traceback (most recent call last):
  File "C:\Users\Win10 Pro\AppData\Roaming\Python\Python311\site-packages\telegram\utils\request.py", line 259, in _request_wrapper
    resp = self._con_pool.request(*args, **kwargs)
           ^^^^^^^^^^^^^^^^^^^^^^^^^^^^^^^^^^^^^^^
  File "C:\Users\Win10 Pro\AppData\Roaming\Python\Python311\site-packages\telegram\vendor\ptb_urllib3\urllib3\request.py", line 68, in request
    return self.request_encode_body(method, url, fields=fields,
           ^^^^^^^^^^^^^^^^^^^^^^^^^^^^^^^^^^^^^^^^^^^^^^^^^^^^
  File "C:\Users\Win10 Pro\AppData\Roaming\Python\Python311\site-packages\telegram\vendor\ptb_urllib3\urllib3\request.py", line 148, in request_encode_body
    return self.urlopen(method, url, **extra_kw)
           ^^^^^^^^^^^^^^^^^^^^^^^^^^^^^^^^^^^^^
  File "C:\Users\Win10 Pro\AppData\Roaming\Python\Python311\site-packages\telegram\vendor\ptb_urllib3\urllib3\poolmanager.py", line 244, in urlopen
    response = conn.urlopen(method, u.request_uri, **kw)
               ^^^^^^^^^^^^^^^^^^^^^^^^^^^^^^^^^^^^^^^^^
  File "C:\Users\Win10 Pro\AppData\Roaming\Python\Python311\site-packages\telegram\vendor\ptb_urllib3\urllib3\connectionpool.py", line 665, in urlopen
    retries = retries.increment(method, url, error=e, _pool=self,
              ^^^^^^^^^^^^^^^^^^^^^^^^^^^^^^^^^^^^^^^^^^^^^^^^^^^
  File "C:\Users\Win10 Pro\AppData\Roaming\Python\Python311\site-packages\telegram\vendor\ptb_urllib3\urllib3\util\retry.py", line 347, in increment
    raise six.reraise(type(error), error, _stacktrace)
          ^^^^^^^^^^^^^^^^^^^^^^^^^^^^^^^^^^^^^^^^^^^^
  File "C:\Users\Win10 Pro\AppData\Roaming\Python\Python311\site-packages\telegram\vendor\ptb_urllib3\urllib3\packages\six.py", line 685, in reraise
    raise value.with_traceback(tb)
  File "C:\Users\Win10 Pro\AppData\Roaming\Python\Python311\site-packages\telegram\vendor\ptb_urllib3\urllib3\connectionpool.py", line 614, in urlopen
    httplib_response = self._make_request(conn, method, url,
                       ^^^^^^^^^^^^^^^^^^^^^^^^^^^^^^^^^^^^^
  File "C:\Users\Win10 Pro\AppData\Roaming\Python\Python311\site-packages\telegram\vendor\ptb_urllib3\urllib3\connectionpool.py", line 402, in _make_request
    six.raise_from(e, None)
  File "<string>", line 2, in raise_from
  File "C:\Users\Win10 Pro\AppData\Roaming\Python\Python311\site-packages\telegram\vendor\ptb_urllib3\urllib3\connectionpool.py", line 398, in _make_request
    httplib_response = conn.getresponse()
                       ^^^^^^^^^^^^^^^^^^
  File "C:\Program Files\Python311\Lib\http\client.py", line 1374, in getresponse
    response.begin()
  File "C:\Program Files\Python311\Lib\http\client.py", line 318, in begin
    version, status, reason = self._read_status()
                              ^^^^^^^^^^^^^^^^^^^
  File "C:\Program Files\Python311\Lib\http\client.py", line 287, in _read_status
    raise RemoteDisconnected("Remote end closed connection without"
telegram.vendor.ptb_urllib3.urllib3.exceptions.ProtocolError: ('Connection aborted.', RemoteDisconnected('Remote end closed connection without response'))

The above exception was the direct cause of the following exception:

Traceback (most recent call last):
  File "C:\smyards_bot\bot_final_fixed.py", line 3221, in error_handler
    raise context.error
  File "C:\Users\Win10 Pro\AppData\Roaming\Python\Python311\site-packages\telegram\ext\updater.py", line 651, in _network_loop_retry
    if not action_cb():
           ^^^^^^^^^^^
  File "C:\Users\Win10 Pro\AppData\Roaming\Python\Python311\site-packages\telegram\ext\updater.py", line 602, in polling_action_cb
    updates = self.bot.get_updates(
              ^^^^^^^^^^^^^^^^^^^^^
  File "C:\Users\Win10 Pro\AppData\Roaming\Python\Python311\site-packages\telegram\ext\extbot.py", line 228, in get_updates
    updates = super().get_updates(
              ^^^^^^^^^^^^^^^^^^^^
  File "C:\Users\Win10 Pro\AppData\Roaming\Python\Python311\site-packages\telegram\bot.py", line 134, in decorator
    result = func(*args, **kwargs)
             ^^^^^^^^^^^^^^^^^^^^^
  File "C:\Users\Win10 Pro\AppData\Roaming\Python\Python311\site-packages\telegram\bot.py", line 3140, in get_updates
    self._post(
  File "C:\Users\Win10 Pro\AppData\Roaming\Python\Python311\site-packages\telegram\bot.py", line 299, in _post
    return self.request.post(
           ^^^^^^^^^^^^^^^^^^
  File "C:\Users\Win10 Pro\AppData\Roaming\Python\Python311\site-packages\telegram\utils\request.py", line 361, in post
    result = self._request_wrapper(
             ^^^^^^^^^^^^^^^^^^^^^^
  File "C:\Users\Win10 Pro\AppData\Roaming\Python\Python311\site-packages\telegram\utils\request.py", line 265, in _request_wrapper
    raise NetworkError(f'urllib3 HTTPError {error}') from error
telegram.error.NetworkError: urllib3 HTTPError ('Connection aborted.', RemoteDisconnected('Remote end closed connection without response'))

2026-01-07 18:06:34,458 - __main__ - INFO - ==================================================
2026-01-07 18:06:34,458 - __main__ - INFO - ✅ SMYARDS BOT STARTED
2026-01-07 18:06:34,458 - __main__ - INFO - 📢 Main Channel: @smyard
2026-01-07 18:06:34,462 - __main__ - INFO - 📋 Stock Channel: -1002861193688
2026-01-07 18:06:34,462 - __main__ - INFO - ==================================================
2026-01-10 20:36:08,424 - __main__ - INFO - ==================================================
2026-01-10 20:36:08,424 - __main__ - INFO - ✅ SMYARDS BOT STARTED
2026-01-10 20:36:08,424 - __main__ - INFO - 📢 Main Channel: @smyard
2026-01-10 20:36:08,424 - __main__ - INFO - 📋 Stock Channel: -1002861193688
2026-01-10 20:36:08,424 - __main__ - INFO - ==================================================
2026-01-12 18:23:04,380 - __main__ - INFO - ==================================================
2026-01-12 18:23:04,381 - __main__ - INFO - ✅ SMYARDS BOT STARTED
2026-01-12 18:23:04,384 - __main__ - INFO - 📢 Main Channel: @smyard
2026-01-12 18:23:04,384 - __main__ - INFO - 📋 Stock Channel: -1002861193688
2026-01-12 18:23:04,384 - __main__ - INFO - ==================================================
2026-01-12 18:23:45,853 - __main__ - ERROR - Update "{'callback_query': {'id': '9073253913543333956', 'message': {'text': 'Platform: YouTube\nSelect Account Type:', 'photo': [], 'date': 1768235012, 'new_chat_members': [], 'delete_chat_photo': False, 'new_chat_photo': [], 'reply_markup': {'inline_keyboard': [[{'text': 'Monetized Channel', 'callback_data': 'type_Monetized Channel'}], [{'text': 'Aged Channel', 'callback_data': 'type_Aged Channel'}], [{'text': 'Gaming Channel', 'callback_data': 'type_Gaming Channel'}], [{'text': 'Organic Channel', 'callback_data': 'type_Organic Channel'}], [{'text': '3-Features Enabled Channel', 'callback_data': 'type_3-Features Enabled Channel'}], [{'text': '⬅️ Back', 'callback_data': 'back_platform'}]]}, 'caption_entities': [], 'entities': [], 'channel_chat_created': False, 'group_chat_created': False, 'edit_date': 1768235019, 'message_id': 1928, 'supergroup_chat_created': False, 'chat': {'id': 6407498844, 'first_name': 'SMyards.com - Support', 'type': 'private', 'username': 'smyards'}, 'from': {'id': 8383643986, 'first_name': 'smyardsbot', 'username': 'smyardbot', 'is_bot': True}}, 'chat_instance': '5133442765675703877', 'data': 'type_Monetized Channel', 'from': {'id': 6407498844, 'language_code': 'en', 'first_name': 'SMyards.com - Support', 'username': 'smyards', 'is_bot': False}}, 'update_id': 814883930}" caused error "Timed out"
2026-01-12 18:23:45,968 - __main__ - ERROR - Full error: Traceback (most recent call last):
  File "C:\Users\Win10 Pro\AppData\Roaming\Python\Python311\site-packages\telegram\vendor\ptb_urllib3\urllib3\connectionpool.py", line 402, in _make_request
    six.raise_from(e, None)
  File "<string>", line 2, in raise_from
  File "C:\Users\Win10 Pro\AppData\Roaming\Python\Python311\site-packages\telegram\vendor\ptb_urllib3\urllib3\connectionpool.py", line 398, in _make_request
    httplib_response = conn.getresponse()
                       ^^^^^^^^^^^^^^^^^^
  File "C:\Program Files\Python311\Lib\http\client.py", line 1374, in getresponse
    response.begin()
  File "C:\Program Files\Python311\Lib\http\client.py", line 318, in begin
    version, status, reason = self._read_status()
                              ^^^^^^^^^^^^^^^^^^^
  File "C:\Program Files\Python311\Lib\http\client.py", line 279, in _read_status
    line = str(self.fp.readline(_MAXLINE + 1), "iso-8859-1")
               ^^^^^^^^^^^^^^^^^^^^^^^^^^^^^^
  File "C:\Program Files\Python311\Lib\socket.py", line 705, in readinto
    return self._sock.recv_into(b)
           ^^^^^^^^^^^^^^^^^^^^^^^
  File "C:\Program Files\Python311\Lib\ssl.py", line 1278, in recv_into
    return self.read(nbytes, buffer)
           ^^^^^^^^^^^^^^^^^^^^^^^^^
  File "C:\Program Files\Python311\Lib\ssl.py", line 1134, in read
    return self._sslobj.read(len, buffer)
           ^^^^^^^^^^^^^^^^^^^^^^^^^^^^^^
TimeoutError: The read operation timed out

During handling of the above exception, another exception occurred:

Traceback (most recent call last):
  File "C:\Users\Win10 Pro\AppData\Roaming\Python\Python311\site-packages\telegram\utils\request.py", line 259, in _request_wrapper
    resp = self._con_pool.request(*args, **kwargs)
           ^^^^^^^^^^^^^^^^^^^^^^^^^^^^^^^^^^^^^^^
  File "C:\Users\Win10 Pro\AppData\Roaming\Python\Python311\site-packages\telegram\vendor\ptb_urllib3\urllib3\request.py", line 68, in request
    return self.request_encode_body(method, url, fields=fields,
           ^^^^^^^^^^^^^^^^^^^^^^^^^^^^^^^^^^^^^^^^^^^^^^^^^^^^
  File "C:\Users\Win10 Pro\AppData\Roaming\Python\Python311\site-packages\telegram\vendor\ptb_urllib3\urllib3\request.py", line 148, in request_encode_body
    return self.urlopen(method, url, **extra_kw)
           ^^^^^^^^^^^^^^^^^^^^^^^^^^^^^^^^^^^^^
  File "C:\Users\Win10 Pro\AppData\Roaming\Python\Python311\site-packages\telegram\vendor\ptb_urllib3\urllib3\poolmanager.py", line 244, in urlopen
    response = conn.urlopen(method, u.request_uri, **kw)
               ^^^^^^^^^^^^^^^^^^^^^^^^^^^^^^^^^^^^^^^^^
  File "C:\Users\Win10 Pro\AppData\Roaming\Python\Python311\site-packages\telegram\vendor\ptb_urllib3\urllib3\connectionpool.py", line 665, in urlopen
    retries = retries.increment(method, url, error=e, _pool=self,
              ^^^^^^^^^^^^^^^^^^^^^^^^^^^^^^^^^^^^^^^^^^^^^^^^^^^
  File "C:\Users\Win10 Pro\AppData\Roaming\Python\Python311\site-packages\telegram\vendor\ptb_urllib3\urllib3\util\retry.py", line 347, in increment
    raise six.reraise(type(error), error, _stacktrace)
          ^^^^^^^^^^^^^^^^^^^^^^^^^^^^^^^^^^^^^^^^^^^^
  File "C:\Users\Win10 Pro\AppData\Roaming\Python\Python311\site-packages\telegram\vendor\ptb_urllib3\urllib3\packages\six.py", line 686, in reraise
    raise value
  File "C:\Users\Win10 Pro\AppData\Roaming\Python\Python311\site-packages\telegram\vendor\ptb_urllib3\urllib3\connectionpool.py", line 614, in urlopen
    httplib_response = self._make_request(conn, method, url,
                       ^^^^^^^^^^^^^^^^^^^^^^^^^^^^^^^^^^^^^
  File "C:\Users\Win10 Pro\AppData\Roaming\Python\Python311\site-packages\telegram\vendor\ptb_urllib3\urllib3\connectionpool.py", line 404, in _make_request
    self._raise_timeout(err=e, url=url, timeout_value=read_timeout,
  File "C:\Users\Win10 Pro\AppData\Roaming\Python\Python311\site-packages\telegram\vendor\ptb_urllib3\urllib3\connectionpool.py", line 321, in _raise_timeout
    raise exc_cls(*args)
telegram.vendor.ptb_urllib3.urllib3.exceptions.ReadTimeoutError: HTTPSConnectionPool(host='api.telegram.org', port=443): Read timed out. (read timeout=5.0)

The above exception was the direct cause of the following exception:

Traceback (most recent call last):
  File "C:\smyards_bot\bot_final_fixed.py", line 3221, in error_handler
    raise context.error
  File "C:\Users\Win10 Pro\AppData\Roaming\Python\Python311\site-packages\telegram\ext\dispatcher.py", line 557, in process_update
    handler.handle_update(update, self, check, context)
  File "C:\Users\Win10 Pro\AppData\Roaming\Python\Python311\site-packages\telegram\ext\conversationhandler.py", line 627, in handle_update
    new_state = handler.handle_update(update, dispatcher, check_result, context)
                ^^^^^^^^^^^^^^^^^^^^^^^^^^^^^^^^^^^^^^^^^^^^^^^^^^^^^^^^^^^^^^^^
  File "C:\Users\Win10 Pro\AppData\Roaming\Python\Python311\site-packages\telegram\ext\handler.py", line 199, in handle_update
    return self.callback(update, context)
           ^^^^^^^^^^^^^^^^^^^^^^^^^^^^^^
  File "C:\smyards_bot\bot_final_fixed.py", line 725, in admin_button_callback
    query.answer()
  File "C:\Users\Win10 Pro\AppData\Roaming\Python\Python311\site-packages\telegram\callbackquery.py", line 166, in answer
    return self.bot.answer_callback_query(
           ^^^^^^^^^^^^^^^^^^^^^^^^^^^^^^^
  File "C:\Users\Win10 Pro\AppData\Roaming\Python\Python311\site-packages\telegram\bot.py", line 134, in decorator
    result = func(*args, **kwargs)
             ^^^^^^^^^^^^^^^^^^^^^
  File "C:\Users\Win10 Pro\AppData\Roaming\Python\Python311\site-packages\telegram\bot.py", line 2793, in answer_callback_query
    result = self._post('answerCallbackQuery', data, timeout=timeout, api_kwargs=api_kwargs)
             ^^^^^^^^^^^^^^^^^^^^^^^^^^^^^^^^^^^^^^^^^^^^^^^^^^^^^^^^^^^^^^^^^^^^^^^^^^^^^^^
  File "C:\Users\Win10 Pro\AppData\Roaming\Python\Python311\site-packages\telegram\bot.py", line 299, in _post
    return self.request.post(
           ^^^^^^^^^^^^^^^^^^
  File "C:\Users\Win10 Pro\AppData\Roaming\Python\Python311\site-packages\telegram\utils\request.py", line 361, in post
    result = self._request_wrapper(
             ^^^^^^^^^^^^^^^^^^^^^^
  File "C:\Users\Win10 Pro\AppData\Roaming\Python\Python311\site-packages\telegram\utils\request.py", line 261, in _request_wrapper
    raise TimedOut() from error
telegram.error.TimedOut: Timed out

2026-01-12 18:25:18,333 - __main__ - INFO - YT-108 exists, using YT-135 instead
2026-01-12 18:26:11,539 - __main__ - INFO - ?? Confirmation callback received: publish_now
2026-01-12 18:26:11,540 - __main__ - INFO - ?? PUBLISH NOW clicked - Starting publish process
2026-01-12 18:26:11,540 - __main__ - INFO - ?? Listing data: {'platform': 'YouTube', 'account_type': 'Monetized Channel', 'subscribers': 1000, 'views': 63000, 'niche': 'Mixed', 'features': '3 Features Enabled', 'monetization': 'Enabled', 'region': 'USA', 'status': 'No Strikes', 'price': 130.0, 'listing_id': 'YT-135', 'seller_contact': 'https://t.me/submarket7'}
2026-01-12 18:26:12,041 - __main__ - INFO - ?? Screenshot post: 331
2026-01-12 18:26:12,179 - __main__ - INFO - ?? Discussion post: 2458
2026-01-12 18:26:12,180 - __main__ - INFO - ?? Posting to main channel...
2026-01-12 18:26:12,182 - __main__ - INFO - 📤 Posting to MAIN CHANNEL: @smyard
2026-01-12 18:26:12,382 - __main__ - INFO - ✅ Main channel posted: 169
2026-01-12 18:26:12,383 - __main__ - INFO - ? Main channel: 169
2026-01-12 18:26:12,383 - __main__ - INFO - ?? Posting to stock channel...
2026-01-12 18:26:12,696 - __main__ - INFO - ? Stock channel: 112
2026-01-12 18:26:12,822 - __main__ - INFO - ?? Publishing completed successfully!
2026-01-13 21:10:50,174 - __main__ - INFO - ==================================================
2026-01-13 21:10:50,175 - __main__ - INFO - ✅ SMYARDS BOT STARTED
2026-01-13 21:10:50,179 - __main__ - INFO - 📢 Main Channel: @smyard
2026-01-13 21:10:50,180 - __main__ - INFO - 📋 Stock Channel: -1002861193688
2026-01-13 21:10:50,180 - __main__ - INFO - ==================================================
2026-01-13 21:11:16,140 - __main__ - INFO - YT-108 exists, using YT-136 instead
2026-01-13 21:11:47,828 - __main__ - INFO - ?? Confirmation callback received: publish_now
2026-01-13 21:11:47,828 - __main__ - INFO - ?? PUBLISH NOW clicked - Starting publish process
2026-01-13 21:11:47,829 - __main__ - INFO - ?? Listing data: {'platform': 'YouTube', 'account_type': 'Monetized Channel', 'subscribers': 1000, 'views': 63000, 'niche': 'Mixed', 'features': '3 Features Enabled', 'monetization': 'Enabled', 'region': 'USA', 'status': 'No Strikes', 'price': 140.0, 'listing_id': 'YT-136', 'seller_contact': 'https://t.me/submarket7'}
2026-01-13 21:11:47,829 - __main__ - ERROR - Error creating screenshot post: invalid literal for int() with base 10: '@smyardsgallary'
2026-01-13 21:11:47,830 - __main__ - INFO - ?? Screenshot post: None
2026-01-13 21:11:47,935 - __main__ - INFO - ?? Discussion post: 2461
2026-01-13 21:11:47,936 - __main__ - INFO - ?? Posting to main channel...
2026-01-13 21:11:47,936 - __main__ - INFO - 📤 Posting to MAIN CHANNEL: @smyard
2026-01-13 21:11:48,112 - __main__ - INFO - ✅ Main channel posted: 170
2026-01-13 21:11:48,112 - __main__ - INFO - ? Main channel: 170
2026-01-13 21:11:48,113 - __main__ - INFO - ?? Posting to stock channel...
2026-01-13 21:11:48,266 - __main__ - INFO - ? Stock channel: 113
2026-01-13 21:11:48,371 - __main__ - INFO - ?? Publishing completed successfully!
2026-01-13 21:15:55,821 - __main__ - INFO - YT-108 exists, using YT-137 instead
2026-01-13 21:16:20,368 - __main__ - INFO - ?? Confirmation callback received: publish_now
2026-01-13 21:16:20,368 - __main__ - INFO - ?? PUBLISH NOW clicked - Starting publish process
2026-01-13 21:16:20,369 - __main__ - INFO - ?? Listing data: {'platform': 'YouTube', 'account_type': 'Monetized Channel', 'subscribers': 1000, 'views': 63000, 'niche': 'Mixed', 'features': '3 Features Enabled', 'monetization': 'Enabled', 'region': 'USA', 'status': 'No Strikes', 'price': 170.0, 'listing_id': 'YT-137', 'seller_contact': 'https://t.me/submarket7'}
2026-01-13 21:16:20,370 - __main__ - ERROR - Error creating screenshot post: invalid literal for int() with base 10: '@smyardsgallary'
2026-01-13 21:16:20,371 - __main__ - INFO - ?? Screenshot post: None
2026-01-13 21:16:20,483 - __main__ - INFO - ?? Discussion post: 2463
2026-01-13 21:16:20,484 - __main__ - INFO - ?? Posting to main channel...
2026-01-13 21:16:20,486 - __main__ - INFO - 📤 Posting to MAIN CHANNEL: @smyard
2026-01-13 21:16:20,648 - __main__ - INFO - ✅ Main channel posted: 171
2026-01-13 21:16:20,648 - __main__ - INFO - ? Main channel: 171
2026-01-13 21:16:20,650 - __main__ - INFO - ?? Posting to stock channel...
2026-01-13 21:16:20,819 - __main__ - INFO - ? Stock channel: 114
2026-01-13 21:16:20,915 - __main__ - INFO - ?? Publishing completed successfully!
2026-01-13 21:19:44,930 - __main__ - INFO - ==================================================
2026-01-13 21:19:44,931 - __main__ - INFO - ✅ SMYARDS BOT STARTED
2026-01-13 21:19:44,931 - __main__ - INFO - 📢 Main Channel: @smyard
2026-01-13 21:19:44,931 - __main__ - INFO - 📋 Stock Channel: -1002861193688
2026-01-13 21:19:44,932 - __main__ - INFO - ==================================================
2026-01-13 21:20:03,971 - __main__ - INFO - YT-108 exists, using YT-138 instead
2026-01-13 21:20:37,300 - __main__ - INFO - ?? Confirmation callback received: publish_now
2026-01-13 21:20:37,300 - __main__ - INFO - ?? PUBLISH NOW clicked - Starting publish process
2026-01-13 21:20:37,301 - __main__ - INFO - ?? Listing data: {'platform': 'YouTube', 'account_type': 'Monetized Channel', 'subscribers': 1000, 'views': 63000, 'niche': 'Mixed', 'features': '3 Features Enabled', 'monetization': 'Enabled', 'region': 'USA', 'status': 'No Strikes', 'price': 159.0, 'listing_id': 'YT-138', 'seller_contact': 'https://t.me/submarket7'}
2026-01-13 21:20:37,301 - __main__ - ERROR - Error creating screenshot post: invalid literal for int() with base 10: '@smyardsgallary'
2026-01-13 21:20:37,301 - __main__ - INFO - ?? Screenshot post: None
2026-01-13 21:20:37,413 - __main__ - INFO - ?? Discussion post: 2465
2026-01-13 21:20:37,413 - __main__ - INFO - ?? Posting to main channel...
2026-01-13 21:20:37,413 - __main__ - INFO - 📤 Posting to MAIN CHANNEL: @smyard
2026-01-13 21:20:37,752 - __main__ - INFO - ✅ Main channel posted: 172
2026-01-13 21:20:37,753 - __main__ - INFO - ? Main channel: 172
2026-01-13 21:20:37,753 - __main__ - INFO - ?? Posting to stock channel...
2026-01-13 21:20:37,967 - __main__ - INFO - ? Stock channel: 115
2026-01-13 21:20:38,102 - __main__ - INFO - ?? Publishing completed successfully!
2026-01-13 21:21:53,505 - __main__ - INFO - ==================================================
2026-01-13 21:21:53,505 - __main__ - INFO - ✅ SMYARDS BOT STARTED
2026-01-13 21:21:53,506 - __main__ - INFO - 📢 Main Channel: @smyard
2026-01-13 21:21:53,506 - __main__ - INFO - 📋 Stock Channel: -1002861193688
2026-01-13 21:21:53,506 - __main__ - INFO - ==================================================
2026-01-13 21:22:10,568 - __main__ - INFO - YT-108 exists, using YT-139 instead
2026-01-13 21:22:24,731 - __main__ - INFO - ?? Confirmation callback received: publish_now
2026-01-13 21:22:24,732 - __main__ - INFO - ?? PUBLISH NOW clicked - Starting publish process
2026-01-13 21:22:24,732 - __main__ - INFO - ?? Listing data: {'platform': 'YouTube', 'account_type': 'Monetized Channel', 'subscribers': 1000, 'views': 63000, 'niche': 'Mixed', 'features': '3 Features Enabled', 'monetization': 'Enabled', 'region': 'USA', 'status': 'No Strikes', 'price': 158.0, 'listing_id': 'YT-139', 'seller_contact': 'https://t.me/submarket7'}
2026-01-13 21:22:24,732 - __main__ - ERROR - Error creating screenshot post: invalid literal for int() with base 10: '@smyardsgallary'
2026-01-13 21:22:24,733 - __main__ - INFO - ?? Screenshot post: None
2026-01-13 21:22:24,847 - __main__ - INFO - ?? Discussion post: 2467
2026-01-13 21:22:24,847 - __main__ - INFO - ?? Posting to main channel...
2026-01-13 21:22:24,848 - __main__ - INFO - 📤 Posting to MAIN CHANNEL: @smyard
2026-01-13 21:22:25,028 - __main__ - INFO - ✅ Main channel posted: 173
2026-01-13 21:22:25,029 - __main__ - INFO - ? Main channel: 173
2026-01-13 21:22:25,029 - __main__ - INFO - ?? Posting to stock channel...
2026-01-13 21:22:25,181 - __main__ - INFO - ? Stock channel: 116
2026-01-13 21:22:25,279 - __main__ - INFO - ?? Publishing completed successfully!
2026-01-13 21:23:16,014 - __main__ - INFO - ==================================================
2026-01-13 21:23:16,014 - __main__ - INFO - ✅ SMYARDS BOT STARTED
2026-01-13 21:23:16,015 - __main__ - INFO - 📢 Main Channel: @smyard
2026-01-13 21:23:16,015 - __main__ - INFO - 📋 Stock Channel: -1002861193688
2026-01-13 21:23:16,015 - __main__ - INFO - ==================================================
2026-01-13 21:23:48,844 - __main__ - INFO - YT-108 exists, using YT-140 instead
2026-01-13 21:24:03,864 - __main__ - INFO - ?? Confirmation callback received: publish_now
2026-01-13 21:24:03,864 - __main__ - INFO - ?? PUBLISH NOW clicked - Starting publish process
2026-01-13 21:24:03,865 - __main__ - INFO - ?? Listing data: {'platform': 'YouTube', 'account_type': 'Monetized Channel', 'subscribers': 1000, 'views': 63000, 'niche': 'Mixed', 'features': '3 Features Enabled', 'monetization': 'Enabled', 'region': 'USA', 'status': 'No Strikes', 'price': 142.0, 'listing_id': 'YT-140', 'seller_contact': 'https://t.me/submarket7'}
2026-01-13 21:24:04,065 - __main__ - INFO - ?? Screenshot post: 340
2026-01-13 21:24:04,270 - __main__ - INFO - ?? Discussion post: 2469
2026-01-13 21:24:04,270 - __main__ - INFO - ?? Posting to main channel...
2026-01-13 21:24:04,271 - __main__ - INFO - 📤 Posting to MAIN CHANNEL: @smyard
2026-01-13 21:24:04,654 - __main__ - INFO - ✅ Main channel posted: 174
2026-01-13 21:24:04,654 - __main__ - INFO - ? Main channel: 174
2026-01-13 21:24:04,654 - __main__ - INFO - ?? Posting to stock channel...
2026-01-13 21:24:04,820 - __main__ - INFO - ? Stock channel: 117
2026-01-13 21:24:04,912 - __main__ - INFO - ?? Publishing completed successfully!
2026-01-13 21:32:08,424 - __main__ - INFO - ==================================================
2026-01-13 21:32:08,424 - __main__ - INFO - ✅ SMYARDS BOT STARTED
2026-01-13 21:32:08,425 - __main__ - INFO - 📢 Main Channel: @smyard
2026-01-13 21:32:08,425 - __main__ - INFO - 📋 Stock Channel: -1002861193688
2026-01-13 21:32:08,425 - __main__ - INFO - ==================================================
2026-01-13 21:32:25,151 - __main__ - INFO - YT-108 exists, using YT-141 instead
2026-01-13 21:32:40,024 - __main__ - INFO - ?? Confirmation callback received: publish_now
2026-01-13 21:32:40,024 - __main__ - INFO - ?? PUBLISH NOW clicked - Starting publish process
2026-01-13 21:32:40,024 - __main__ - INFO - ?? Listing data: {'platform': 'YouTube', 'account_type': 'Monetized Channel', 'subscribers': 1000, 'views': 63000, 'niche': 'Mixed', 'features': '3 Features Enabled', 'monetization': 'Enabled', 'region': 'USA', 'status': 'No Strikes', 'price': 156.0, 'listing_id': 'YT-141', 'seller_contact': 'https://t.me/submarket7'}
2026-01-13 21:32:40,025 - __main__ - INFO - Posting to screenshot channel by numeric ID: -1002719433486
2026-01-13 21:32:40,167 - __main__ - INFO - ✅ Screenshot posted to gallery. Message ID: 341
2026-01-13 21:32:40,168 - __main__ - INFO - ?? Screenshot post: 341
2026-01-13 21:32:40,273 - __main__ - INFO - ?? Discussion post: 2471
2026-01-13 21:32:40,274 - __main__ - INFO - ?? Posting to main channel...
2026-01-13 21:32:40,274 - __main__ - INFO - Generated screenshot URL: https://t.me/-1002719433486/341
2026-01-13 21:32:40,274 - __main__ - INFO - 📤 Posting to MAIN CHANNEL: @smyard
2026-01-13 21:32:40,435 - __main__ - INFO - ✅ Main channel posted: 175
2026-01-13 21:32:40,436 - __main__ - INFO - ? Main channel: 175
2026-01-13 21:32:40,436 - __main__ - INFO - ?? Posting to stock channel...
2026-01-13 21:32:40,593 - __main__ - INFO - ? Stock channel: 118
2026-01-13 21:32:40,685 - __main__ - INFO - ?? Publishing completed successfully!
2026-01-13 21:34:29,840 - __main__ - INFO - ==================================================
2026-01-13 21:34:29,840 - __main__ - INFO - ✅ SMYARDS BOT STARTED
2026-01-13 21:34:29,841 - __main__ - INFO - 📢 Main Channel: @smyard
2026-01-13 21:34:29,841 - __main__ - INFO - 📋 Stock Channel: -1002861193688
2026-01-13 21:34:29,841 - __main__ - INFO - ==================================================
2026-01-13 21:34:49,706 - __main__ - INFO - YT-108 exists, using YT-142 instead
2026-01-13 21:35:04,925 - __main__ - INFO - ?? Confirmation callback received: publish_now
2026-01-13 21:35:04,925 - __main__ - INFO - ?? PUBLISH NOW clicked - Starting publish process
2026-01-13 21:35:04,925 - __main__ - INFO - ?? Listing data: {'platform': 'YouTube', 'account_type': 'Monetized Channel', 'subscribers': 1000, 'views': 63000, 'niche': 'Mixed', 'features': '3 Features Enabled', 'monetization': 'Enabled', 'region': 'USA', 'status': 'No Strikes', 'price': 162.0, 'listing_id': 'YT-142', 'seller_contact': 'https://t.me/submarket7'}
2026-01-13 21:35:04,925 - __main__ - INFO - Posting to screenshot channel by username: @smyardsgallary
2026-01-13 21:35:05,089 - __main__ - INFO - ✅ Screenshot posted to gallery. Message ID: 342
2026-01-13 21:35:05,089 - __main__ - INFO - ?? Screenshot post: 342
2026-01-13 21:35:05,195 - __main__ - INFO - ?? Discussion post: 2473
2026-01-13 21:35:05,195 - __main__ - INFO - ?? Posting to main channel...
2026-01-13 21:35:05,196 - __main__ - INFO - Generated screenshot URL: https://t.me/smyardsgallary/342
2026-01-13 21:35:05,196 - __main__ - INFO - 📤 Posting to MAIN CHANNEL: @smyard
2026-01-13 21:35:05,360 - __main__ - INFO - ✅ Main channel posted: 176
2026-01-13 21:35:05,361 - __main__ - INFO - ? Main channel: 176
2026-01-13 21:35:05,361 - __main__ - INFO - ?? Posting to stock channel...
2026-01-13 21:35:05,504 - __main__ - INFO - ? Stock channel: 119
2026-01-13 21:35:05,606 - __main__ - INFO - ?? Publishing completed successfully!
2026-01-13 21:36:30,423 - __main__ - ERROR - Error updating main post as sold: Timed out
2026-01-13 22:33:17,277 - __main__ - INFO - ==================================================
2026-01-13 22:33:17,277 - __main__ - INFO - ✅ SMYARDS BOT STARTED
2026-01-13 22:33:17,281 - __main__ - INFO - 📢 Main Channel: @smyard
2026-01-13 22:33:17,281 - __main__ - INFO - 📋 Stock Channel: -1002861193688
2026-01-13 22:33:17,281 - __main__ - INFO - ==================================================
2026-01-19 14:07:52,615 - __main__ - INFO - ==================================================
2026-01-19 14:07:52,615 - __main__ - INFO - ✅ SMYARDS BOT STARTED
2026-01-19 14:07:52,615 - __main__ - INFO - 📢 Main Channel: @smyard
2026-01-19 14:07:52,615 - __main__ - INFO - 📋 Stock Channel: -1002861193688
2026-01-19 14:07:52,615 - __main__ - INFO - ==================================================
2026-01-19 21:04:45,300 - __main__ - INFO - YT-108 exists, using YT-143 instead
2026-01-19 21:05:51,058 - __main__ - INFO - ?? Confirmation callback received: publish_now
2026-01-19 21:05:51,058 - __main__ - INFO - ?? PUBLISH NOW clicked - Starting publish process
2026-01-19 21:05:51,058 - __main__ - INFO - ?? Listing data: {'platform': 'YouTube', 'account_type': '3-Features Enabled Channel', 'subscribers': 1000, 'views': 30000, 'niche': 'Mixed', 'features': '3 Features Enabled', 'monetization': 'Enabled', 'region': 'USA', 'status': 'No Strikes', 'price': 45.0, 'listing_id': 'YT-143', 'seller_contact': 'https://t.me/submarket7'}
2026-01-19 21:05:51,059 - __main__ - INFO - Posting to screenshot channel by username: @smyardsgallary
2026-01-19 21:05:52,333 - __main__ - INFO - ✅ Screenshot posted to gallery. Message ID: 343
2026-01-19 21:05:52,333 - __main__ - INFO - ?? Screenshot post: 343
2026-01-19 21:05:53,132 - __main__ - INFO - ?? Discussion post: 2484
2026-01-19 21:05:53,133 - __main__ - INFO - ?? Posting to main channel...
2026-01-19 21:05:53,133 - __main__ - INFO - Generated screenshot URL: https://t.me/smyardsgallary/343
2026-01-19 21:05:53,133 - __main__ - INFO - 📤 Posting to MAIN CHANNEL: @smyard
2026-01-19 21:05:53,887 - __main__ - INFO - ✅ Main channel posted: 178
2026-01-19 21:05:53,887 - __main__ - INFO - ? Main channel: 178
2026-01-19 21:05:53,888 - __main__ - INFO - ?? Posting to stock channel...
2026-01-19 21:05:54,035 - __main__ - INFO - ? Stock channel: 120
2026-01-19 21:05:54,145 - __main__ - INFO - ?? Publishing completed successfully!
2026-01-21 13:37:35,111 - __main__ - INFO - ==================================================
2026-01-21 13:37:35,119 - __main__ - INFO - ✅ SMYARDS BOT STARTED
2026-01-21 13:37:35,121 - __main__ - INFO - 📢 Main Channel: @smyard
2026-01-21 13:37:35,121 - __main__ - INFO - 📋 Stock Channel: -1002861193688
2026-01-21 13:37:35,121 - __main__ - INFO - ==================================================
2026-01-21 15:42:07,720 - __main__ - INFO - Customer callback received: buyer_start
2026-01-21 15:42:14,107 - __main__ - INFO - Customer callback received: back_to_customer
2026-01-21 15:42:15,161 - __main__ - INFO - Customer callback received: seller_start
2026-01-21 15:42:18,330 - __main__ - INFO - Customer callback received: seller_list_account
2026-01-21 15:42:20,470 - __main__ - INFO - Customer callback received: customer_platform_YouTube
2026-01-21 15:42:30,483 - __main__ - INFO - Customer callback received: customer_type_3-Features Enabled Channel
2026-01-21 18:28:11,395 - __main__ - INFO - Customer callback received: customer_skip_screenshots
2026-01-21 18:28:58,254 - __main__ - INFO - Customer callback received: customer_submit_listing
2026-01-21 18:29:27,782 - __main__ - INFO - Customer callback received: back_to_customer
2026-01-21 18:30:06,969 - __main__ - INFO - Admin approving customer listing: CYT-014
2026-01-21 18:30:06,971 - __main__ - INFO - Customer listing ID: CYT-014 → New ID: YT-144 (Max found: 143)
2026-01-21 18:30:07,092 - __main__ - INFO - Discussion post: 2492
2026-01-21 18:30:07,092 - __main__ - INFO - 📤 Posting to MAIN CHANNEL: @smyard
2026-01-21 18:30:07,255 - __main__ - INFO - ✅ Main channel posted: 179
2026-01-21 18:30:07,255 - __main__ - INFO - Main channel posted: 179
2026-01-21 18:30:07,411 - __main__ - INFO - Stock channel posted: 121
2026-01-22 14:23:30,705 - __main__ - INFO - ==================================================
2026-01-22 14:23:30,705 - __main__ - INFO - ✅ SMYARDS BOT STARTED
2026-01-22 14:23:30,705 - __main__ - INFO - 📢 Main Channel: @smyard
2026-01-22 14:23:30,705 - __main__ - INFO - 📋 Stock Channel: -1002861193688
2026-01-22 14:23:30,705 - __main__ - INFO - ==================================================
2026-01-22 16:39:35,870 - __main__ - ERROR - Update "None" caused error "urllib3 HTTPError HTTPSConnectionPool(host='api.telegram.org', port=443): Max retries exceeded with url: /bot8383643986:AAFVI4MDb2zjy7DT9lsI3x6rn2UOyd-biPQ/getUpdates (Caused by NewConnectionError('<telegram.vendor.ptb_urllib3.urllib3.connection.VerifiedHTTPSConnection object at 0x000002D8B0D58950>: Failed to establish a new connection: [Errno 11001] getaddrinfo failed'))"
2026-01-22 16:39:35,943 - __main__ - ERROR - Full error: Traceback (most recent call last):
  File "C:\Users\Win10 Pro\AppData\Roaming\Python\Python311\site-packages\telegram\vendor\ptb_urllib3\urllib3\connection.py", line 140, in _new_conn
    conn = connection.create_connection(
           ^^^^^^^^^^^^^^^^^^^^^^^^^^^^^
  File "C:\Users\Win10 Pro\AppData\Roaming\Python\Python311\site-packages\telegram\vendor\ptb_urllib3\urllib3\util\connection.py", line 60, in create_connection
    for res in socket.getaddrinfo(host, port, family, socket.SOCK_STREAM):
               ^^^^^^^^^^^^^^^^^^^^^^^^^^^^^^^^^^^^^^^^^^^^^^^^^^^^^^^^^^
  File "C:\Program Files\Python311\Lib\socket.py", line 961, in getaddrinfo
    for res in _socket.getaddrinfo(host, port, family, type, proto, flags):
               ^^^^^^^^^^^^^^^^^^^^^^^^^^^^^^^^^^^^^^^^^^^^^^^^^^^^^^^^^^^
socket.gaierror: [Errno 11001] getaddrinfo failed

During handling of the above exception, another exception occurred:

Traceback (most recent call last):
  File "C:\Users\Win10 Pro\AppData\Roaming\Python\Python311\site-packages\telegram\vendor\ptb_urllib3\urllib3\connectionpool.py", line 614, in urlopen
    httplib_response = self._make_request(conn, method, url,
                       ^^^^^^^^^^^^^^^^^^^^^^^^^^^^^^^^^^^^^
  File "C:\Users\Win10 Pro\AppData\Roaming\Python\Python311\site-packages\telegram\vendor\ptb_urllib3\urllib3\connectionpool.py", line 360, in _make_request
    self._validate_conn(conn)
  File "C:\Users\Win10 Pro\AppData\Roaming\Python\Python311\site-packages\telegram\vendor\ptb_urllib3\urllib3\connectionpool.py", line 857, in _validate_conn
    super(HTTPSConnectionPool, self)._validate_conn(conn)
  File "C:\Users\Win10 Pro\AppData\Roaming\Python\Python311\site-packages\telegram\vendor\ptb_urllib3\urllib3\connectionpool.py", line 289, in _validate_conn
    conn.connect()
  File "C:\Users\Win10 Pro\AppData\Roaming\Python\Python311\site-packages\telegram\vendor\ptb_urllib3\urllib3\connection.py", line 284, in connect
    conn = self._new_conn()
           ^^^^^^^^^^^^^^^^
  File "C:\Users\Win10 Pro\AppData\Roaming\Python\Python311\site-packages\telegram\vendor\ptb_urllib3\urllib3\connection.py", line 149, in _new_conn
    raise NewConnectionError(
telegram.vendor.ptb_urllib3.urllib3.exceptions.NewConnectionError: <telegram.vendor.ptb_urllib3.urllib3.connection.VerifiedHTTPSConnection object at 0x000002D8B0D58950>: Failed to establish a new connection: [Errno 11001] getaddrinfo failed

During handling of the above exception, another exception occurred:

Traceback (most recent call last):
  File "C:\Users\Win10 Pro\AppData\Roaming\Python\Python311\site-packages\telegram\utils\request.py", line 259, in _request_wrapper
    resp = self._con_pool.request(*args, **kwargs)
           ^^^^^^^^^^^^^^^^^^^^^^^^^^^^^^^^^^^^^^^
  File "C:\Users\Win10 Pro\AppData\Roaming\Python\Python311\site-packages\telegram\vendor\ptb_urllib3\urllib3\request.py", line 68, in request
    return self.request_encode_body(method, url, fields=fields,
           ^^^^^^^^^^^^^^^^^^^^^^^^^^^^^^^^^^^^^^^^^^^^^^^^^^^^
  File "C:\Users\Win10 Pro\AppData\Roaming\Python\Python311\site-packages\telegram\vendor\ptb_urllib3\urllib3\request.py", line 148, in request_encode_body
    return self.urlopen(method, url, **extra_kw)
           ^^^^^^^^^^^^^^^^^^^^^^^^^^^^^^^^^^^^^
  File "C:\Users\Win10 Pro\AppData\Roaming\Python\Python311\site-packages\telegram\vendor\ptb_urllib3\urllib3\poolmanager.py", line 244, in urlopen
    response = conn.urlopen(method, u.request_uri, **kw)
               ^^^^^^^^^^^^^^^^^^^^^^^^^^^^^^^^^^^^^^^^^
  File "C:\Users\Win10 Pro\AppData\Roaming\Python\Python311\site-packages\telegram\vendor\ptb_urllib3\urllib3\connectionpool.py", line 691, in urlopen
    return self.urlopen(method, url, body, headers, retries,
           ^^^^^^^^^^^^^^^^^^^^^^^^^^^^^^^^^^^^^^^^^^^^^^^^^
  File "C:\Users\Win10 Pro\AppData\Roaming\Python\Python311\site-packages\telegram\vendor\ptb_urllib3\urllib3\connectionpool.py", line 691, in urlopen
    return self.urlopen(method, url, body, headers, retries,
           ^^^^^^^^^^^^^^^^^^^^^^^^^^^^^^^^^^^^^^^^^^^^^^^^^
  File "C:\Users\Win10 Pro\AppData\Roaming\Python\Python311\site-packages\telegram\vendor\ptb_urllib3\urllib3\connectionpool.py", line 691, in urlopen
    return self.urlopen(method, url, body, headers, retries,
           ^^^^^^^^^^^^^^^^^^^^^^^^^^^^^^^^^^^^^^^^^^^^^^^^^
  File "C:\Users\Win10 Pro\AppData\Roaming\Python\Python311\site-packages\telegram\vendor\ptb_urllib3\urllib3\connectionpool.py", line 665, in urlopen
    retries = retries.increment(method, url, error=e, _pool=self,
              ^^^^^^^^^^^^^^^^^^^^^^^^^^^^^^^^^^^^^^^^^^^^^^^^^^^
  File "C:\Users\Win10 Pro\AppData\Roaming\Python\Python311\site-packages\telegram\vendor\ptb_urllib3\urllib3\util\retry.py", line 376, in increment
    raise MaxRetryError(_pool, url, error or ResponseError(cause))
telegram.vendor.ptb_urllib3.urllib3.exceptions.MaxRetryError: HTTPSConnectionPool(host='api.telegram.org', port=443): Max retries exceeded with url: /bot8383643986:AAFVI4MDb2zjy7DT9lsI3x6rn2UOyd-biPQ/getUpdates (Caused by NewConnectionError('<telegram.vendor.ptb_urllib3.urllib3.connection.VerifiedHTTPSConnection object at 0x000002D8B0D58950>: Failed to establish a new connection: [Errno 11001] getaddrinfo failed'))

The above exception was the direct cause of the following exception:

Traceback (most recent call last):
  File "C:\smyards_bot\bot_final_fixed.py", line 3238, in error_handler
    raise context.error
  File "C:\Users\Win10 Pro\AppData\Roaming\Python\Python311\site-packages\telegram\ext\updater.py", line 651, in _network_loop_retry
    if not action_cb():
           ^^^^^^^^^^^
  File "C:\Users\Win10 Pro\AppData\Roaming\Python\Python311\site-packages\telegram\ext\updater.py", line 602, in polling_action_cb
    updates = self.bot.get_updates(
              ^^^^^^^^^^^^^^^^^^^^^
  File "C:\Users\Win10 Pro\AppData\Roaming\Python\Python311\site-packages\telegram\ext\extbot.py", line 228, in get_updates
    updates = super().get_updates(
              ^^^^^^^^^^^^^^^^^^^^
  File "C:\Users\Win10 Pro\AppData\Roaming\Python\Python311\site-packages\telegram\bot.py", line 134, in decorator
    result = func(*args, **kwargs)
             ^^^^^^^^^^^^^^^^^^^^^
  File "C:\Users\Win10 Pro\AppData\Roaming\Python\Python311\site-packages\telegram\bot.py", line 3140, in get_updates
    self._post(
  File "C:\Users\Win10 Pro\AppData\Roaming\Python\Python311\site-packages\telegram\bot.py", line 299, in _post
    return self.request.post(
           ^^^^^^^^^^^^^^^^^^
  File "C:\Users\Win10 Pro\AppData\Roaming\Python\Python311\site-packages\telegram\utils\request.py", line 361, in post
    result = self._request_wrapper(
             ^^^^^^^^^^^^^^^^^^^^^^
  File "C:\Users\Win10 Pro\AppData\Roaming\Python\Python311\site-packages\telegram\utils\request.py", line 265, in _request_wrapper
    raise NetworkError(f'urllib3 HTTPError {error}') from error
telegram.error.NetworkError: urllib3 HTTPError HTTPSConnectionPool(host='api.telegram.org', port=443): Max retries exceeded with url: /bot8383643986:AAFVI4MDb2zjy7DT9lsI3x6rn2UOyd-biPQ/getUpdates (Caused by NewConnectionError('<telegram.vendor.ptb_urllib3.urllib3.connection.VerifiedHTTPSConnection object at 0x000002D8B0D58950>: Failed to establish a new connection: [Errno 11001] getaddrinfo failed'))

2026-01-22 16:39:36,874 - __main__ - ERROR - Update "None" caused error "urllib3 HTTPError HTTPSConnectionPool(host='api.telegram.org', port=443): Max retries exceeded with url: /bot8383643986:AAFVI4MDb2zjy7DT9lsI3x6rn2UOyd-biPQ/getUpdates (Caused by NewConnectionError('<telegram.vendor.ptb_urllib3.urllib3.connection.VerifiedHTTPSConnection object at 0x000002D8B0EAE5D0>: Failed to establish a new connection: [Errno 11001] getaddrinfo failed'))"
2026-01-22 16:39:36,878 - __main__ - ERROR - Full error: Traceback (most recent call last):
  File "C:\Users\Win10 Pro\AppData\Roaming\Python\Python311\site-packages\telegram\vendor\ptb_urllib3\urllib3\connection.py", line 140, in _new_conn
    conn = connection.create_connection(
           ^^^^^^^^^^^^^^^^^^^^^^^^^^^^^
  File "C:\Users\Win10 Pro\AppData\Roaming\Python\Python311\site-packages\telegram\vendor\ptb_urllib3\urllib3\util\connection.py", line 60, in create_connection
    for res in socket.getaddrinfo(host, port, family, socket.SOCK_STREAM):
               ^^^^^^^^^^^^^^^^^^^^^^^^^^^^^^^^^^^^^^^^^^^^^^^^^^^^^^^^^^
  File "C:\Program Files\Python311\Lib\socket.py", line 961, in getaddrinfo
    for res in _socket.getaddrinfo(host, port, family, type, proto, flags):
               ^^^^^^^^^^^^^^^^^^^^^^^^^^^^^^^^^^^^^^^^^^^^^^^^^^^^^^^^^^^
socket.gaierror: [Errno 11001] getaddrinfo failed

During handling of the above exception, another exception occurred:

Traceback (most recent call last):
  File "C:\Users\Win10 Pro\AppData\Roaming\Python\Python311\site-packages\telegram\vendor\ptb_urllib3\urllib3\connectionpool.py", line 614, in urlopen
    httplib_response = self._make_request(conn, method, url,
                       ^^^^^^^^^^^^^^^^^^^^^^^^^^^^^^^^^^^^^
  File "C:\Users\Win10 Pro\AppData\Roaming\Python\Python311\site-packages\telegram\vendor\ptb_urllib3\urllib3\connectionpool.py", line 360, in _make_request
    self._validate_conn(conn)
  File "C:\Users\Win10 Pro\AppData\Roaming\Python\Python311\site-packages\telegram\vendor\ptb_urllib3\urllib3\connectionpool.py", line 857, in _validate_conn
    super(HTTPSConnectionPool, self)._validate_conn(conn)
  File "C:\Users\Win10 Pro\AppData\Roaming\Python\Python311\site-packages\telegram\vendor\ptb_urllib3\urllib3\connectionpool.py", line 289, in _validate_conn
    conn.connect()
  File "C:\Users\Win10 Pro\AppData\Roaming\Python\Python311\site-packages\telegram\vendor\ptb_urllib3\urllib3\connection.py", line 284, in connect
    conn = self._new_conn()
           ^^^^^^^^^^^^^^^^
  File "C:\Users\Win10 Pro\AppData\Roaming\Python\Python311\site-packages\telegram\vendor\ptb_urllib3\urllib3\connection.py", line 149, in _new_conn
    raise NewConnectionError(
telegram.vendor.ptb_urllib3.urllib3.exceptions.NewConnectionError: <telegram.vendor.ptb_urllib3.urllib3.connection.VerifiedHTTPSConnection object at 0x000002D8B0EAE5D0>: Failed to establish a new connection: [Errno 11001] getaddrinfo failed

During handling of the above exception, another exception occurred:

Traceback (most recent call last):
  File "C:\Users\Win10 Pro\AppData\Roaming\Python\Python311\site-packages\telegram\utils\request.py", line 259, in _request_wrapper
    resp = self._con_pool.request(*args, **kwargs)
           ^^^^^^^^^^^^^^^^^^^^^^^^^^^^^^^^^^^^^^^
  File "C:\Users\Win10 Pro\AppData\Roaming\Python\Python311\site-packages\telegram\vendor\ptb_urllib3\urllib3\request.py", line 68, in request
    return self.request_encode_body(method, url, fields=fields,
           ^^^^^^^^^^^^^^^^^^^^^^^^^^^^^^^^^^^^^^^^^^^^^^^^^^^^
  File "C:\Users\Win10 Pro\AppData\Roaming\Python\Python311\site-packages\telegram\vendor\ptb_urllib3\urllib3\request.py", line 148, in request_encode_body
    return self.urlopen(method, url, **extra_kw)
           ^^^^^^^^^^^^^^^^^^^^^^^^^^^^^^^^^^^^^
  File "C:\Users\Win10 Pro\AppData\Roaming\Python\Python311\site-packages\telegram\vendor\ptb_urllib3\urllib3\poolmanager.py", line 244, in urlopen
    response = conn.urlopen(method, u.request_uri, **kw)
               ^^^^^^^^^^^^^^^^^^^^^^^^^^^^^^^^^^^^^^^^^
  File "C:\Users\Win10 Pro\AppData\Roaming\Python\Python311\site-packages\telegram\vendor\ptb_urllib3\urllib3\connectionpool.py", line 691, in urlopen
    return self.urlopen(method, url, body, headers, retries,
           ^^^^^^^^^^^^^^^^^^^^^^^^^^^^^^^^^^^^^^^^^^^^^^^^^
  File "C:\Users\Win10 Pro\AppData\Roaming\Python\Python311\site-packages\telegram\vendor\ptb_urllib3\urllib3\connectionpool.py", line 691, in urlopen
    return self.urlopen(method, url, body, headers, retries,
           ^^^^^^^^^^^^^^^^^^^^^^^^^^^^^^^^^^^^^^^^^^^^^^^^^
  File "C:\Users\Win10 Pro\AppData\Roaming\Python\Python311\site-packages\telegram\vendor\ptb_urllib3\urllib3\connectionpool.py", line 691, in urlopen
    return self.urlopen(method, url, body, headers, retries,
           ^^^^^^^^^^^^^^^^^^^^^^^^^^^^^^^^^^^^^^^^^^^^^^^^^
  File "C:\Users\Win10 Pro\AppData\Roaming\Python\Python311\site-packages\telegram\vendor\ptb_urllib3\urllib3\connectionpool.py", line 665, in urlopen
    retries = retries.increment(method, url, error=e, _pool=self,
              ^^^^^^^^^^^^^^^^^^^^^^^^^^^^^^^^^^^^^^^^^^^^^^^^^^^
  File "C:\Users\Win10 Pro\AppData\Roaming\Python\Python311\site-packages\telegram\vendor\ptb_urllib3\urllib3\util\retry.py", line 376, in increment
    raise MaxRetryError(_pool, url, error or ResponseError(cause))
telegram.vendor.ptb_urllib3.urllib3.exceptions.MaxRetryError: HTTPSConnectionPool(host='api.telegram.org', port=443): Max retries exceeded with url: /bot8383643986:AAFVI4MDb2zjy7DT9lsI3x6rn2UOyd-biPQ/getUpdates (Caused by NewConnectionError('<telegram.vendor.ptb_urllib3.urllib3.connection.VerifiedHTTPSConnection object at 0x000002D8B0EAE5D0>: Failed to establish a new connection: [Errno 11001] getaddrinfo failed'))

The above exception was the direct cause of the following exception:

Traceback (most recent call last):
  File "C:\smyards_bot\bot_final_fixed.py", line 3238, in error_handler
    raise context.error
  File "C:\Users\Win10 Pro\AppData\Roaming\Python\Python311\site-packages\telegram\ext\updater.py", line 651, in _network_loop_retry
    if not action_cb():
           ^^^^^^^^^^^
  File "C:\Users\Win10 Pro\AppData\Roaming\Python\Python311\site-packages\telegram\ext\updater.py", line 602, in polling_action_cb
    updates = self.bot.get_updates(
              ^^^^^^^^^^^^^^^^^^^^^
  File "C:\Users\Win10 Pro\AppData\Roaming\Python\Python311\site-packages\telegram\ext\extbot.py", line 228, in get_updates
    updates = super().get_updates(
              ^^^^^^^^^^^^^^^^^^^^
  File "C:\Users\Win10 Pro\AppData\Roaming\Python\Python311\site-packages\telegram\bot.py", line 134, in decorator
    result = func(*args, **kwargs)
             ^^^^^^^^^^^^^^^^^^^^^
  File "C:\Users\Win10 Pro\AppData\Roaming\Python\Python311\site-packages\telegram\bot.py", line 3140, in get_updates
    self._post(
  File "C:\Users\Win10 Pro\AppData\Roaming\Python\Python311\site-packages\telegram\bot.py", line 299, in _post
    return self.request.post(
           ^^^^^^^^^^^^^^^^^^
  File "C:\Users\Win10 Pro\AppData\Roaming\Python\Python311\site-packages\telegram\utils\request.py", line 361, in post
    result = self._request_wrapper(
             ^^^^^^^^^^^^^^^^^^^^^^
  File "C:\Users\Win10 Pro\AppData\Roaming\Python\Python311\site-packages\telegram\utils\request.py", line 265, in _request_wrapper
    raise NetworkError(f'urllib3 HTTPError {error}') from error
telegram.error.NetworkError: urllib3 HTTPError HTTPSConnectionPool(host='api.telegram.org', port=443): Max retries exceeded with url: /bot8383643986:AAFVI4MDb2zjy7DT9lsI3x6rn2UOyd-biPQ/getUpdates (Caused by NewConnectionError('<telegram.vendor.ptb_urllib3.urllib3.connection.VerifiedHTTPSConnection object at 0x000002D8B0EAE5D0>: Failed to establish a new connection: [Errno 11001] getaddrinfo failed'))

2026-01-22 18:59:39,651 - __main__ - ERROR - Update "None" caused error "urllib3 HTTPError HTTPSConnectionPool(host='api.telegram.org', port=443): Max retries exceeded with url: /bot8383643986:AAFVI4MDb2zjy7DT9lsI3x6rn2UOyd-biPQ/getUpdates (Caused by NewConnectionError('<telegram.vendor.ptb_urllib3.urllib3.connection.VerifiedHTTPSConnection object at 0x000002D8B0D58290>: Failed to establish a new connection: [Errno 11001] getaddrinfo failed'))"
2026-01-22 18:59:39,654 - __main__ - ERROR - Full error: Traceback (most recent call last):
  File "C:\Users\Win10 Pro\AppData\Roaming\Python\Python311\site-packages\telegram\vendor\ptb_urllib3\urllib3\connection.py", line 140, in _new_conn
    conn = connection.create_connection(
           ^^^^^^^^^^^^^^^^^^^^^^^^^^^^^
  File "C:\Users\Win10 Pro\AppData\Roaming\Python\Python311\site-packages\telegram\vendor\ptb_urllib3\urllib3\util\connection.py", line 60, in create_connection
    for res in socket.getaddrinfo(host, port, family, socket.SOCK_STREAM):
               ^^^^^^^^^^^^^^^^^^^^^^^^^^^^^^^^^^^^^^^^^^^^^^^^^^^^^^^^^^
  File "C:\Program Files\Python311\Lib\socket.py", line 961, in getaddrinfo
    for res in _socket.getaddrinfo(host, port, family, type, proto, flags):
               ^^^^^^^^^^^^^^^^^^^^^^^^^^^^^^^^^^^^^^^^^^^^^^^^^^^^^^^^^^^
socket.gaierror: [Errno 11001] getaddrinfo failed

During handling of the above exception, another exception occurred:

Traceback (most recent call last):
  File "C:\Users\Win10 Pro\AppData\Roaming\Python\Python311\site-packages\telegram\vendor\ptb_urllib3\urllib3\connectionpool.py", line 614, in urlopen
    httplib_response = self._make_request(conn, method, url,
                       ^^^^^^^^^^^^^^^^^^^^^^^^^^^^^^^^^^^^^
  File "C:\Users\Win10 Pro\AppData\Roaming\Python\Python311\site-packages\telegram\vendor\ptb_urllib3\urllib3\connectionpool.py", line 360, in _make_request
    self._validate_conn(conn)
  File "C:\Users\Win10 Pro\AppData\Roaming\Python\Python311\site-packages\telegram\vendor\ptb_urllib3\urllib3\connectionpool.py", line 857, in _validate_conn
    super(HTTPSConnectionPool, self)._validate_conn(conn)
  File "C:\Users\Win10 Pro\AppData\Roaming\Python\Python311\site-packages\telegram\vendor\ptb_urllib3\urllib3\connectionpool.py", line 289, in _validate_conn
    conn.connect()
  File "C:\Users\Win10 Pro\AppData\Roaming\Python\Python311\site-packages\telegram\vendor\ptb_urllib3\urllib3\connection.py", line 284, in connect
    conn = self._new_conn()
           ^^^^^^^^^^^^^^^^
  File "C:\Users\Win10 Pro\AppData\Roaming\Python\Python311\site-packages\telegram\vendor\ptb_urllib3\urllib3\connection.py", line 149, in _new_conn
    raise NewConnectionError(
telegram.vendor.ptb_urllib3.urllib3.exceptions.NewConnectionError: <telegram.vendor.ptb_urllib3.urllib3.connection.VerifiedHTTPSConnection object at 0x000002D8B0D58290>: Failed to establish a new connection: [Errno 11001] getaddrinfo failed

During handling of the above exception, another exception occurred:

Traceback (most recent call last):
  File "C:\Users\Win10 Pro\AppData\Roaming\Python\Python311\site-packages\telegram\utils\request.py", line 259, in _request_wrapper
    resp = self._con_pool.request(*args, **kwargs)
           ^^^^^^^^^^^^^^^^^^^^^^^^^^^^^^^^^^^^^^^
  File "C:\Users\Win10 Pro\AppData\Roaming\Python\Python311\site-packages\telegram\vendor\ptb_urllib3\urllib3\request.py", line 68, in request
    return self.request_encode_body(method, url, fields=fields,
           ^^^^^^^^^^^^^^^^^^^^^^^^^^^^^^^^^^^^^^^^^^^^^^^^^^^^
  File "C:\Users\Win10 Pro\AppData\Roaming\Python\Python311\site-packages\telegram\vendor\ptb_urllib3\urllib3\request.py", line 148, in request_encode_body
    return self.urlopen(method, url, **extra_kw)
           ^^^^^^^^^^^^^^^^^^^^^^^^^^^^^^^^^^^^^
  File "C:\Users\Win10 Pro\AppData\Roaming\Python\Python311\site-packages\telegram\vendor\ptb_urllib3\urllib3\poolmanager.py", line 244, in urlopen
    response = conn.urlopen(method, u.request_uri, **kw)
               ^^^^^^^^^^^^^^^^^^^^^^^^^^^^^^^^^^^^^^^^^
  File "C:\Users\Win10 Pro\AppData\Roaming\Python\Python311\site-packages\telegram\vendor\ptb_urllib3\urllib3\connectionpool.py", line 691, in urlopen
    return self.urlopen(method, url, body, headers, retries,
           ^^^^^^^^^^^^^^^^^^^^^^^^^^^^^^^^^^^^^^^^^^^^^^^^^
  File "C:\Users\Win10 Pro\AppData\Roaming\Python\Python311\site-packages\telegram\vendor\ptb_urllib3\urllib3\connectionpool.py", line 691, in urlopen
    return self.urlopen(method, url, body, headers, retries,
           ^^^^^^^^^^^^^^^^^^^^^^^^^^^^^^^^^^^^^^^^^^^^^^^^^
  File "C:\Users\Win10 Pro\AppData\Roaming\Python\Python311\site-packages\telegram\vendor\ptb_urllib3\urllib3\connectionpool.py", line 691, in urlopen
    return self.urlopen(method, url, body, headers, retries,
           ^^^^^^^^^^^^^^^^^^^^^^^^^^^^^^^^^^^^^^^^^^^^^^^^^
  File "C:\Users\Win10 Pro\AppData\Roaming\Python\Python311\site-packages\telegram\vendor\ptb_urllib3\urllib3\connectionpool.py", line 665, in urlopen
    retries = retries.increment(method, url, error=e, _pool=self,
              ^^^^^^^^^^^^^^^^^^^^^^^^^^^^^^^^^^^^^^^^^^^^^^^^^^^
  File "C:\Users\Win10 Pro\AppData\Roaming\Python\Python311\site-packages\telegram\vendor\ptb_urllib3\urllib3\util\retry.py", line 376, in increment
    raise MaxRetryError(_pool, url, error or ResponseError(cause))
telegram.vendor.ptb_urllib3.urllib3.exceptions.MaxRetryError: HTTPSConnectionPool(host='api.telegram.org', port=443): Max retries exceeded with url: /bot8383643986:AAFVI4MDb2zjy7DT9lsI3x6rn2UOyd-biPQ/getUpdates (Caused by NewConnectionError('<telegram.vendor.ptb_urllib3.urllib3.connection.VerifiedHTTPSConnection object at 0x000002D8B0D58290>: Failed to establish a new connection: [Errno 11001] getaddrinfo failed'))

The above exception was the direct cause of the following exception:

Traceback (most recent call last):
  File "C:\smyards_bot\bot_final_fixed.py", line 3238, in error_handler
    raise context.error
  File "C:\Users\Win10 Pro\AppData\Roaming\Python\Python311\site-packages\telegram\ext\updater.py", line 651, in _network_loop_retry
    if not action_cb():
           ^^^^^^^^^^^
  File "C:\Users\Win10 Pro\AppData\Roaming\Python\Python311\site-packages\telegram\ext\updater.py", line 602, in polling_action_cb
    updates = self.bot.get_updates(
              ^^^^^^^^^^^^^^^^^^^^^
  File "C:\Users\Win10 Pro\AppData\Roaming\Python\Python311\site-packages\telegram\ext\extbot.py", line 228, in get_updates
    updates = super().get_updates(
              ^^^^^^^^^^^^^^^^^^^^
  File "C:\Users\Win10 Pro\AppData\Roaming\Python\Python311\site-packages\telegram\bot.py", line 134, in decorator
    result = func(*args, **kwargs)
             ^^^^^^^^^^^^^^^^^^^^^
  File "C:\Users\Win10 Pro\AppData\Roaming\Python\Python311\site-packages\telegram\bot.py", line 3140, in get_updates
    self._post(
  File "C:\Users\Win10 Pro\AppData\Roaming\Python\Python311\site-packages\telegram\bot.py", line 299, in _post
    return self.request.post(
           ^^^^^^^^^^^^^^^^^^
  File "C:\Users\Win10 Pro\AppData\Roaming\Python\Python311\site-packages\telegram\utils\request.py", line 361, in post
    result = self._request_wrapper(
             ^^^^^^^^^^^^^^^^^^^^^^
  File "C:\Users\Win10 Pro\AppData\Roaming\Python\Python311\site-packages\telegram\utils\request.py", line 265, in _request_wrapper
    raise NetworkError(f'urllib3 HTTPError {error}') from error
telegram.error.NetworkError: urllib3 HTTPError HTTPSConnectionPool(host='api.telegram.org', port=443): Max retries exceeded with url: /bot8383643986:AAFVI4MDb2zjy7DT9lsI3x6rn2UOyd-biPQ/getUpdates (Caused by NewConnectionError('<telegram.vendor.ptb_urllib3.urllib3.connection.VerifiedHTTPSConnection object at 0x000002D8B0D58290>: Failed to establish a new connection: [Errno 11001] getaddrinfo failed'))

2026-01-22 18:59:41,904 - __main__ - ERROR - Update "None" caused error "urllib3 HTTPError HTTPSConnectionPool(host='api.telegram.org', port=443): Max retries exceeded with url: /bot8383643986:AAFVI4MDb2zjy7DT9lsI3x6rn2UOyd-biPQ/getUpdates (Caused by NewConnectionError('<telegram.vendor.ptb_urllib3.urllib3.connection.VerifiedHTTPSConnection object at 0x000002D8B0EAD0D0>: Failed to establish a new connection: [Errno 11001] getaddrinfo failed'))"
2026-01-22 18:59:41,908 - __main__ - ERROR - Full error: Traceback (most recent call last):
  File "C:\Users\Win10 Pro\AppData\Roaming\Python\Python311\site-packages\telegram\vendor\ptb_urllib3\urllib3\connection.py", line 140, in _new_conn
    conn = connection.create_connection(
           ^^^^^^^^^^^^^^^^^^^^^^^^^^^^^
  File "C:\Users\Win10 Pro\AppData\Roaming\Python\Python311\site-packages\telegram\vendor\ptb_urllib3\urllib3\util\connection.py", line 60, in create_connection
    for res in socket.getaddrinfo(host, port, family, socket.SOCK_STREAM):
               ^^^^^^^^^^^^^^^^^^^^^^^^^^^^^^^^^^^^^^^^^^^^^^^^^^^^^^^^^^
  File "C:\Program Files\Python311\Lib\socket.py", line 961, in getaddrinfo
    for res in _socket.getaddrinfo(host, port, family, type, proto, flags):
               ^^^^^^^^^^^^^^^^^^^^^^^^^^^^^^^^^^^^^^^^^^^^^^^^^^^^^^^^^^^
socket.gaierror: [Errno 11001] getaddrinfo failed

During handling of the above exception, another exception occurred:

Traceback (most recent call last):
  File "C:\Users\Win10 Pro\AppData\Roaming\Python\Python311\site-packages\telegram\vendor\ptb_urllib3\urllib3\connectionpool.py", line 614, in urlopen
    httplib_response = self._make_request(conn, method, url,
                       ^^^^^^^^^^^^^^^^^^^^^^^^^^^^^^^^^^^^^
  File "C:\Users\Win10 Pro\AppData\Roaming\Python\Python311\site-packages\telegram\vendor\ptb_urllib3\urllib3\connectionpool.py", line 360, in _make_request
    self._validate_conn(conn)
  File "C:\Users\Win10 Pro\AppData\Roaming\Python\Python311\site-packages\telegram\vendor\ptb_urllib3\urllib3\connectionpool.py", line 857, in _validate_conn
    super(HTTPSConnectionPool, self)._validate_conn(conn)
  File "C:\Users\Win10 Pro\AppData\Roaming\Python\Python311\site-packages\telegram\vendor\ptb_urllib3\urllib3\connectionpool.py", line 289, in _validate_conn
    conn.connect()
  File "C:\Users\Win10 Pro\AppData\Roaming\Python\Python311\site-packages\telegram\vendor\ptb_urllib3\urllib3\connection.py", line 284, in connect
    conn = self._new_conn()
           ^^^^^^^^^^^^^^^^
  File "C:\Users\Win10 Pro\AppData\Roaming\Python\Python311\site-packages\telegram\vendor\ptb_urllib3\urllib3\connection.py", line 149, in _new_conn
    raise NewConnectionError(
telegram.vendor.ptb_urllib3.urllib3.exceptions.NewConnectionError: <telegram.vendor.ptb_urllib3.urllib3.connection.VerifiedHTTPSConnection object at 0x000002D8B0EAD0D0>: Failed to establish a new connection: [Errno 11001] getaddrinfo failed

During handling of the above exception, another exception occurred:

Traceback (most recent call last):
  File "C:\Users\Win10 Pro\AppData\Roaming\Python\Python311\site-packages\telegram\utils\request.py", line 259, in _request_wrapper
    resp = self._con_pool.request(*args, **kwargs)
           ^^^^^^^^^^^^^^^^^^^^^^^^^^^^^^^^^^^^^^^
  File "C:\Users\Win10 Pro\AppData\Roaming\Python\Python311\site-packages\telegram\vendor\ptb_urllib3\urllib3\request.py", line 68, in request
    return self.request_encode_body(method, url, fields=fields,
           ^^^^^^^^^^^^^^^^^^^^^^^^^^^^^^^^^^^^^^^^^^^^^^^^^^^^
  File "C:\Users\Win10 Pro\AppData\Roaming\Python\Python311\site-packages\telegram\vendor\ptb_urllib3\urllib3\request.py", line 148, in request_encode_body
    return self.urlopen(method, url, **extra_kw)
           ^^^^^^^^^^^^^^^^^^^^^^^^^^^^^^^^^^^^^
  File "C:\Users\Win10 Pro\AppData\Roaming\Python\Python311\site-packages\telegram\vendor\ptb_urllib3\urllib3\poolmanager.py", line 244, in urlopen
    response = conn.urlopen(method, u.request_uri, **kw)
               ^^^^^^^^^^^^^^^^^^^^^^^^^^^^^^^^^^^^^^^^^
  File "C:\Users\Win10 Pro\AppData\Roaming\Python\Python311\site-packages\telegram\vendor\ptb_urllib3\urllib3\connectionpool.py", line 691, in urlopen
    return self.urlopen(method, url, body, headers, retries,
           ^^^^^^^^^^^^^^^^^^^^^^^^^^^^^^^^^^^^^^^^^^^^^^^^^
  File "C:\Users\Win10 Pro\AppData\Roaming\Python\Python311\site-packages\telegram\vendor\ptb_urllib3\urllib3\connectionpool.py", line 691, in urlopen
    return self.urlopen(method, url, body, headers, retries,
           ^^^^^^^^^^^^^^^^^^^^^^^^^^^^^^^^^^^^^^^^^^^^^^^^^
  File "C:\Users\Win10 Pro\AppData\Roaming\Python\Python311\site-packages\telegram\vendor\ptb_urllib3\urllib3\connectionpool.py", line 691, in urlopen
    return self.urlopen(method, url, body, headers, retries,
           ^^^^^^^^^^^^^^^^^^^^^^^^^^^^^^^^^^^^^^^^^^^^^^^^^
  File "C:\Users\Win10 Pro\AppData\Roaming\Python\Python311\site-packages\telegram\vendor\ptb_urllib3\urllib3\connectionpool.py", line 665, in urlopen
    retries = retries.increment(method, url, error=e, _pool=self,
              ^^^^^^^^^^^^^^^^^^^^^^^^^^^^^^^^^^^^^^^^^^^^^^^^^^^
  File "C:\Users\Win10 Pro\AppData\Roaming\Python\Python311\site-packages\telegram\vendor\ptb_urllib3\urllib3\util\retry.py", line 376, in increment
    raise MaxRetryError(_pool, url, error or ResponseError(cause))
telegram.vendor.ptb_urllib3.urllib3.exceptions.MaxRetryError: HTTPSConnectionPool(host='api.telegram.org', port=443): Max retries exceeded with url: /bot8383643986:AAFVI4MDb2zjy7DT9lsI3x6rn2UOyd-biPQ/getUpdates (Caused by NewConnectionError('<telegram.vendor.ptb_urllib3.urllib3.connection.VerifiedHTTPSConnection object at 0x000002D8B0EAD0D0>: Failed to establish a new connection: [Errno 11001] getaddrinfo failed'))

The above exception was the direct cause of the following exception:

Traceback (most recent call last):
  File "C:\smyards_bot\bot_final_fixed.py", line 3238, in error_handler
    raise context.error
  File "C:\Users\Win10 Pro\AppData\Roaming\Python\Python311\site-packages\telegram\ext\updater.py", line 651, in _network_loop_retry
    if not action_cb():
           ^^^^^^^^^^^
  File "C:\Users\Win10 Pro\AppData\Roaming\Python\Python311\site-packages\telegram\ext\updater.py", line 602, in polling_action_cb
    updates = self.bot.get_updates(
              ^^^^^^^^^^^^^^^^^^^^^
  File "C:\Users\Win10 Pro\AppData\Roaming\Python\Python311\site-packages\telegram\ext\extbot.py", line 228, in get_updates
    updates = super().get_updates(
              ^^^^^^^^^^^^^^^^^^^^
  File "C:\Users\Win10 Pro\AppData\Roaming\Python\Python311\site-packages\telegram\bot.py", line 134, in decorator
    result = func(*args, **kwargs)
             ^^^^^^^^^^^^^^^^^^^^^
  File "C:\Users\Win10 Pro\AppData\Roaming\Python\Python311\site-packages\telegram\bot.py", line 3140, in get_updates
    self._post(
  File "C:\Users\Win10 Pro\AppData\Roaming\Python\Python311\site-packages\telegram\bot.py", line 299, in _post
    return self.request.post(
           ^^^^^^^^^^^^^^^^^^
  File "C:\Users\Win10 Pro\AppData\Roaming\Python\Python311\site-packages\telegram\utils\request.py", line 361, in post
    result = self._request_wrapper(
             ^^^^^^^^^^^^^^^^^^^^^^
  File "C:\Users\Win10 Pro\AppData\Roaming\Python\Python311\site-packages\telegram\utils\request.py", line 265, in _request_wrapper
    raise NetworkError(f'urllib3 HTTPError {error}') from error
telegram.error.NetworkError: urllib3 HTTPError HTTPSConnectionPool(host='api.telegram.org', port=443): Max retries exceeded with url: /bot8383643986:AAFVI4MDb2zjy7DT9lsI3x6rn2UOyd-biPQ/getUpdates (Caused by NewConnectionError('<telegram.vendor.ptb_urllib3.urllib3.connection.VerifiedHTTPSConnection object at 0x000002D8B0EAD0D0>: Failed to establish a new connection: [Errno 11001] getaddrinfo failed'))

2026-01-22 19:21:42,819 - __main__ - INFO - ==================================================
2026-01-22 19:21:42,819 - __main__ - INFO - ✅ SMYARDS BOT STARTED
2026-01-22 19:21:42,819 - __main__ - INFO - 📢 Main Channel: @smyard
2026-01-22 19:21:42,819 - __main__ - INFO - 📋 Stock Channel: -1002861193688
2026-01-22 19:21:42,819 - __main__ - INFO - ==================================================
2026-01-22 19:49:43,857 - __main__ - INFO - YT-108 exists, using YT-145 instead
2026-01-22 19:50:46,724 - __main__ - INFO - ?? Confirmation callback received: publish_now
2026-01-22 19:50:46,725 - __main__ - INFO - ?? PUBLISH NOW clicked - Starting publish process
2026-01-22 19:50:46,725 - __main__ - INFO - ?? Listing data: {'platform': 'YouTube', 'account_type': 'Organic Channel', 'subscribers': 10600, 'views': 18000000, 'niche': 'Funny/Unboxing', 'features': '3 Features Enabled', 'monetization': 'Disabled', 'region': 'USA', 'status': 'No Strikes', 'price': 160.0, 'listing_id': 'YT-145', 'seller_contact': 'https://t.me/levyafan_28'}
2026-01-22 19:50:46,725 - __main__ - INFO - Posting to screenshot channel by username: @smyardsgallary
2026-01-22 19:50:46,973 - __main__ - INFO - ✅ Screenshot posted to gallery. Message ID: 347
2026-01-22 19:50:46,973 - __main__ - INFO - ?? Screenshot post: 347
2026-01-22 19:50:47,098 - __main__ - INFO - ?? Discussion post: 2494
2026-01-22 19:50:47,099 - __main__ - INFO - ?? Posting to main channel...
2026-01-22 19:50:47,099 - __main__ - INFO - Generated screenshot URL: https://t.me/smyardsgallary/347
2026-01-22 19:50:47,099 - __main__ - INFO - 📤 Posting to MAIN CHANNEL: @smyard
2026-01-22 19:50:47,271 - __main__ - INFO - ✅ Main channel posted: 180
2026-01-22 19:50:47,272 - __main__ - INFO - ? Main channel: 180
2026-01-22 19:50:47,272 - __main__ - INFO - ?? Posting to stock channel...
2026-01-22 19:50:47,402 - __main__ - INFO - ? Stock channel: 122
2026-01-22 19:50:47,501 - __main__ - INFO - ?? Publishing completed successfully!
2026-01-24 20:37:00,394 - __main__ - INFO - ==================================================
2026-01-24 20:37:00,395 - __main__ - INFO - ✅ SMYARDS BOT STARTED
2026-01-24 20:37:00,395 - __main__ - INFO - 📢 Main Channel: @smyard
2026-01-24 20:37:00,395 - __main__ - INFO - 📋 Stock Channel: -1002861193688
2026-01-24 20:37:00,395 - __main__ - INFO - ==================================================
2026-01-24 20:40:08,220 - __main__ - INFO - YT-108 exists, using YT-146 instead
2026-01-24 20:41:03,564 - __main__ - INFO - ?? Confirmation callback received: publish_now
2026-01-24 20:41:03,564 - __main__ - INFO - ?? PUBLISH NOW clicked - Starting publish process
2026-01-24 20:41:03,565 - __main__ - INFO - ?? Listing data: {'platform': 'YouTube', 'account_type': 'Organic Channel', 'subscribers': 219000, 'views': 11000000, 'niche': 'people and blog', 'features': 'high reach trend topic', 'monetization': 'Disabled', 'region': 'India', 'status': 'No Strikes', 'price': 490.0, 'listing_id': 'YT-146', 'seller_contact': 'https://t.me/Bezue'}
2026-01-24 20:41:03,565 - __main__ - INFO - Posting to screenshot channel by username: @smyardsgallary
2026-01-24 20:41:03,879 - __main__ - INFO - ✅ Screenshot posted to gallery. Message ID: 352
2026-01-24 20:41:03,879 - __main__ - INFO - ?? Screenshot post: 352
2026-01-24 20:41:04,046 - __main__ - INFO - ?? Discussion post: 2496
2026-01-24 20:41:04,047 - __main__ - INFO - ?? Posting to main channel...
2026-01-24 20:41:04,047 - __main__ - INFO - Generated screenshot URL: https://t.me/smyardsgallary/352
2026-01-24 20:41:04,047 - __main__ - INFO - 📤 Posting to MAIN CHANNEL: @smyard
2026-01-24 20:41:04,269 - __main__ - INFO - ✅ Main channel posted: 181
2026-01-24 20:41:04,269 - __main__ - INFO - ? Main channel: 181
2026-01-24 20:41:04,270 - __main__ - INFO - ?? Posting to stock channel...
2026-01-24 20:41:04,386 - __main__ - INFO - ? Stock channel: 123
2026-01-24 20:41:04,494 - __main__ - INFO - ?? Publishing completed successfully!
2026-01-24 20:45:27,055 - __main__ - INFO - YT-108 exists, using YT-147 instead
2026-01-24 20:46:08,530 - __main__ - INFO - ?? Confirmation callback received: publish_now
2026-01-24 20:46:08,530 - __main__ - INFO - ?? PUBLISH NOW clicked - Starting publish process
2026-01-24 20:46:08,531 - __main__ - INFO - ?? Listing data: {'platform': 'YouTube', 'account_type': 'Organic Channel', 'subscribers': 140000, 'views': 20500000, 'niche': '2D Animation', 'features': '3-Features Enabled', 'monetization': 'Disabled', 'region': 'India', 'status': 'No Strikes', 'price': 250.0, 'listing_id': 'YT-147', 'seller_contact': 'https://t.me/Prajapatikapoor'}
2026-01-24 20:46:08,531 - __main__ - INFO - Posting to screenshot channel by username: @smyardsgallary
2026-01-24 20:46:08,875 - __main__ - INFO - ✅ Screenshot posted to gallery. Message ID: 357
2026-01-24 20:46:08,876 - __main__ - INFO - ?? Screenshot post: 357
2026-01-24 20:46:08,981 - __main__ - INFO - ?? Discussion post: 2498
2026-01-24 20:46:08,981 - __main__ - INFO - ?? Posting to main channel...
2026-01-24 20:46:08,981 - __main__ - INFO - Generated screenshot URL: https://t.me/smyardsgallary/357
2026-01-24 20:46:08,982 - __main__ - INFO - 📤 Posting to MAIN CHANNEL: @smyard
2026-01-24 20:46:09,145 - __main__ - INFO - ✅ Main channel posted: 182
2026-01-24 20:46:09,146 - __main__ - INFO - ? Main channel: 182
2026-01-24 20:46:09,147 - __main__ - INFO - ?? Posting to stock channel...
2026-01-24 20:46:09,295 - __main__ - INFO - ? Stock channel: 124
2026-01-24 20:46:09,435 - __main__ - INFO - ?? Publishing completed successfully!
2026-01-25 21:54:13,028 - __main__ - INFO - ==================================================
2026-01-25 21:54:13,029 - __main__ - INFO - ✅ SMYARDS BOT STARTED
2026-01-25 21:54:13,032 - __main__ - INFO - 📢 Main Channel: @smyard
2026-01-25 21:54:13,032 - __main__ - INFO - 📋 Stock Channel: -1002861193688
2026-01-25 21:54:13,032 - __main__ - INFO - ==================================================
2026-01-25 21:56:31,226 - __main__ - INFO - YT-108 exists, using YT-148 instead
2026-01-25 21:57:19,147 - __main__ - INFO - ?? Confirmation callback received: publish_now
2026-01-25 21:57:19,147 - __main__ - INFO - ?? PUBLISH NOW clicked - Starting publish process
2026-01-25 21:57:19,147 - __main__ - INFO - ?? Listing data: {'platform': 'YouTube', 'account_type': 'Organic Channel', 'subscribers': 66000, 'views': 47000000, 'niche': 'TROLLFACE', 'features': '3-Features Enabled', 'monetization': 'Disabled', 'region': 'U.S', 'status': '1 strike', 'price': 300.0, 'listing_id': 'YT-148', 'seller_contact': 'https://t.me/Naajow'}
2026-01-25 21:57:19,148 - __main__ - INFO - Posting to screenshot channel by username: @smyardsgallary
2026-01-25 21:57:19,362 - __main__ - INFO - ✅ Screenshot posted to gallery. Message ID: 361
2026-01-25 21:57:19,362 - __main__ - INFO - ?? Screenshot post: 361
2026-01-25 21:57:19,509 - __main__ - INFO - ?? Discussion post: 2503
2026-01-25 21:57:19,509 - __main__ - INFO - ?? Posting to main channel...
2026-01-25 21:57:19,509 - __main__ - INFO - Generated screenshot URL: https://t.me/smyardsgallary/361
2026-01-25 21:57:19,510 - __main__ - INFO - 📤 Posting to MAIN CHANNEL: @smyard
2026-01-25 21:57:19,710 - __main__ - INFO - ✅ Main channel posted: 183
2026-01-25 21:57:19,710 - __main__ - INFO - ? Main channel: 183
2026-01-25 21:57:19,710 - __main__ - INFO - ?? Posting to stock channel...
2026-01-25 21:57:19,862 - __main__ - INFO - ? Stock channel: 125
2026-01-25 21:57:19,966 - __main__ - INFO - ?? Publishing completed successfully!
2026-01-26 02:58:17,210 - __main__ - INFO - Customer callback received: seller_start
2026-01-26 02:58:49,323 - __main__ - INFO - Customer callback received: seller_list_account
2026-01-26 02:58:51,621 - __main__ - INFO - Customer callback received: customer_platform_YouTube
2026-01-26 02:58:55,118 - __main__ - INFO - Customer callback received: customer_type_Monetized Channel
2026-01-27 17:05:57,571 - __main__ - INFO - ==================================================
2026-01-27 17:05:57,571 - __main__ - INFO - ✅ SMYARDS BOT STARTED
2026-01-27 17:05:57,571 - __main__ - INFO - 📢 Main Channel: @smyard
2026-01-27 17:05:57,571 - __main__ - INFO - 📋 Stock Channel: -1002861193688
2026-01-27 17:05:57,571 - __main__ - INFO - ==================================================
2026-01-27 17:50:10,222 - __main__ - ERROR - Update "{'update_id': 814884205, 'message': {'supergroup_chat_created': False, 'text': '/start', 'date': 1769529009, 'photo': [], 'new_chat_photo': [], 'message_id': 2172, 'caption_entities': [], 'entities': [{'type': 'bot_command', 'offset': 0, 'length': 6}], 'channel_chat_created': False, 'chat': {'type': 'private', 'first_name': 'SMyards.com - Support', 'username': 'smyards', 'id': 6407498844}, 'delete_chat_photo': False, 'new_chat_members': [], 'group_chat_created': False, 'from': {'first_name': 'SMyards.com - Support', 'username': 'smyards', 'is_bot': False, 'id': 6407498844, 'language_code': 'en'}}}" caused error "urllib3 HTTPError ('Connection aborted.', RemoteDisconnected('Remote end closed connection without response'))"
2026-01-27 17:50:10,323 - __main__ - ERROR - Full error: Traceback (most recent call last):
  File "C:\Users\Win10 Pro\AppData\Roaming\Python\Python311\site-packages\telegram\vendor\ptb_urllib3\urllib3\connectionpool.py", line 614, in urlopen
    httplib_response = self._make_request(conn, method, url,
                       ^^^^^^^^^^^^^^^^^^^^^^^^^^^^^^^^^^^^^
  File "C:\Users\Win10 Pro\AppData\Roaming\Python\Python311\site-packages\telegram\vendor\ptb_urllib3\urllib3\connectionpool.py", line 402, in _make_request
    six.raise_from(e, None)
  File "<string>", line 2, in raise_from
  File "C:\Users\Win10 Pro\AppData\Roaming\Python\Python311\site-packages\telegram\vendor\ptb_urllib3\urllib3\connectionpool.py", line 398, in _make_request
    httplib_response = conn.getresponse()
                       ^^^^^^^^^^^^^^^^^^
  File "C:\Program Files\Python311\Lib\http\client.py", line 1374, in getresponse
    response.begin()
  File "C:\Program Files\Python311\Lib\http\client.py", line 318, in begin
    version, status, reason = self._read_status()
                              ^^^^^^^^^^^^^^^^^^^
  File "C:\Program Files\Python311\Lib\http\client.py", line 287, in _read_status
    raise RemoteDisconnected("Remote end closed connection without"
http.client.RemoteDisconnected: Remote end closed connection without response

During handling of the above exception, another exception occurred:

Traceback (most recent call last):
  File "C:\Users\Win10 Pro\AppData\Roaming\Python\Python311\site-packages\telegram\utils\request.py", line 259, in _request_wrapper
    resp = self._con_pool.request(*args, **kwargs)
           ^^^^^^^^^^^^^^^^^^^^^^^^^^^^^^^^^^^^^^^
  File "C:\Users\Win10 Pro\AppData\Roaming\Python\Python311\site-packages\telegram\vendor\ptb_urllib3\urllib3\request.py", line 68, in request
    return self.request_encode_body(method, url, fields=fields,
           ^^^^^^^^^^^^^^^^^^^^^^^^^^^^^^^^^^^^^^^^^^^^^^^^^^^^
  File "C:\Users\Win10 Pro\AppData\Roaming\Python\Python311\site-packages\telegram\vendor\ptb_urllib3\urllib3\request.py", line 148, in request_encode_body
    return self.urlopen(method, url, **extra_kw)
           ^^^^^^^^^^^^^^^^^^^^^^^^^^^^^^^^^^^^^
  File "C:\Users\Win10 Pro\AppData\Roaming\Python\Python311\site-packages\telegram\vendor\ptb_urllib3\urllib3\poolmanager.py", line 244, in urlopen
    response = conn.urlopen(method, u.request_uri, **kw)
               ^^^^^^^^^^^^^^^^^^^^^^^^^^^^^^^^^^^^^^^^^
  File "C:\Users\Win10 Pro\AppData\Roaming\Python\Python311\site-packages\telegram\vendor\ptb_urllib3\urllib3\connectionpool.py", line 665, in urlopen
    retries = retries.increment(method, url, error=e, _pool=self,
              ^^^^^^^^^^^^^^^^^^^^^^^^^^^^^^^^^^^^^^^^^^^^^^^^^^^
  File "C:\Users\Win10 Pro\AppData\Roaming\Python\Python311\site-packages\telegram\vendor\ptb_urllib3\urllib3\util\retry.py", line 347, in increment
    raise six.reraise(type(error), error, _stacktrace)
          ^^^^^^^^^^^^^^^^^^^^^^^^^^^^^^^^^^^^^^^^^^^^
  File "C:\Users\Win10 Pro\AppData\Roaming\Python\Python311\site-packages\telegram\vendor\ptb_urllib3\urllib3\packages\six.py", line 685, in reraise
    raise value.with_traceback(tb)
  File "C:\Users\Win10 Pro\AppData\Roaming\Python\Python311\site-packages\telegram\vendor\ptb_urllib3\urllib3\connectionpool.py", line 614, in urlopen
    httplib_response = self._make_request(conn, method, url,
                       ^^^^^^^^^^^^^^^^^^^^^^^^^^^^^^^^^^^^^
  File "C:\Users\Win10 Pro\AppData\Roaming\Python\Python311\site-packages\telegram\vendor\ptb_urllib3\urllib3\connectionpool.py", line 402, in _make_request
    six.raise_from(e, None)
  File "<string>", line 2, in raise_from
  File "C:\Users\Win10 Pro\AppData\Roaming\Python\Python311\site-packages\telegram\vendor\ptb_urllib3\urllib3\connectionpool.py", line 398, in _make_request
    httplib_response = conn.getresponse()
                       ^^^^^^^^^^^^^^^^^^
  File "C:\Program Files\Python311\Lib\http\client.py", line 1374, in getresponse
    response.begin()
  File "C:\Program Files\Python311\Lib\http\client.py", line 318, in begin
    version, status, reason = self._read_status()
                              ^^^^^^^^^^^^^^^^^^^
  File "C:\Program Files\Python311\Lib\http\client.py", line 287, in _read_status
    raise RemoteDisconnected("Remote end closed connection without"
telegram.vendor.ptb_urllib3.urllib3.exceptions.ProtocolError: ('Connection aborted.', RemoteDisconnected('Remote end closed connection without response'))

The above exception was the direct cause of the following exception:

Traceback (most recent call last):
  File "C:\smyards_bot\bot_final_fixed.py", line 3238, in error_handler
    raise context.error
  File "C:\Users\Win10 Pro\AppData\Roaming\Python\Python311\site-packages\telegram\ext\dispatcher.py", line 557, in process_update
    handler.handle_update(update, self, check, context)
  File "C:\Users\Win10 Pro\AppData\Roaming\Python\Python311\site-packages\telegram\ext\conversationhandler.py", line 627, in handle_update
    new_state = handler.handle_update(update, dispatcher, check_result, context)
                ^^^^^^^^^^^^^^^^^^^^^^^^^^^^^^^^^^^^^^^^^^^^^^^^^^^^^^^^^^^^^^^^
  File "C:\Users\Win10 Pro\AppData\Roaming\Python\Python311\site-packages\telegram\ext\handler.py", line 199, in handle_update
    return self.callback(update, context)
           ^^^^^^^^^^^^^^^^^^^^^^^^^^^^^^
  File "C:\smyards_bot\bot_final_fixed.py", line 3184, in start
    return admin_start(update, context)
           ^^^^^^^^^^^^^^^^^^^^^^^^^^^^
  File "C:\smyards_bot\bot_final_fixed.py", line 3077, in admin_start
    update.message.reply_text(text, reply_markup=InlineKeyboardMarkup(keyboard))
  File "C:\Users\Win10 Pro\AppData\Roaming\Python\Python311\site-packages\telegram\message.py", line 977, in reply_text
    return self.bot.send_message(
           ^^^^^^^^^^^^^^^^^^^^^^
  File "C:\Users\Win10 Pro\AppData\Roaming\Python\Python311\site-packages\telegram\bot.py", line 134, in decorator
    result = func(*args, **kwargs)
             ^^^^^^^^^^^^^^^^^^^^^
  File "C:\Users\Win10 Pro\AppData\Roaming\Python\Python311\site-packages\telegram\bot.py", line 534, in send_message
    return self._message(  # type: ignore[return-value]
           ^^^^^^^^^^^^^^^^^^^^^^^^^^^^^^^^^^^^^^^^^^^^
  File "C:\Users\Win10 Pro\AppData\Roaming\Python\Python311\site-packages\telegram\ext\extbot.py", line 203, in _message
    result = super()._message(
             ^^^^^^^^^^^^^^^^^
  File "C:\Users\Win10 Pro\AppData\Roaming\Python\Python311\site-packages\telegram\bot.py", line 344, in _message
    result = self._post(endpoint, data, timeout=timeout, api_kwargs=api_kwargs)
             ^^^^^^^^^^^^^^^^^^^^^^^^^^^^^^^^^^^^^^^^^^^^^^^^^^^^^^^^^^^^^^^^^^
  File "C:\Users\Win10 Pro\AppData\Roaming\Python\Python311\site-packages\telegram\bot.py", line 299, in _post
    return self.request.post(
           ^^^^^^^^^^^^^^^^^^
  File "C:\Users\Win10 Pro\AppData\Roaming\Python\Python311\site-packages\telegram\utils\request.py", line 361, in post
    result = self._request_wrapper(
             ^^^^^^^^^^^^^^^^^^^^^^
  File "C:\Users\Win10 Pro\AppData\Roaming\Python\Python311\site-packages\telegram\utils\request.py", line 265, in _request_wrapper
    raise NetworkError(f'urllib3 HTTPError {error}') from error
telegram.error.NetworkError: urllib3 HTTPError ('Connection aborted.', RemoteDisconnected('Remote end closed connection without response'))

2026-01-27 17:50:20,133 - __main__ - INFO - ==================================================
2026-01-27 17:50:20,134 - __main__ - INFO - ✅ SMYARDS BOT STARTED
2026-01-27 17:50:20,134 - __main__ - INFO - 📢 Main Channel: @smyard
2026-01-27 17:50:20,134 - __main__ - INFO - 📋 Stock Channel: -1002861193688
2026-01-27 17:50:20,135 - __main__ - INFO - ==================================================
2026-01-27 17:50:37,194 - __main__ - INFO - YT-108 exists, using YT-149 instead
2026-01-27 17:50:59,819 - __main__ - INFO - ?? Confirmation callback received: publish_now
2026-01-27 17:50:59,819 - __main__ - INFO - ?? PUBLISH NOW clicked - Starting publish process
2026-01-27 17:50:59,820 - __main__ - INFO - ?? Listing data: {'platform': 'YouTube', 'account_type': 'Monetized Channel', 'subscribers': 346000, 'views': 24000000, 'niche': 'Gaming', 'features': '3 Features Enabled', 'monetization': 'Enabled', 'region': 'USA', 'status': 'No Strikes', 'price': 920.0, 'listing_id': 'YT-149', 'seller_contact': 'https://t.me/submarket7'}
2026-01-27 17:50:59,820 - __main__ - INFO - Posting to screenshot channel by username: @smyardsgallary
2026-01-27 17:51:00,117 - __main__ - INFO - ✅ Screenshot posted to gallery. Message ID: 364
2026-01-27 17:51:00,118 - __main__ - INFO - ?? Screenshot post: 364
2026-01-27 17:51:00,244 - __main__ - INFO - ?? Discussion post: 2519
2026-01-27 17:51:00,244 - __main__ - INFO - ?? Posting to main channel...
2026-01-27 17:51:00,245 - __main__ - INFO - Generated screenshot URL: https://t.me/smyardsgallary/364
2026-01-27 17:51:00,245 - __main__ - INFO - 📤 Posting to MAIN CHANNEL: @smyard
2026-01-27 17:51:00,411 - __main__ - INFO - ✅ Main channel posted: 184
2026-01-27 17:51:00,412 - __main__ - INFO - ? Main channel: 184
2026-01-27 17:51:00,412 - __main__ - INFO - ?? Posting to stock channel...
2026-01-27 17:51:00,531 - __main__ - INFO - ? Stock channel: 126
2026-01-27 17:51:00,628 - __main__ - INFO - ?? Publishing completed successfully!
2026-01-27 19:33:32,387 - __main__ - ERROR - Update "{'update_id': 814884223, 'callback_query': {'chat_instance': '5133442765675703877', 'id': '9073253912436771852', 'data': 'mark_sold', 'message': {'delete_chat_photo': False, 'reply_markup': {'inline_keyboard': [[{'callback_data': 'new_listing', 'text': '➡️ NEW LISTING'}], [{'callback_data': 'view_listings', 'text': '📋 VIEW LISTINGS'}], [{'callback_data': 'mark_sold', 'text': '💰 MARK AS SOLD'}]]}, 'entities': [], 'group_chat_created': False, 'photo': [], 'edit_date': 1769529060, 'new_chat_members': [], 'date': 1769529057, 'new_chat_photo': [], 'message_id': 2195, 'caption_entities': [], 'supergroup_chat_created': False, 'channel_chat_created': False, 'text': '🗂️ SMYARDS ADMIN PANEL\n━━━━━━━━━━━━━━━━━━━━━━\nSelect an option:', 'chat': {'first_name': 'SMyards.com - Support', 'id': 6407498844, 'type': 'private', 'username': 'smyards'}, 'from': {'is_bot': True, 'first_name': 'smyardsbot', 'id': 8383643986, 'username': 'smyardbot'}}, 'from': {'is_bot': False, 'first_name': 'SMyards.com - Support', 'id': 6407498844, 'language_code': 'en', 'username': 'smyards'}}}" caused error "urllib3 HTTPError ('Connection aborted.', RemoteDisconnected('Remote end closed connection without response'))"
2026-01-27 19:33:32,407 - __main__ - ERROR - Full error: Traceback (most recent call last):
  File "C:\Users\Win10 Pro\AppData\Roaming\Python\Python311\site-packages\telegram\vendor\ptb_urllib3\urllib3\connectionpool.py", line 614, in urlopen
    httplib_response = self._make_request(conn, method, url,
                       ^^^^^^^^^^^^^^^^^^^^^^^^^^^^^^^^^^^^^
  File "C:\Users\Win10 Pro\AppData\Roaming\Python\Python311\site-packages\telegram\vendor\ptb_urllib3\urllib3\connectionpool.py", line 402, in _make_request
    six.raise_from(e, None)
  File "<string>", line 2, in raise_from
  File "C:\Users\Win10 Pro\AppData\Roaming\Python\Python311\site-packages\telegram\vendor\ptb_urllib3\urllib3\connectionpool.py", line 398, in _make_request
    httplib_response = conn.getresponse()
                       ^^^^^^^^^^^^^^^^^^
  File "C:\Program Files\Python311\Lib\http\client.py", line 1374, in getresponse
    response.begin()
  File "C:\Program Files\Python311\Lib\http\client.py", line 318, in begin
    version, status, reason = self._read_status()
                              ^^^^^^^^^^^^^^^^^^^
  File "C:\Program Files\Python311\Lib\http\client.py", line 287, in _read_status
    raise RemoteDisconnected("Remote end closed connection without"
http.client.RemoteDisconnected: Remote end closed connection without response

During handling of the above exception, another exception occurred:

Traceback (most recent call last):
  File "C:\Users\Win10 Pro\AppData\Roaming\Python\Python311\site-packages\telegram\utils\request.py", line 259, in _request_wrapper
    resp = self._con_pool.request(*args, **kwargs)
           ^^^^^^^^^^^^^^^^^^^^^^^^^^^^^^^^^^^^^^^
  File "C:\Users\Win10 Pro\AppData\Roaming\Python\Python311\site-packages\telegram\vendor\ptb_urllib3\urllib3\request.py", line 68, in request
    return self.request_encode_body(method, url, fields=fields,
           ^^^^^^^^^^^^^^^^^^^^^^^^^^^^^^^^^^^^^^^^^^^^^^^^^^^^
  File "C:\Users\Win10 Pro\AppData\Roaming\Python\Python311\site-packages\telegram\vendor\ptb_urllib3\urllib3\request.py", line 148, in request_encode_body
    return self.urlopen(method, url, **extra_kw)
           ^^^^^^^^^^^^^^^^^^^^^^^^^^^^^^^^^^^^^
  File "C:\Users\Win10 Pro\AppData\Roaming\Python\Python311\site-packages\telegram\vendor\ptb_urllib3\urllib3\poolmanager.py", line 244, in urlopen
    response = conn.urlopen(method, u.request_uri, **kw)
               ^^^^^^^^^^^^^^^^^^^^^^^^^^^^^^^^^^^^^^^^^
  File "C:\Users\Win10 Pro\AppData\Roaming\Python\Python311\site-packages\telegram\vendor\ptb_urllib3\urllib3\connectionpool.py", line 665, in urlopen
    retries = retries.increment(method, url, error=e, _pool=self,
              ^^^^^^^^^^^^^^^^^^^^^^^^^^^^^^^^^^^^^^^^^^^^^^^^^^^
  File "C:\Users\Win10 Pro\AppData\Roaming\Python\Python311\site-packages\telegram\vendor\ptb_urllib3\urllib3\util\retry.py", line 347, in increment
    raise six.reraise(type(error), error, _stacktrace)
          ^^^^^^^^^^^^^^^^^^^^^^^^^^^^^^^^^^^^^^^^^^^^
  File "C:\Users\Win10 Pro\AppData\Roaming\Python\Python311\site-packages\telegram\vendor\ptb_urllib3\urllib3\packages\six.py", line 685, in reraise
    raise value.with_traceback(tb)
  File "C:\Users\Win10 Pro\AppData\Roaming\Python\Python311\site-packages\telegram\vendor\ptb_urllib3\urllib3\connectionpool.py", line 614, in urlopen
    httplib_response = self._make_request(conn, method, url,
                       ^^^^^^^^^^^^^^^^^^^^^^^^^^^^^^^^^^^^^
  File "C:\Users\Win10 Pro\AppData\Roaming\Python\Python311\site-packages\telegram\vendor\ptb_urllib3\urllib3\connectionpool.py", line 402, in _make_request
    six.raise_from(e, None)
  File "<string>", line 2, in raise_from
  File "C:\Users\Win10 Pro\AppData\Roaming\Python\Python311\site-packages\telegram\vendor\ptb_urllib3\urllib3\connectionpool.py", line 398, in _make_request
    httplib_response = conn.getresponse()
                       ^^^^^^^^^^^^^^^^^^
  File "C:\Program Files\Python311\Lib\http\client.py", line 1374, in getresponse
    response.begin()
  File "C:\Program Files\Python311\Lib\http\client.py", line 318, in begin
    version, status, reason = self._read_status()
                              ^^^^^^^^^^^^^^^^^^^
  File "C:\Program Files\Python311\Lib\http\client.py", line 287, in _read_status
    raise RemoteDisconnected("Remote end closed connection without"
telegram.vendor.ptb_urllib3.urllib3.exceptions.ProtocolError: ('Connection aborted.', RemoteDisconnected('Remote end closed connection without response'))

The above exception was the direct cause of the following exception:

Traceback (most recent call last):
  File "C:\smyards_bot\bot_final_fixed.py", line 3238, in error_handler
    raise context.error
  File "C:\Users\Win10 Pro\AppData\Roaming\Python\Python311\site-packages\telegram\ext\dispatcher.py", line 557, in process_update
    handler.handle_update(update, self, check, context)
  File "C:\Users\Win10 Pro\AppData\Roaming\Python\Python311\site-packages\telegram\ext\conversationhandler.py", line 627, in handle_update
    new_state = handler.handle_update(update, dispatcher, check_result, context)
                ^^^^^^^^^^^^^^^^^^^^^^^^^^^^^^^^^^^^^^^^^^^^^^^^^^^^^^^^^^^^^^^^
  File "C:\Users\Win10 Pro\AppData\Roaming\Python\Python311\site-packages\telegram\ext\handler.py", line 199, in handle_update
    return self.callback(update, context)
           ^^^^^^^^^^^^^^^^^^^^^^^^^^^^^^
  File "C:\smyards_bot\bot_final_fixed.py", line 742, in admin_button_callback
    query.answer()
  File "C:\Users\Win10 Pro\AppData\Roaming\Python\Python311\site-packages\telegram\callbackquery.py", line 166, in answer
    return self.bot.answer_callback_query(
           ^^^^^^^^^^^^^^^^^^^^^^^^^^^^^^^
  File "C:\Users\Win10 Pro\AppData\Roaming\Python\Python311\site-packages\telegram\bot.py", line 134, in decorator
    result = func(*args, **kwargs)
             ^^^^^^^^^^^^^^^^^^^^^
  File "C:\Users\Win10 Pro\AppData\Roaming\Python\Python311\site-packages\telegram\bot.py", line 2793, in answer_callback_query
    result = self._post('answerCallbackQuery', data, timeout=timeout, api_kwargs=api_kwargs)
             ^^^^^^^^^^^^^^^^^^^^^^^^^^^^^^^^^^^^^^^^^^^^^^^^^^^^^^^^^^^^^^^^^^^^^^^^^^^^^^^
  File "C:\Users\Win10 Pro\AppData\Roaming\Python\Python311\site-packages\telegram\bot.py", line 299, in _post
    return self.request.post(
           ^^^^^^^^^^^^^^^^^^
  File "C:\Users\Win10 Pro\AppData\Roaming\Python\Python311\site-packages\telegram\utils\request.py", line 361, in post
    result = self._request_wrapper(
             ^^^^^^^^^^^^^^^^^^^^^^
  File "C:\Users\Win10 Pro\AppData\Roaming\Python\Python311\site-packages\telegram\utils\request.py", line 265, in _request_wrapper
    raise NetworkError(f'urllib3 HTTPError {error}') from error
telegram.error.NetworkError: urllib3 HTTPError ('Connection aborted.', RemoteDisconnected('Remote end closed connection without response'))

2026-01-27 19:34:31,896 - __main__ - ERROR - Error updating main post as sold: Timed out
2026-01-27 20:08:05,747 - __main__ - ERROR - Update "{'update_id': 814884230, 'message': {'delete_chat_photo': False, 'entities': [{'type': 'bot_command', 'length': 6, 'offset': 0}], 'group_chat_created': False, 'photo': [], 'new_chat_members': [], 'date': 1769537284, 'new_chat_photo': [], 'message_id': 2206, 'caption_entities': [], 'supergroup_chat_created': False, 'channel_chat_created': False, 'text': '/start', 'chat': {'first_name': 'Anson', 'id': 6192485906, 'type': 'private', 'last_name': 'Ansom'}, 'from': {'is_bot': False, 'first_name': 'Anson', 'id': 6192485906, 'language_code': 'en', 'last_name': 'Ansom'}}}" caused error "urllib3 HTTPError ('Connection aborted.', RemoteDisconnected('Remote end closed connection without response'))"
2026-01-27 20:08:05,772 - __main__ - ERROR - Full error: Traceback (most recent call last):
  File "C:\Users\Win10 Pro\AppData\Roaming\Python\Python311\site-packages\telegram\vendor\ptb_urllib3\urllib3\connectionpool.py", line 614, in urlopen
    httplib_response = self._make_request(conn, method, url,
                       ^^^^^^^^^^^^^^^^^^^^^^^^^^^^^^^^^^^^^
  File "C:\Users\Win10 Pro\AppData\Roaming\Python\Python311\site-packages\telegram\vendor\ptb_urllib3\urllib3\connectionpool.py", line 402, in _make_request
    six.raise_from(e, None)
  File "<string>", line 2, in raise_from
  File "C:\Users\Win10 Pro\AppData\Roaming\Python\Python311\site-packages\telegram\vendor\ptb_urllib3\urllib3\connectionpool.py", line 398, in _make_request
    httplib_response = conn.getresponse()
                       ^^^^^^^^^^^^^^^^^^
  File "C:\Program Files\Python311\Lib\http\client.py", line 1374, in getresponse
    response.begin()
  File "C:\Program Files\Python311\Lib\http\client.py", line 318, in begin
    version, status, reason = self._read_status()
                              ^^^^^^^^^^^^^^^^^^^
  File "C:\Program Files\Python311\Lib\http\client.py", line 287, in _read_status
    raise RemoteDisconnected("Remote end closed connection without"
http.client.RemoteDisconnected: Remote end closed connection without response

During handling of the above exception, another exception occurred:

Traceback (most recent call last):
  File "C:\Users\Win10 Pro\AppData\Roaming\Python\Python311\site-packages\telegram\utils\request.py", line 259, in _request_wrapper
    resp = self._con_pool.request(*args, **kwargs)
           ^^^^^^^^^^^^^^^^^^^^^^^^^^^^^^^^^^^^^^^
  File "C:\Users\Win10 Pro\AppData\Roaming\Python\Python311\site-packages\telegram\vendor\ptb_urllib3\urllib3\request.py", line 68, in request
    return self.request_encode_body(method, url, fields=fields,
           ^^^^^^^^^^^^^^^^^^^^^^^^^^^^^^^^^^^^^^^^^^^^^^^^^^^^
  File "C:\Users\Win10 Pro\AppData\Roaming\Python\Python311\site-packages\telegram\vendor\ptb_urllib3\urllib3\request.py", line 148, in request_encode_body
    return self.urlopen(method, url, **extra_kw)
           ^^^^^^^^^^^^^^^^^^^^^^^^^^^^^^^^^^^^^
  File "C:\Users\Win10 Pro\AppData\Roaming\Python\Python311\site-packages\telegram\vendor\ptb_urllib3\urllib3\poolmanager.py", line 244, in urlopen
    response = conn.urlopen(method, u.request_uri, **kw)
               ^^^^^^^^^^^^^^^^^^^^^^^^^^^^^^^^^^^^^^^^^
  File "C:\Users\Win10 Pro\AppData\Roaming\Python\Python311\site-packages\telegram\vendor\ptb_urllib3\urllib3\connectionpool.py", line 665, in urlopen
    retries = retries.increment(method, url, error=e, _pool=self,
              ^^^^^^^^^^^^^^^^^^^^^^^^^^^^^^^^^^^^^^^^^^^^^^^^^^^
  File "C:\Users\Win10 Pro\AppData\Roaming\Python\Python311\site-packages\telegram\vendor\ptb_urllib3\urllib3\util\retry.py", line 347, in increment
    raise six.reraise(type(error), error, _stacktrace)
          ^^^^^^^^^^^^^^^^^^^^^^^^^^^^^^^^^^^^^^^^^^^^
  File "C:\Users\Win10 Pro\AppData\Roaming\Python\Python311\site-packages\telegram\vendor\ptb_urllib3\urllib3\packages\six.py", line 685, in reraise
    raise value.with_traceback(tb)
  File "C:\Users\Win10 Pro\AppData\Roaming\Python\Python311\site-packages\telegram\vendor\ptb_urllib3\urllib3\connectionpool.py", line 614, in urlopen
    httplib_response = self._make_request(conn, method, url,
                       ^^^^^^^^^^^^^^^^^^^^^^^^^^^^^^^^^^^^^
  File "C:\Users\Win10 Pro\AppData\Roaming\Python\Python311\site-packages\telegram\vendor\ptb_urllib3\urllib3\connectionpool.py", line 402, in _make_request
    six.raise_from(e, None)
  File "<string>", line 2, in raise_from
  File "C:\Users\Win10 Pro\AppData\Roaming\Python\Python311\site-packages\telegram\vendor\ptb_urllib3\urllib3\connectionpool.py", line 398, in _make_request
    httplib_response = conn.getresponse()
                       ^^^^^^^^^^^^^^^^^^
  File "C:\Program Files\Python311\Lib\http\client.py", line 1374, in getresponse
    response.begin()
  File "C:\Program Files\Python311\Lib\http\client.py", line 318, in begin
    version, status, reason = self._read_status()
                              ^^^^^^^^^^^^^^^^^^^
  File "C:\Program Files\Python311\Lib\http\client.py", line 287, in _read_status
    raise RemoteDisconnected("Remote end closed connection without"
telegram.vendor.ptb_urllib3.urllib3.exceptions.ProtocolError: ('Connection aborted.', RemoteDisconnected('Remote end closed connection without response'))

The above exception was the direct cause of the following exception:

Traceback (most recent call last):
  File "C:\smyards_bot\bot_final_fixed.py", line 3238, in error_handler
    raise context.error
  File "C:\Users\Win10 Pro\AppData\Roaming\Python\Python311\site-packages\telegram\ext\dispatcher.py", line 557, in process_update
    handler.handle_update(update, self, check, context)
  File "C:\Users\Win10 Pro\AppData\Roaming\Python\Python311\site-packages\telegram\ext\conversationhandler.py", line 627, in handle_update
    new_state = handler.handle_update(update, dispatcher, check_result, context)
                ^^^^^^^^^^^^^^^^^^^^^^^^^^^^^^^^^^^^^^^^^^^^^^^^^^^^^^^^^^^^^^^^
  File "C:\Users\Win10 Pro\AppData\Roaming\Python\Python311\site-packages\telegram\ext\handler.py", line 199, in handle_update
    return self.callback(update, context)
           ^^^^^^^^^^^^^^^^^^^^^^^^^^^^^^
  File "C:\smyards_bot\bot_final_fixed.py", line 3187, in start
    return customer_start(update, context)
           ^^^^^^^^^^^^^^^^^^^^^^^^^^^^^^^
  File "C:\smyards_bot\bot_final_fixed.py", line 1872, in customer_start
    update.message.reply_text(text, reply_markup=InlineKeyboardMarkup(keyboard), parse_mode=ParseMode.MARKDOWN)
  File "C:\Users\Win10 Pro\AppData\Roaming\Python\Python311\site-packages\telegram\message.py", line 977, in reply_text
    return self.bot.send_message(
           ^^^^^^^^^^^^^^^^^^^^^^
  File "C:\Users\Win10 Pro\AppData\Roaming\Python\Python311\site-packages\telegram\bot.py", line 134, in decorator
    result = func(*args, **kwargs)
             ^^^^^^^^^^^^^^^^^^^^^
  File "C:\Users\Win10 Pro\AppData\Roaming\Python\Python311\site-packages\telegram\bot.py", line 534, in send_message
    return self._message(  # type: ignore[return-value]
           ^^^^^^^^^^^^^^^^^^^^^^^^^^^^^^^^^^^^^^^^^^^^
  File "C:\Users\Win10 Pro\AppData\Roaming\Python\Python311\site-packages\telegram\ext\extbot.py", line 203, in _message
    result = super()._message(
             ^^^^^^^^^^^^^^^^^
  File "C:\Users\Win10 Pro\AppData\Roaming\Python\Python311\site-packages\telegram\bot.py", line 344, in _message
    result = self._post(endpoint, data, timeout=timeout, api_kwargs=api_kwargs)
             ^^^^^^^^^^^^^^^^^^^^^^^^^^^^^^^^^^^^^^^^^^^^^^^^^^^^^^^^^^^^^^^^^^
  File "C:\Users\Win10 Pro\AppData\Roaming\Python\Python311\site-packages\telegram\bot.py", line 299, in _post
    return self.request.post(
           ^^^^^^^^^^^^^^^^^^
  File "C:\Users\Win10 Pro\AppData\Roaming\Python\Python311\site-packages\telegram\utils\request.py", line 361, in post
    result = self._request_wrapper(
             ^^^^^^^^^^^^^^^^^^^^^^
  File "C:\Users\Win10 Pro\AppData\Roaming\Python\Python311\site-packages\telegram\utils\request.py", line 265, in _request_wrapper
    raise NetworkError(f'urllib3 HTTPError {error}') from error
telegram.error.NetworkError: urllib3 HTTPError ('Connection aborted.', RemoteDisconnected('Remote end closed connection without response'))

2026-01-27 21:32:36,411 - __main__ - INFO - ==================================================
2026-01-27 21:32:36,412 - __main__ - INFO - ✅ SMYARDS BOT STARTED
2026-01-27 21:32:36,412 - __main__ - INFO - 📢 Main Channel: @smyard
2026-01-27 21:32:36,413 - __main__ - INFO - 📋 Stock Channel: -1002861193688
2026-01-27 21:32:36,413 - __main__ - INFO - ==================================================
2026-01-28 14:18:28,731 - __main__ - INFO - ==================================================
2026-01-28 14:18:28,731 - __main__ - INFO - ✅ SMYARDS BOT STARTED
2026-01-28 14:18:28,734 - __main__ - INFO - 📢 Main Channel: @smyard
2026-01-28 14:18:28,735 - __main__ - INFO - 📋 Stock Channel: -1002861193688
2026-01-28 14:18:28,735 - __main__ - INFO - ==================================================
2026-01-28 14:29:39,580 - __main__ - ERROR - Update "{'message': {'new_chat_photo': [], 'supergroup_chat_created': False, 'delete_chat_photo': False, 'channel_chat_created': False, 'entities': [{'length': 6, 'type': 'bot_command', 'offset': 0}], 'date': 1769603378, 'caption_entities': [], 'group_chat_created': False, 'chat': {'type': 'private', 'id': 6766751339, 'first_name': 'Satendra'}, 'message_id': 2216, 'photo': [], 'new_chat_members': [], 'text': '/start', 'from': {'first_name': 'Satendra', 'language_code': 'en', 'id': 6766751339, 'is_bot': False}}, 'update_id': 814884246}" caused error "urllib3 HTTPError ('Connection aborted.', RemoteDisconnected('Remote end closed connection without response'))"
2026-01-28 14:29:39,677 - __main__ - ERROR - Full error: Traceback (most recent call last):
  File "C:\Users\Win10 Pro\AppData\Roaming\Python\Python311\site-packages\telegram\vendor\ptb_urllib3\urllib3\connectionpool.py", line 614, in urlopen
    httplib_response = self._make_request(conn, method, url,
                       ^^^^^^^^^^^^^^^^^^^^^^^^^^^^^^^^^^^^^
  File "C:\Users\Win10 Pro\AppData\Roaming\Python\Python311\site-packages\telegram\vendor\ptb_urllib3\urllib3\connectionpool.py", line 402, in _make_request
    six.raise_from(e, None)
  File "<string>", line 2, in raise_from
  File "C:\Users\Win10 Pro\AppData\Roaming\Python\Python311\site-packages\telegram\vendor\ptb_urllib3\urllib3\connectionpool.py", line 398, in _make_request
    httplib_response = conn.getresponse()
                       ^^^^^^^^^^^^^^^^^^
  File "C:\Program Files\Python311\Lib\http\client.py", line 1374, in getresponse
    response.begin()
  File "C:\Program Files\Python311\Lib\http\client.py", line 318, in begin
    version, status, reason = self._read_status()
                              ^^^^^^^^^^^^^^^^^^^
  File "C:\Program Files\Python311\Lib\http\client.py", line 287, in _read_status
    raise RemoteDisconnected("Remote end closed connection without"
http.client.RemoteDisconnected: Remote end closed connection without response

During handling of the above exception, another exception occurred:

Traceback (most recent call last):
  File "C:\Users\Win10 Pro\AppData\Roaming\Python\Python311\site-packages\telegram\utils\request.py", line 259, in _request_wrapper
    resp = self._con_pool.request(*args, **kwargs)
           ^^^^^^^^^^^^^^^^^^^^^^^^^^^^^^^^^^^^^^^
  File "C:\Users\Win10 Pro\AppData\Roaming\Python\Python311\site-packages\telegram\vendor\ptb_urllib3\urllib3\request.py", line 68, in request
    return self.request_encode_body(method, url, fields=fields,
           ^^^^^^^^^^^^^^^^^^^^^^^^^^^^^^^^^^^^^^^^^^^^^^^^^^^^
  File "C:\Users\Win10 Pro\AppData\Roaming\Python\Python311\site-packages\telegram\vendor\ptb_urllib3\urllib3\request.py", line 148, in request_encode_body
    return self.urlopen(method, url, **extra_kw)
           ^^^^^^^^^^^^^^^^^^^^^^^^^^^^^^^^^^^^^
  File "C:\Users\Win10 Pro\AppData\Roaming\Python\Python311\site-packages\telegram\vendor\ptb_urllib3\urllib3\poolmanager.py", line 244, in urlopen
    response = conn.urlopen(method, u.request_uri, **kw)
               ^^^^^^^^^^^^^^^^^^^^^^^^^^^^^^^^^^^^^^^^^
  File "C:\Users\Win10 Pro\AppData\Roaming\Python\Python311\site-packages\telegram\vendor\ptb_urllib3\urllib3\connectionpool.py", line 665, in urlopen
    retries = retries.increment(method, url, error=e, _pool=self,
              ^^^^^^^^^^^^^^^^^^^^^^^^^^^^^^^^^^^^^^^^^^^^^^^^^^^
  File "C:\Users\Win10 Pro\AppData\Roaming\Python\Python311\site-packages\telegram\vendor\ptb_urllib3\urllib3\util\retry.py", line 347, in increment
    raise six.reraise(type(error), error, _stacktrace)
          ^^^^^^^^^^^^^^^^^^^^^^^^^^^^^^^^^^^^^^^^^^^^
  File "C:\Users\Win10 Pro\AppData\Roaming\Python\Python311\site-packages\telegram\vendor\ptb_urllib3\urllib3\packages\six.py", line 685, in reraise
    raise value.with_traceback(tb)
  File "C:\Users\Win10 Pro\AppData\Roaming\Python\Python311\site-packages\telegram\vendor\ptb_urllib3\urllib3\connectionpool.py", line 614, in urlopen
    httplib_response = self._make_request(conn, method, url,
                       ^^^^^^^^^^^^^^^^^^^^^^^^^^^^^^^^^^^^^
  File "C:\Users\Win10 Pro\AppData\Roaming\Python\Python311\site-packages\telegram\vendor\ptb_urllib3\urllib3\connectionpool.py", line 402, in _make_request
    six.raise_from(e, None)
  File "<string>", line 2, in raise_from
  File "C:\Users\Win10 Pro\AppData\Roaming\Python\Python311\site-packages\telegram\vendor\ptb_urllib3\urllib3\connectionpool.py", line 398, in _make_request
    httplib_response = conn.getresponse()
                       ^^^^^^^^^^^^^^^^^^
  File "C:\Program Files\Python311\Lib\http\client.py", line 1374, in getresponse
    response.begin()
  File "C:\Program Files\Python311\Lib\http\client.py", line 318, in begin
    version, status, reason = self._read_status()
                              ^^^^^^^^^^^^^^^^^^^
  File "C:\Program Files\Python311\Lib\http\client.py", line 287, in _read_status
    raise RemoteDisconnected("Remote end closed connection without"
telegram.vendor.ptb_urllib3.urllib3.exceptions.ProtocolError: ('Connection aborted.', RemoteDisconnected('Remote end closed connection without response'))

The above exception was the direct cause of the following exception:

Traceback (most recent call last):
  File "C:\smyards_bot\bot_final_fixed.py", line 3238, in error_handler
    raise context.error
  File "C:\Users\Win10 Pro\AppData\Roaming\Python\Python311\site-packages\telegram\ext\dispatcher.py", line 557, in process_update
    handler.handle_update(update, self, check, context)
  File "C:\Users\Win10 Pro\AppData\Roaming\Python\Python311\site-packages\telegram\ext\conversationhandler.py", line 627, in handle_update
    new_state = handler.handle_update(update, dispatcher, check_result, context)
                ^^^^^^^^^^^^^^^^^^^^^^^^^^^^^^^^^^^^^^^^^^^^^^^^^^^^^^^^^^^^^^^^
  File "C:\Users\Win10 Pro\AppData\Roaming\Python\Python311\site-packages\telegram\ext\handler.py", line 199, in handle_update
    return self.callback(update, context)
           ^^^^^^^^^^^^^^^^^^^^^^^^^^^^^^
  File "C:\smyards_bot\bot_final_fixed.py", line 3187, in start
    return customer_start(update, context)
           ^^^^^^^^^^^^^^^^^^^^^^^^^^^^^^^
  File "C:\smyards_bot\bot_final_fixed.py", line 1872, in customer_start
    update.message.reply_text(text, reply_markup=InlineKeyboardMarkup(keyboard), parse_mode=ParseMode.MARKDOWN)
  File "C:\Users\Win10 Pro\AppData\Roaming\Python\Python311\site-packages\telegram\message.py", line 977, in reply_text
    return self.bot.send_message(
           ^^^^^^^^^^^^^^^^^^^^^^
  File "C:\Users\Win10 Pro\AppData\Roaming\Python\Python311\site-packages\telegram\bot.py", line 134, in decorator
    result = func(*args, **kwargs)
             ^^^^^^^^^^^^^^^^^^^^^
  File "C:\Users\Win10 Pro\AppData\Roaming\Python\Python311\site-packages\telegram\bot.py", line 534, in send_message
    return self._message(  # type: ignore[return-value]
           ^^^^^^^^^^^^^^^^^^^^^^^^^^^^^^^^^^^^^^^^^^^^
  File "C:\Users\Win10 Pro\AppData\Roaming\Python\Python311\site-packages\telegram\ext\extbot.py", line 203, in _message
    result = super()._message(
             ^^^^^^^^^^^^^^^^^
  File "C:\Users\Win10 Pro\AppData\Roaming\Python\Python311\site-packages\telegram\bot.py", line 344, in _message
    result = self._post(endpoint, data, timeout=timeout, api_kwargs=api_kwargs)
             ^^^^^^^^^^^^^^^^^^^^^^^^^^^^^^^^^^^^^^^^^^^^^^^^^^^^^^^^^^^^^^^^^^
  File "C:\Users\Win10 Pro\AppData\Roaming\Python\Python311\site-packages\telegram\bot.py", line 299, in _post
    return self.request.post(
           ^^^^^^^^^^^^^^^^^^
  File "C:\Users\Win10 Pro\AppData\Roaming\Python\Python311\site-packages\telegram\utils\request.py", line 361, in post
    result = self._request_wrapper(
             ^^^^^^^^^^^^^^^^^^^^^^
  File "C:\Users\Win10 Pro\AppData\Roaming\Python\Python311\site-packages\telegram\utils\request.py", line 265, in _request_wrapper
    raise NetworkError(f'urllib3 HTTPError {error}') from error
telegram.error.NetworkError: urllib3 HTTPError ('Connection aborted.', RemoteDisconnected('Remote end closed connection without response'))

2026-01-28 15:07:44,867 - __main__ - ERROR - Update "{'message': {'new_chat_photo': [], 'supergroup_chat_created': False, 'delete_chat_photo': False, 'channel_chat_created': False, 'entities': [{'length': 6, 'type': 'bot_command', 'offset': 0}], 'date': 1769605664, 'caption_entities': [], 'group_chat_created': False, 'chat': {'username': 'Devil_8434', 'last_name': 'Gojo', 'type': 'private', 'id': 6897687264, 'first_name': 'Satoru'}, 'message_id': 2218, 'photo': [], 'new_chat_members': [], 'text': '/start', 'from': {'first_name': 'Satoru', 'last_name': 'Gojo', 'username': 'Devil_8434', 'language_code': 'en', 'id': 6897687264, 'is_bot': False}}, 'update_id': 814884248}" caused error "urllib3 HTTPError ('Connection aborted.', RemoteDisconnected('Remote end closed connection without response'))"
2026-01-28 15:07:44,883 - __main__ - ERROR - Full error: Traceback (most recent call last):
  File "C:\Users\Win10 Pro\AppData\Roaming\Python\Python311\site-packages\telegram\vendor\ptb_urllib3\urllib3\connectionpool.py", line 614, in urlopen
    httplib_response = self._make_request(conn, method, url,
                       ^^^^^^^^^^^^^^^^^^^^^^^^^^^^^^^^^^^^^
  File "C:\Users\Win10 Pro\AppData\Roaming\Python\Python311\site-packages\telegram\vendor\ptb_urllib3\urllib3\connectionpool.py", line 402, in _make_request
    six.raise_from(e, None)
  File "<string>", line 2, in raise_from
  File "C:\Users\Win10 Pro\AppData\Roaming\Python\Python311\site-packages\telegram\vendor\ptb_urllib3\urllib3\connectionpool.py", line 398, in _make_request
    httplib_response = conn.getresponse()
                       ^^^^^^^^^^^^^^^^^^
  File "C:\Program Files\Python311\Lib\http\client.py", line 1374, in getresponse
    response.begin()
  File "C:\Program Files\Python311\Lib\http\client.py", line 318, in begin
    version, status, reason = self._read_status()
                              ^^^^^^^^^^^^^^^^^^^
  File "C:\Program Files\Python311\Lib\http\client.py", line 287, in _read_status
    raise RemoteDisconnected("Remote end closed connection without"
http.client.RemoteDisconnected: Remote end closed connection without response

During handling of the above exception, another exception occurred:

Traceback (most recent call last):
  File "C:\Users\Win10 Pro\AppData\Roaming\Python\Python311\site-packages\telegram\utils\request.py", line 259, in _request_wrapper
    resp = self._con_pool.request(*args, **kwargs)
           ^^^^^^^^^^^^^^^^^^^^^^^^^^^^^^^^^^^^^^^
  File "C:\Users\Win10 Pro\AppData\Roaming\Python\Python311\site-packages\telegram\vendor\ptb_urllib3\urllib3\request.py", line 68, in request
    return self.request_encode_body(method, url, fields=fields,
           ^^^^^^^^^^^^^^^^^^^^^^^^^^^^^^^^^^^^^^^^^^^^^^^^^^^^
  File "C:\Users\Win10 Pro\AppData\Roaming\Python\Python311\site-packages\telegram\vendor\ptb_urllib3\urllib3\request.py", line 148, in request_encode_body
    return self.urlopen(method, url, **extra_kw)
           ^^^^^^^^^^^^^^^^^^^^^^^^^^^^^^^^^^^^^
  File "C:\Users\Win10 Pro\AppData\Roaming\Python\Python311\site-packages\telegram\vendor\ptb_urllib3\urllib3\poolmanager.py", line 244, in urlopen
    response = conn.urlopen(method, u.request_uri, **kw)
               ^^^^^^^^^^^^^^^^^^^^^^^^^^^^^^^^^^^^^^^^^
  File "C:\Users\Win10 Pro\AppData\Roaming\Python\Python311\site-packages\telegram\vendor\ptb_urllib3\urllib3\connectionpool.py", line 665, in urlopen
    retries = retries.increment(method, url, error=e, _pool=self,
              ^^^^^^^^^^^^^^^^^^^^^^^^^^^^^^^^^^^^^^^^^^^^^^^^^^^
  File "C:\Users\Win10 Pro\AppData\Roaming\Python\Python311\site-packages\telegram\vendor\ptb_urllib3\urllib3\util\retry.py", line 347, in increment
    raise six.reraise(type(error), error, _stacktrace)
          ^^^^^^^^^^^^^^^^^^^^^^^^^^^^^^^^^^^^^^^^^^^^
  File "C:\Users\Win10 Pro\AppData\Roaming\Python\Python311\site-packages\telegram\vendor\ptb_urllib3\urllib3\packages\six.py", line 685, in reraise
    raise value.with_traceback(tb)
  File "C:\Users\Win10 Pro\AppData\Roaming\Python\Python311\site-packages\telegram\vendor\ptb_urllib3\urllib3\connectionpool.py", line 614, in urlopen
    httplib_response = self._make_request(conn, method, url,
                       ^^^^^^^^^^^^^^^^^^^^^^^^^^^^^^^^^^^^^
  File "C:\Users\Win10 Pro\AppData\Roaming\Python\Python311\site-packages\telegram\vendor\ptb_urllib3\urllib3\connectionpool.py", line 402, in _make_request
    six.raise_from(e, None)
  File "<string>", line 2, in raise_from
  File "C:\Users\Win10 Pro\AppData\Roaming\Python\Python311\site-packages\telegram\vendor\ptb_urllib3\urllib3\connectionpool.py", line 398, in _make_request
    httplib_response = conn.getresponse()
                       ^^^^^^^^^^^^^^^^^^
  File "C:\Program Files\Python311\Lib\http\client.py", line 1374, in getresponse
    response.begin()
  File "C:\Program Files\Python311\Lib\http\client.py", line 318, in begin
    version, status, reason = self._read_status()
                              ^^^^^^^^^^^^^^^^^^^
  File "C:\Program Files\Python311\Lib\http\client.py", line 287, in _read_status
    raise RemoteDisconnected("Remote end closed connection without"
telegram.vendor.ptb_urllib3.urllib3.exceptions.ProtocolError: ('Connection aborted.', RemoteDisconnected('Remote end closed connection without response'))

The above exception was the direct cause of the following exception:

Traceback (most recent call last):
  File "C:\smyards_bot\bot_final_fixed.py", line 3238, in error_handler
    raise context.error
  File "C:\Users\Win10 Pro\AppData\Roaming\Python\Python311\site-packages\telegram\ext\dispatcher.py", line 557, in process_update
    handler.handle_update(update, self, check, context)
  File "C:\Users\Win10 Pro\AppData\Roaming\Python\Python311\site-packages\telegram\ext\conversationhandler.py", line 627, in handle_update
    new_state = handler.handle_update(update, dispatcher, check_result, context)
                ^^^^^^^^^^^^^^^^^^^^^^^^^^^^^^^^^^^^^^^^^^^^^^^^^^^^^^^^^^^^^^^^
  File "C:\Users\Win10 Pro\AppData\Roaming\Python\Python311\site-packages\telegram\ext\handler.py", line 199, in handle_update
    return self.callback(update, context)
           ^^^^^^^^^^^^^^^^^^^^^^^^^^^^^^
  File "C:\smyards_bot\bot_final_fixed.py", line 3187, in start
    return customer_start(update, context)
           ^^^^^^^^^^^^^^^^^^^^^^^^^^^^^^^
  File "C:\smyards_bot\bot_final_fixed.py", line 1872, in customer_start
    update.message.reply_text(text, reply_markup=InlineKeyboardMarkup(keyboard), parse_mode=ParseMode.MARKDOWN)
  File "C:\Users\Win10 Pro\AppData\Roaming\Python\Python311\site-packages\telegram\message.py", line 977, in reply_text
    return self.bot.send_message(
           ^^^^^^^^^^^^^^^^^^^^^^
  File "C:\Users\Win10 Pro\AppData\Roaming\Python\Python311\site-packages\telegram\bot.py", line 134, in decorator
    result = func(*args, **kwargs)
             ^^^^^^^^^^^^^^^^^^^^^
  File "C:\Users\Win10 Pro\AppData\Roaming\Python\Python311\site-packages\telegram\bot.py", line 534, in send_message
    return self._message(  # type: ignore[return-value]
           ^^^^^^^^^^^^^^^^^^^^^^^^^^^^^^^^^^^^^^^^^^^^
  File "C:\Users\Win10 Pro\AppData\Roaming\Python\Python311\site-packages\telegram\ext\extbot.py", line 203, in _message
    result = super()._message(
             ^^^^^^^^^^^^^^^^^
  File "C:\Users\Win10 Pro\AppData\Roaming\Python\Python311\site-packages\telegram\bot.py", line 344, in _message
    result = self._post(endpoint, data, timeout=timeout, api_kwargs=api_kwargs)
             ^^^^^^^^^^^^^^^^^^^^^^^^^^^^^^^^^^^^^^^^^^^^^^^^^^^^^^^^^^^^^^^^^^
  File "C:\Users\Win10 Pro\AppData\Roaming\Python\Python311\site-packages\telegram\bot.py", line 299, in _post
    return self.request.post(
           ^^^^^^^^^^^^^^^^^^
  File "C:\Users\Win10 Pro\AppData\Roaming\Python\Python311\site-packages\telegram\utils\request.py", line 361, in post
    result = self._request_wrapper(
             ^^^^^^^^^^^^^^^^^^^^^^
  File "C:\Users\Win10 Pro\AppData\Roaming\Python\Python311\site-packages\telegram\utils\request.py", line 265, in _request_wrapper
    raise NetworkError(f'urllib3 HTTPError {error}') from error
telegram.error.NetworkError: urllib3 HTTPError ('Connection aborted.', RemoteDisconnected('Remote end closed connection without response'))

2026-01-28 15:15:58,204 - __main__ - INFO - ==================================================
2026-01-28 15:15:58,205 - __main__ - INFO - ✅ SMYARDS BOT STARTED
2026-01-28 15:15:58,205 - __main__ - INFO - 📢 Main Channel: @smyard
2026-01-28 15:15:58,205 - __main__ - INFO - 📋 Stock Channel: -1002861193688
2026-01-28 15:15:58,205 - __main__ - INFO - ==================================================
2026-01-28 21:05:52,154 - __main__ - INFO - YT-108 exists, using YT-150 instead
2026-01-28 21:06:26,740 - __main__ - INFO - ?? Confirmation callback received: publish_now
2026-01-28 21:06:26,740 - __main__ - INFO - ?? PUBLISH NOW clicked - Starting publish process
2026-01-28 21:06:26,741 - __main__ - INFO - ?? Listing data: {'platform': 'YouTube', 'account_type': 'Gaming Channel', 'subscribers': 3000, 'views': 322000, 'niche': 'Gaming', 'features': '3 Features Enabled', 'monetization': 'Enabled', 'region': 'USA', 'status': 'No Strikes', 'price': 50.0, 'listing_id': 'YT-150', 'seller_contact': 'https://t.me/submarket7'}
2026-01-28 21:06:26,741 - __main__ - INFO - Posting to screenshot channel by username: @smyardsgallary
2026-01-28 21:06:27,060 - __main__ - INFO - ✅ Screenshot posted to gallery. Message ID: 370
2026-01-28 21:06:27,060 - __main__ - INFO - ?? Screenshot post: 370
2026-01-28 21:06:27,177 - __main__ - INFO - ?? Discussion post: 2529
2026-01-28 21:06:27,177 - __main__ - INFO - ?? Posting to main channel...
2026-01-28 21:06:27,177 - __main__ - INFO - Generated screenshot URL: https://t.me/smyardsgallary/370
2026-01-28 21:06:27,178 - __main__ - INFO - 📤 Posting to MAIN CHANNEL: @smyard
2026-01-28 21:06:27,357 - __main__ - INFO - ✅ Main channel posted: 186
2026-01-28 21:06:27,357 - __main__ - INFO - ? Main channel: 186
2026-01-28 21:06:27,357 - __main__ - INFO - ?? Posting to stock channel...
2026-01-28 21:06:27,486 - __main__ - INFO - ? Stock channel: 127
2026-01-28 21:06:27,594 - __main__ - INFO - ?? Publishing completed successfully!
2026-01-28 22:17:05,338 - __main__ - ERROR - Update "{'update_id': 814884278, 'message': {'date': 1769631425, 'chat': {'id': 1980176473, 'first_name': 'vladislav', 'type': 'private', 'username': 'vladislav06'}, 'delete_chat_photo': False, 'group_chat_created': False, 'channel_chat_created': False, 'message_id': 2244, 'new_chat_members': [], 'caption_entities': [], 'photo': [], 'new_chat_photo': [], 'text': '/start', 'entities': [{'offset': 0, 'length': 6, 'type': 'bot_command'}], 'supergroup_chat_created': False, 'from': {'id': 1980176473, 'username': 'vladislav06', 'is_bot': False, 'first_name': 'vladislav', 'language_code': 'ro'}}}" caused error "urllib3 HTTPError ('Connection aborted.', RemoteDisconnected('Remote end closed connection without response'))"
2026-01-28 22:17:05,454 - __main__ - ERROR - Full error: Traceback (most recent call last):
  File "C:\Users\Win10 Pro\AppData\Roaming\Python\Python311\site-packages\telegram\vendor\ptb_urllib3\urllib3\connectionpool.py", line 614, in urlopen
    httplib_response = self._make_request(conn, method, url,
                       ^^^^^^^^^^^^^^^^^^^^^^^^^^^^^^^^^^^^^
  File "C:\Users\Win10 Pro\AppData\Roaming\Python\Python311\site-packages\telegram\vendor\ptb_urllib3\urllib3\connectionpool.py", line 402, in _make_request
    six.raise_from(e, None)
  File "<string>", line 2, in raise_from
  File "C:\Users\Win10 Pro\AppData\Roaming\Python\Python311\site-packages\telegram\vendor\ptb_urllib3\urllib3\connectionpool.py", line 398, in _make_request
    httplib_response = conn.getresponse()
                       ^^^^^^^^^^^^^^^^^^
  File "C:\Program Files\Python311\Lib\http\client.py", line 1374, in getresponse
    response.begin()
  File "C:\Program Files\Python311\Lib\http\client.py", line 318, in begin
    version, status, reason = self._read_status()
                              ^^^^^^^^^^^^^^^^^^^
  File "C:\Program Files\Python311\Lib\http\client.py", line 287, in _read_status
    raise RemoteDisconnected("Remote end closed connection without"
http.client.RemoteDisconnected: Remote end closed connection without response

During handling of the above exception, another exception occurred:

Traceback (most recent call last):
  File "C:\Users\Win10 Pro\AppData\Roaming\Python\Python311\site-packages\telegram\utils\request.py", line 259, in _request_wrapper
    resp = self._con_pool.request(*args, **kwargs)
           ^^^^^^^^^^^^^^^^^^^^^^^^^^^^^^^^^^^^^^^
  File "C:\Users\Win10 Pro\AppData\Roaming\Python\Python311\site-packages\telegram\vendor\ptb_urllib3\urllib3\request.py", line 68, in request
    return self.request_encode_body(method, url, fields=fields,
           ^^^^^^^^^^^^^^^^^^^^^^^^^^^^^^^^^^^^^^^^^^^^^^^^^^^^
  File "C:\Users\Win10 Pro\AppData\Roaming\Python\Python311\site-packages\telegram\vendor\ptb_urllib3\urllib3\request.py", line 148, in request_encode_body
    return self.urlopen(method, url, **extra_kw)
           ^^^^^^^^^^^^^^^^^^^^^^^^^^^^^^^^^^^^^
  File "C:\Users\Win10 Pro\AppData\Roaming\Python\Python311\site-packages\telegram\vendor\ptb_urllib3\urllib3\poolmanager.py", line 244, in urlopen
    response = conn.urlopen(method, u.request_uri, **kw)
               ^^^^^^^^^^^^^^^^^^^^^^^^^^^^^^^^^^^^^^^^^
  File "C:\Users\Win10 Pro\AppData\Roaming\Python\Python311\site-packages\telegram\vendor\ptb_urllib3\urllib3\connectionpool.py", line 665, in urlopen
    retries = retries.increment(method, url, error=e, _pool=self,
              ^^^^^^^^^^^^^^^^^^^^^^^^^^^^^^^^^^^^^^^^^^^^^^^^^^^
  File "C:\Users\Win10 Pro\AppData\Roaming\Python\Python311\site-packages\telegram\vendor\ptb_urllib3\urllib3\util\retry.py", line 347, in increment
    raise six.reraise(type(error), error, _stacktrace)
          ^^^^^^^^^^^^^^^^^^^^^^^^^^^^^^^^^^^^^^^^^^^^
  File "C:\Users\Win10 Pro\AppData\Roaming\Python\Python311\site-packages\telegram\vendor\ptb_urllib3\urllib3\packages\six.py", line 685, in reraise
    raise value.with_traceback(tb)
  File "C:\Users\Win10 Pro\AppData\Roaming\Python\Python311\site-packages\telegram\vendor\ptb_urllib3\urllib3\connectionpool.py", line 614, in urlopen
    httplib_response = self._make_request(conn, method, url,
                       ^^^^^^^^^^^^^^^^^^^^^^^^^^^^^^^^^^^^^
  File "C:\Users\Win10 Pro\AppData\Roaming\Python\Python311\site-packages\telegram\vendor\ptb_urllib3\urllib3\connectionpool.py", line 402, in _make_request
    six.raise_from(e, None)
  File "<string>", line 2, in raise_from
  File "C:\Users\Win10 Pro\AppData\Roaming\Python\Python311\site-packages\telegram\vendor\ptb_urllib3\urllib3\connectionpool.py", line 398, in _make_request
    httplib_response = conn.getresponse()
                       ^^^^^^^^^^^^^^^^^^
  File "C:\Program Files\Python311\Lib\http\client.py", line 1374, in getresponse
    response.begin()
  File "C:\Program Files\Python311\Lib\http\client.py", line 318, in begin
    version, status, reason = self._read_status()
                              ^^^^^^^^^^^^^^^^^^^
  File "C:\Program Files\Python311\Lib\http\client.py", line 287, in _read_status
    raise RemoteDisconnected("Remote end closed connection without"
telegram.vendor.ptb_urllib3.urllib3.exceptions.ProtocolError: ('Connection aborted.', RemoteDisconnected('Remote end closed connection without response'))

The above exception was the direct cause of the following exception:

Traceback (most recent call last):
  File "C:\smyards_bot\bot_final_fixed.py", line 3238, in error_handler
    raise context.error
  File "C:\Users\Win10 Pro\AppData\Roaming\Python\Python311\site-packages\telegram\ext\dispatcher.py", line 557, in process_update
    handler.handle_update(update, self, check, context)
  File "C:\Users\Win10 Pro\AppData\Roaming\Python\Python311\site-packages\telegram\ext\conversationhandler.py", line 627, in handle_update
    new_state = handler.handle_update(update, dispatcher, check_result, context)
                ^^^^^^^^^^^^^^^^^^^^^^^^^^^^^^^^^^^^^^^^^^^^^^^^^^^^^^^^^^^^^^^^
  File "C:\Users\Win10 Pro\AppData\Roaming\Python\Python311\site-packages\telegram\ext\handler.py", line 199, in handle_update
    return self.callback(update, context)
           ^^^^^^^^^^^^^^^^^^^^^^^^^^^^^^
  File "C:\smyards_bot\bot_final_fixed.py", line 3187, in start
    return customer_start(update, context)
           ^^^^^^^^^^^^^^^^^^^^^^^^^^^^^^^
  File "C:\smyards_bot\bot_final_fixed.py", line 1872, in customer_start
    update.message.reply_text(text, reply_markup=InlineKeyboardMarkup(keyboard), parse_mode=ParseMode.MARKDOWN)
  File "C:\Users\Win10 Pro\AppData\Roaming\Python\Python311\site-packages\telegram\message.py", line 977, in reply_text
    return self.bot.send_message(
           ^^^^^^^^^^^^^^^^^^^^^^
  File "C:\Users\Win10 Pro\AppData\Roaming\Python\Python311\site-packages\telegram\bot.py", line 134, in decorator
    result = func(*args, **kwargs)
             ^^^^^^^^^^^^^^^^^^^^^
  File "C:\Users\Win10 Pro\AppData\Roaming\Python\Python311\site-packages\telegram\bot.py", line 534, in send_message
    return self._message(  # type: ignore[return-value]
           ^^^^^^^^^^^^^^^^^^^^^^^^^^^^^^^^^^^^^^^^^^^^
  File "C:\Users\Win10 Pro\AppData\Roaming\Python\Python311\site-packages\telegram\ext\extbot.py", line 203, in _message
    result = super()._message(
             ^^^^^^^^^^^^^^^^^
  File "C:\Users\Win10 Pro\AppData\Roaming\Python\Python311\site-packages\telegram\bot.py", line 344, in _message
    result = self._post(endpoint, data, timeout=timeout, api_kwargs=api_kwargs)
             ^^^^^^^^^^^^^^^^^^^^^^^^^^^^^^^^^^^^^^^^^^^^^^^^^^^^^^^^^^^^^^^^^^
  File "C:\Users\Win10 Pro\AppData\Roaming\Python\Python311\site-packages\telegram\bot.py", line 299, in _post
    return self.request.post(
           ^^^^^^^^^^^^^^^^^^
  File "C:\Users\Win10 Pro\AppData\Roaming\Python\Python311\site-packages\telegram\utils\request.py", line 361, in post
    result = self._request_wrapper(
             ^^^^^^^^^^^^^^^^^^^^^^
  File "C:\Users\Win10 Pro\AppData\Roaming\Python\Python311\site-packages\telegram\utils\request.py", line 265, in _request_wrapper
    raise NetworkError(f'urllib3 HTTPError {error}') from error
telegram.error.NetworkError: urllib3 HTTPError ('Connection aborted.', RemoteDisconnected('Remote end closed connection without response'))

2026-01-31 18:12:38,712 - __main__ - INFO - ==================================================
2026-01-31 18:12:38,713 - __main__ - INFO - ✅ SMYARDS BOT STARTED
2026-01-31 18:12:38,716 - __main__ - INFO - 📢 Main Channel: @smyard
2026-01-31 18:12:38,716 - __main__ - INFO - 📋 Stock Channel: -1002861193688
2026-01-31 18:12:38,716 - __main__ - INFO - ==================================================
2026-02-05 17:18:43,143 - __main__ - INFO - ==================================================
2026-02-05 17:18:43,144 - __main__ - INFO - ✅ SMYARDS BOT STARTED
2026-02-05 17:18:43,147 - __main__ - INFO - 📢 Main Channel: @smyard
2026-02-05 17:18:43,148 - __main__ - INFO - 📋 Stock Channel: -1002861193688
2026-02-05 17:18:43,148 - __main__ - INFO - ==================================================
2026-02-05 17:19:36,413 - __main__ - INFO - YT-108 exists, using YT-151 instead
2026-02-05 17:25:52,489 - __main__ - ERROR - Update "{'update_id': 814884323, 'message': {'entities': [], 'delete_chat_photo': False, 'new_chat_members': [], 'chat': {'type': 'private', 'id': 6407498844, 'username': 'smyards', 'first_name': 'SMyards.com - Support'}, 'supergroup_chat_created': False, 'group_chat_created': False, 'media_group_id': '14162441219313684', 'message_id': 2264, 'channel_chat_created': False, 'date': 1770305152, 'new_chat_photo': [], 'photo': [{'file_size': 1234, 'width': 90, 'file_unique_id': 'AQADHA1rG67_KFB4', 'height': 51, 'file_id': 'AgACAgQAAxkBAAII2GmEtoCYgMol1TtU6EPWi2wOlh5vAAIcDWsbrv8oUMzH1nBACpDkAQADAgADcwADOAQ'}, {'file_size': 17337, 'width': 320, 'file_unique_id': 'AQADHA1rG67_KFBy', 'height': 180, 'file_id': 'AgACAgQAAxkBAAII2GmEtoCYgMol1TtU6EPWi2wOlh5vAAIcDWsbrv8oUMzH1nBACpDkAQADAgADbQADOAQ'}, {'file_size': 74064, 'width': 800, 'file_unique_id': 'AQADHA1rG67_KFB9', 'height': 449, 'file_id': 'AgACAgQAAxkBAAII2GmEtoCYgMol1TtU6EPWi2wOlh5vAAIcDWsbrv8oUMzH1nBACpDkAQADAgADeAADOAQ'}, {'file_size': 103665, 'width': 1096, 'file_unique_id': 'AQADHA1rG67_KFB-', 'height': 615, 'file_id': 'AgACAgQAAxkBAAII2GmEtoCYgMol1TtU6EPWi2wOlh5vAAIcDWsbrv8oUMzH1nBACpDkAQADAgADeQADOAQ'}], 'caption_entities': [], 'from': {'first_name': 'SMyards.com - Support', 'language_code': 'en', 'id': 6407498844, 'is_bot': False, 'username': 'smyards'}}}" caused error "urllib3 HTTPError ('Connection aborted.', RemoteDisconnected('Remote end closed connection without response'))"
2026-02-05 17:25:52,586 - __main__ - ERROR - Full error: Traceback (most recent call last):
  File "C:\Users\Win10 Pro\AppData\Roaming\Python\Python311\site-packages\telegram\vendor\ptb_urllib3\urllib3\connectionpool.py", line 614, in urlopen
    httplib_response = self._make_request(conn, method, url,
                       ^^^^^^^^^^^^^^^^^^^^^^^^^^^^^^^^^^^^^
  File "C:\Users\Win10 Pro\AppData\Roaming\Python\Python311\site-packages\telegram\vendor\ptb_urllib3\urllib3\connectionpool.py", line 402, in _make_request
    six.raise_from(e, None)
  File "<string>", line 2, in raise_from
  File "C:\Users\Win10 Pro\AppData\Roaming\Python\Python311\site-packages\telegram\vendor\ptb_urllib3\urllib3\connectionpool.py", line 398, in _make_request
    httplib_response = conn.getresponse()
                       ^^^^^^^^^^^^^^^^^^
  File "C:\Program Files\Python311\Lib\http\client.py", line 1374, in getresponse
    response.begin()
  File "C:\Program Files\Python311\Lib\http\client.py", line 318, in begin
    version, status, reason = self._read_status()
                              ^^^^^^^^^^^^^^^^^^^
  File "C:\Program Files\Python311\Lib\http\client.py", line 287, in _read_status
    raise RemoteDisconnected("Remote end closed connection without"
http.client.RemoteDisconnected: Remote end closed connection without response

During handling of the above exception, another exception occurred:

Traceback (most recent call last):
  File "C:\Users\Win10 Pro\AppData\Roaming\Python\Python311\site-packages\telegram\utils\request.py", line 259, in _request_wrapper
    resp = self._con_pool.request(*args, **kwargs)
           ^^^^^^^^^^^^^^^^^^^^^^^^^^^^^^^^^^^^^^^
  File "C:\Users\Win10 Pro\AppData\Roaming\Python\Python311\site-packages\telegram\vendor\ptb_urllib3\urllib3\request.py", line 68, in request
    return self.request_encode_body(method, url, fields=fields,
           ^^^^^^^^^^^^^^^^^^^^^^^^^^^^^^^^^^^^^^^^^^^^^^^^^^^^
  File "C:\Users\Win10 Pro\AppData\Roaming\Python\Python311\site-packages\telegram\vendor\ptb_urllib3\urllib3\request.py", line 148, in request_encode_body
    return self.urlopen(method, url, **extra_kw)
           ^^^^^^^^^^^^^^^^^^^^^^^^^^^^^^^^^^^^^
  File "C:\Users\Win10 Pro\AppData\Roaming\Python\Python311\site-packages\telegram\vendor\ptb_urllib3\urllib3\poolmanager.py", line 244, in urlopen
    response = conn.urlopen(method, u.request_uri, **kw)
               ^^^^^^^^^^^^^^^^^^^^^^^^^^^^^^^^^^^^^^^^^
  File "C:\Users\Win10 Pro\AppData\Roaming\Python\Python311\site-packages\telegram\vendor\ptb_urllib3\urllib3\connectionpool.py", line 665, in urlopen
    retries = retries.increment(method, url, error=e, _pool=self,
              ^^^^^^^^^^^^^^^^^^^^^^^^^^^^^^^^^^^^^^^^^^^^^^^^^^^
  File "C:\Users\Win10 Pro\AppData\Roaming\Python\Python311\site-packages\telegram\vendor\ptb_urllib3\urllib3\util\retry.py", line 347, in increment
    raise six.reraise(type(error), error, _stacktrace)
          ^^^^^^^^^^^^^^^^^^^^^^^^^^^^^^^^^^^^^^^^^^^^
  File "C:\Users\Win10 Pro\AppData\Roaming\Python\Python311\site-packages\telegram\vendor\ptb_urllib3\urllib3\packages\six.py", line 685, in reraise
    raise value.with_traceback(tb)
  File "C:\Users\Win10 Pro\AppData\Roaming\Python\Python311\site-packages\telegram\vendor\ptb_urllib3\urllib3\connectionpool.py", line 614, in urlopen
    httplib_response = self._make_request(conn, method, url,
                       ^^^^^^^^^^^^^^^^^^^^^^^^^^^^^^^^^^^^^
  File "C:\Users\Win10 Pro\AppData\Roaming\Python\Python311\site-packages\telegram\vendor\ptb_urllib3\urllib3\connectionpool.py", line 402, in _make_request
    six.raise_from(e, None)
  File "<string>", line 2, in raise_from
  File "C:\Users\Win10 Pro\AppData\Roaming\Python\Python311\site-packages\telegram\vendor\ptb_urllib3\urllib3\connectionpool.py", line 398, in _make_request
    httplib_response = conn.getresponse()
                       ^^^^^^^^^^^^^^^^^^
  File "C:\Program Files\Python311\Lib\http\client.py", line 1374, in getresponse
    response.begin()
  File "C:\Program Files\Python311\Lib\http\client.py", line 318, in begin
    version, status, reason = self._read_status()
                              ^^^^^^^^^^^^^^^^^^^
  File "C:\Program Files\Python311\Lib\http\client.py", line 287, in _read_status
    raise RemoteDisconnected("Remote end closed connection without"
telegram.vendor.ptb_urllib3.urllib3.exceptions.ProtocolError: ('Connection aborted.', RemoteDisconnected('Remote end closed connection without response'))

The above exception was the direct cause of the following exception:

Traceback (most recent call last):
  File "C:\smyards_bot\bot_final_fixed.py", line 3238, in error_handler
    raise context.error
  File "C:\Users\Win10 Pro\AppData\Roaming\Python\Python311\site-packages\telegram\ext\dispatcher.py", line 557, in process_update
    handler.handle_update(update, self, check, context)
  File "C:\Users\Win10 Pro\AppData\Roaming\Python\Python311\site-packages\telegram\ext\conversationhandler.py", line 627, in handle_update
    new_state = handler.handle_update(update, dispatcher, check_result, context)
                ^^^^^^^^^^^^^^^^^^^^^^^^^^^^^^^^^^^^^^^^^^^^^^^^^^^^^^^^^^^^^^^^
  File "C:\Users\Win10 Pro\AppData\Roaming\Python\Python311\site-packages\telegram\ext\handler.py", line 199, in handle_update
    return self.callback(update, context)
           ^^^^^^^^^^^^^^^^^^^^^^^^^^^^^^
  File "C:\smyards_bot\bot_final_fixed.py", line 1238, in admin_handle_screenshot_upload
    update.message.reply_text(
  File "C:\Users\Win10 Pro\AppData\Roaming\Python\Python311\site-packages\telegram\message.py", line 977, in reply_text
    return self.bot.send_message(
           ^^^^^^^^^^^^^^^^^^^^^^
  File "C:\Users\Win10 Pro\AppData\Roaming\Python\Python311\site-packages\telegram\bot.py", line 134, in decorator
    result = func(*args, **kwargs)
             ^^^^^^^^^^^^^^^^^^^^^
  File "C:\Users\Win10 Pro\AppData\Roaming\Python\Python311\site-packages\telegram\bot.py", line 534, in send_message
    return self._message(  # type: ignore[return-value]
           ^^^^^^^^^^^^^^^^^^^^^^^^^^^^^^^^^^^^^^^^^^^^
  File "C:\Users\Win10 Pro\AppData\Roaming\Python\Python311\site-packages\telegram\ext\extbot.py", line 203, in _message
    result = super()._message(
             ^^^^^^^^^^^^^^^^^
  File "C:\Users\Win10 Pro\AppData\Roaming\Python\Python311\site-packages\telegram\bot.py", line 344, in _message
    result = self._post(endpoint, data, timeout=timeout, api_kwargs=api_kwargs)
             ^^^^^^^^^^^^^^^^^^^^^^^^^^^^^^^^^^^^^^^^^^^^^^^^^^^^^^^^^^^^^^^^^^
  File "C:\Users\Win10 Pro\AppData\Roaming\Python\Python311\site-packages\telegram\bot.py", line 299, in _post
    return self.request.post(
           ^^^^^^^^^^^^^^^^^^
  File "C:\Users\Win10 Pro\AppData\Roaming\Python\Python311\site-packages\telegram\utils\request.py", line 361, in post
    result = self._request_wrapper(
             ^^^^^^^^^^^^^^^^^^^^^^
  File "C:\Users\Win10 Pro\AppData\Roaming\Python\Python311\site-packages\telegram\utils\request.py", line 265, in _request_wrapper
    raise NetworkError(f'urllib3 HTTPError {error}') from error
telegram.error.NetworkError: urllib3 HTTPError ('Connection aborted.', RemoteDisconnected('Remote end closed connection without response'))

2026-02-05 17:26:27,025 - __main__ - INFO - ?? Confirmation callback received: publish_now
2026-02-05 17:26:27,026 - __main__ - INFO - ?? PUBLISH NOW clicked - Starting publish process
2026-02-05 17:26:27,026 - __main__ - INFO - ?? Listing data: {'platform': 'YouTube', 'account_type': 'Monetized Channel', 'subscribers': 4700, 'views': 290000, 'niche': 'Mixed', 'features': '3 Features Enabled', 'monetization': 'Enabled', 'region': 'USA', 'status': 'No Strikes', 'price': 130.0, 'listing_id': 'YT-151', 'seller_contact': 'https://t.me/submarket7'}
2026-02-05 17:26:27,026 - __main__ - INFO - Posting to screenshot channel by username: @smyardsgallary
2026-02-05 17:26:27,903 - __main__ - INFO - ✅ Screenshot posted to gallery. Message ID: 376
2026-02-05 17:26:27,903 - __main__ - INFO - ?? Screenshot post: 376
2026-02-05 17:26:28,040 - __main__ - INFO - ?? Discussion post: 2548
2026-02-05 17:26:28,040 - __main__ - INFO - ?? Posting to main channel...
2026-02-05 17:26:28,040 - __main__ - INFO - Generated screenshot URL: https://t.me/smyardsgallary/376
2026-02-05 17:26:28,041 - __main__ - INFO - 📤 Posting to MAIN CHANNEL: @smyard
2026-02-05 17:26:28,257 - __main__ - INFO - ✅ Main channel posted: 188
2026-02-05 17:26:28,257 - __main__ - INFO - ? Main channel: 188
2026-02-05 17:26:28,257 - __main__ - INFO - ?? Posting to stock channel...
2026-02-05 17:26:28,424 - __main__ - INFO - ? Stock channel: 128
2026-02-05 17:26:28,531 - __main__ - INFO - ?? Publishing completed successfully!
2026-02-07 20:37:50,054 - __main__ - INFO - ==================================================
2026-02-07 20:37:50,055 - __main__ - INFO - ✅ SMYARDS BOT STARTED
2026-02-07 20:37:50,058 - __main__ - INFO - 📢 Main Channel: @smyard
2026-02-07 20:37:50,059 - __main__ - INFO - 📋 Stock Channel: -1002861193688
2026-02-07 20:37:50,059 - __main__ - INFO - ==================================================
2026-02-07 20:38:39,272 - __main__ - INFO - YT-108 exists, using YT-152 instead
2026-02-07 20:39:25,166 - __main__ - INFO - ?? Confirmation callback received: publish_now
2026-02-07 20:39:25,167 - __main__ - INFO - ?? PUBLISH NOW clicked - Starting publish process
2026-02-07 20:39:25,167 - __main__ - INFO - ?? Listing data: {'platform': 'YouTube', 'account_type': 'Monetized Channel', 'subscribers': 5713, 'views': 376000, 'niche': 'Mixed', 'features': '3 Features Enabled', 'monetization': 'Enabled', 'region': 'USA', 'status': 'No Strikes', 'price': 110.0, 'listing_id': 'YT-152', 'seller_contact': 'https://t.me/submarket7'}
2026-02-07 20:39:25,167 - __main__ - INFO - Posting to screenshot channel by username: @smyardsgallary
2026-02-07 20:39:26,392 - __main__ - INFO - ✅ Screenshot posted to gallery. Message ID: 385
2026-02-07 20:39:26,393 - __main__ - INFO - ?? Screenshot post: 385
2026-02-07 20:39:26,545 - __main__ - INFO - ?? Discussion post: 2554
2026-02-07 20:39:26,546 - __main__ - INFO - ?? Posting to main channel...
2026-02-07 20:39:26,546 - __main__ - INFO - Generated screenshot URL: https://t.me/smyardsgallary/385
2026-02-07 20:39:26,546 - __main__ - INFO - 📤 Posting to MAIN CHANNEL: @smyard
2026-02-07 20:39:26,737 - __main__ - INFO - ✅ Main channel posted: 189
2026-02-07 20:39:26,738 - __main__ - INFO - ? Main channel: 189
2026-02-07 20:39:26,738 - __main__ - INFO - ?? Posting to stock channel...
2026-02-07 20:39:27,012 - __main__ - INFO - ? Stock channel: 129
2026-02-07 20:39:27,138 - __main__ - INFO - ?? Publishing completed successfully!
2026-02-09 22:01:55,135 - __main__ - INFO - ==================================================
2026-02-09 22:01:55,151 - __main__ - INFO - ✅ SMYARDS BOT STARTED
2026-02-09 22:01:55,151 - __main__ - INFO - 📢 Main Channel: @smyard
2026-02-09 22:01:55,151 - __main__ - INFO - 📋 Stock Channel: -1002861193688
2026-02-09 22:01:55,151 - __main__ - INFO - ==================================================
2026-02-09 22:02:53,563 - __main__ - INFO - YT-108 exists, using YT-153 instead
2026-02-09 22:03:42,534 - __main__ - INFO - ?? Confirmation callback received: publish_now
2026-02-09 22:03:42,535 - __main__ - INFO - ?? PUBLISH NOW clicked - Starting publish process
2026-02-09 22:03:42,535 - __main__ - INFO - ?? Listing data: {'platform': 'YouTube', 'account_type': 'Monetized Channel', 'subscribers': 1600, 'views': 185000, 'niche': 'Mixed', 'features': '3 Features Enabled', 'monetization': 'Enabled', 'region': 'U.K/U.S', 'status': 'No Strikes', 'price': 120.0, 'listing_id': 'YT-153', 'seller_contact': 'https://t.me/France_jnr_1'}
2026-02-09 22:03:42,535 - __main__ - INFO - Posting to screenshot channel by username: @smyardsgallary
2026-02-09 22:03:43,217 - __main__ - INFO - ✅ Screenshot posted to gallery. Message ID: 395
2026-02-09 22:03:43,217 - __main__ - INFO - ?? Screenshot post: 395
2026-02-09 22:03:43,420 - __main__ - INFO - ?? Discussion post: 2563
2026-02-09 22:03:43,421 - __main__ - INFO - ?? Posting to main channel...
2026-02-09 22:03:43,422 - __main__ - INFO - Generated screenshot URL: https://t.me/smyardsgallary/395
2026-02-09 22:03:43,423 - __main__ - INFO - 📤 Posting to MAIN CHANNEL: @smyard
2026-02-09 22:03:43,627 - __main__ - INFO - ✅ Main channel posted: 191
2026-02-09 22:03:43,628 - __main__ - INFO - ? Main channel: 191
2026-02-09 22:03:43,628 - __main__ - INFO - ?? Posting to stock channel...
2026-02-09 22:03:43,804 - __main__ - INFO - ? Stock channel: 130
2026-02-09 22:03:43,924 - __main__ - INFO - ?? Publishing completed successfully!
2026-02-11 21:29:11,695 - __main__ - INFO - ==================================================
2026-02-11 21:29:11,695 - __main__ - INFO - ✅ SMYARDS BOT STARTED
2026-02-11 21:29:11,699 - __main__ - INFO - 📢 Main Channel: @smyard
2026-02-11 21:29:11,699 - __main__ - INFO - 📋 Stock Channel: -1002861193688
2026-02-11 21:29:11,699 - __main__ - INFO - ==================================================
2026-02-11 21:55:59,022 - __main__ - ERROR - Error updating main post as sold: Timed out
2026-02-14 21:37:59,959 - __main__ - INFO - ==================================================
2026-02-14 21:37:59,959 - __main__ - INFO - ✅ SMYARDS BOT STARTED
2026-02-14 21:37:59,975 - __main__ - INFO - 📢 Main Channel: @smyard
2026-02-14 21:37:59,975 - __main__ - INFO - 📋 Stock Channel: -1002861193688
2026-02-14 21:37:59,975 - __main__ - INFO - ==================================================
2026-02-14 21:39:41,601 - __main__ - INFO - YT-108 exists, using YT-154 instead
2026-02-14 21:40:36,581 - __main__ - INFO - ?? Confirmation callback received: publish_now
2026-02-14 21:40:36,581 - __main__ - INFO - ?? PUBLISH NOW clicked - Starting publish process
2026-02-14 21:40:36,582 - __main__ - INFO - ?? Listing data: {'platform': 'YouTube', 'account_type': 'Monetized Channel', 'subscribers': 12100, 'views': 30000000, 'niche': 'Mixed', 'features': '3 Features Enabled', 'monetization': 'Enabled', 'region': 'Asia', 'status': 'No Strikes', 'price': 170.0, 'listing_id': 'YT-154', 'seller_contact': 'https://t.me/France_jnr_1'}
2026-02-14 21:40:36,582 - __main__ - INFO - Posting to screenshot channel by username: @smyardsgallary
2026-02-14 21:40:37,999 - __main__ - INFO - ✅ Screenshot posted to gallery. Message ID: 402
2026-02-14 21:40:37,999 - __main__ - INFO - ?? Screenshot post: 402
2026-02-14 21:40:38,140 - __main__ - INFO - ?? Discussion post: 2609
2026-02-14 21:40:38,142 - __main__ - INFO - ?? Posting to main channel...
2026-02-14 21:40:38,142 - __main__ - INFO - Generated screenshot URL: https://t.me/smyardsgallary/402
2026-02-14 21:40:38,142 - __main__ - INFO - 📤 Posting to MAIN CHANNEL: @smyard
2026-02-14 21:40:38,314 - __main__ - INFO - ✅ Main channel posted: 192
2026-02-14 21:40:38,314 - __main__ - INFO - ? Main channel: 192
2026-02-14 21:40:38,314 - __main__ - INFO - ?? Posting to stock channel...
2026-02-14 21:40:38,517 - __main__ - INFO - ? Stock channel: 131
2026-02-14 21:40:38,630 - __main__ - INFO - ?? Publishing completed successfully!
2026-02-14 21:44:11,864 - __main__ - INFO - YT-108 exists, using YT-155 instead
2026-02-14 21:44:35,064 - __main__ - INFO - ?? Confirmation callback received: publish_now
2026-02-14 21:44:35,064 - __main__ - INFO - ?? PUBLISH NOW clicked - Starting publish process
2026-02-14 21:44:35,067 - __main__ - INFO - ?? Listing data: {'platform': 'YouTube', 'account_type': 'Monetized Channel', 'subscribers': 1110, 'views': 65000, 'niche': 'Gaming', 'features': '3 Features Enabled', 'monetization': 'Enabled', 'region': 'USA', 'status': 'No Strikes', 'price': 140.0, 'listing_id': 'YT-155', 'seller_contact': 'https://t.me/submarket7'}
2026-02-14 21:44:35,067 - __main__ - INFO - Posting to screenshot channel by username: @smyardsgallary
2026-02-14 21:44:35,778 - __main__ - INFO - ✅ Screenshot posted to gallery. Message ID: 412
2026-02-14 21:44:35,778 - __main__ - INFO - ?? Screenshot post: 412
2026-02-14 21:44:36,021 - __main__ - INFO - ?? Discussion post: 2611
2026-02-14 21:44:36,022 - __main__ - INFO - ?? Posting to main channel...
2026-02-14 21:44:36,023 - __main__ - INFO - Generated screenshot URL: https://t.me/smyardsgallary/412
2026-02-14 21:44:36,024 - __main__ - INFO - 📤 Posting to MAIN CHANNEL: @smyard
2026-02-14 21:44:36,226 - __main__ - INFO - ✅ Main channel posted: 193
2026-02-14 21:44:36,227 - __main__ - INFO - ? Main channel: 193
2026-02-14 21:44:36,228 - __main__ - INFO - ?? Posting to stock channel...
2026-02-14 21:44:36,376 - __main__ - INFO - ? Stock channel: 132
2026-02-14 21:44:36,499 - __main__ - INFO - ?? Publishing completed successfully!
2026-02-16 19:57:15,909 - __main__ - INFO - ==================================================
2026-02-16 19:57:15,910 - __main__ - INFO - ✅ SMYARDS BOT STARTED
2026-02-16 19:57:15,910 - __main__ - INFO - 📢 Main Channel: @smyard
2026-02-16 19:57:15,910 - __main__ - INFO - 📋 Stock Channel: -1002861193688
2026-02-16 19:57:15,910 - __main__ - INFO - ==================================================
2026-02-16 19:58:26,052 - __main__ - ERROR - Error updating main post as sold: Timed out
2026-02-19 21:45:46,989 - __main__ - INFO - ==================================================
2026-02-19 21:45:46,989 - __main__ - INFO - ✅ SMYARDS BOT STARTED
2026-02-19 21:45:46,989 - __main__ - INFO - 📢 Main Channel: @smyard
2026-02-19 21:45:46,989 - __main__ - INFO - 📋 Stock Channel: -1002861193688
2026-02-19 21:45:46,989 - __main__ - INFO - ==================================================
2026-02-19 21:51:45,228 - __main__ - INFO - YT-108 exists, using YT-156 instead
2026-02-19 21:52:10,908 - __main__ - INFO - ?? Confirmation callback received: publish_now
2026-02-19 21:52:10,909 - __main__ - INFO - ?? PUBLISH NOW clicked - Starting publish process
2026-02-19 21:52:10,909 - __main__ - INFO - ?? Listing data: {'platform': 'YouTube', 'account_type': 'Monetized Channel', 'subscribers': 10000, 'views': 2300000, 'niche': 'Mixed', 'features': '3 Features Enabled', 'monetization': 'Enabled', 'region': 'Asia', 'status': 'No Strikes', 'price': 180.0, 'listing_id': 'YT-156', 'seller_contact': 'https://t.me/submarket7'}
2026-02-19 21:52:10,910 - __main__ - INFO - Posting to screenshot channel by username: @smyardsgallary
2026-02-19 21:52:11,704 - __main__ - INFO - ✅ Screenshot posted to gallery. Message ID: 418
2026-02-19 21:52:11,704 - __main__ - INFO - ?? Screenshot post: 418
2026-02-19 21:52:11,916 - __main__ - INFO - ?? Discussion post: 2635
2026-02-19 21:52:11,916 - __main__ - INFO - ?? Posting to main channel...
2026-02-19 21:52:11,916 - __main__ - INFO - Generated screenshot URL: https://t.me/smyardsgallary/418
2026-02-19 21:52:11,917 - __main__ - INFO - 📤 Posting to MAIN CHANNEL: @smyard
2026-02-19 21:52:12,102 - __main__ - INFO - ✅ Main channel posted: 194
2026-02-19 21:52:12,102 - __main__ - INFO - ? Main channel: 194
2026-02-19 21:52:12,103 - __main__ - INFO - ?? Posting to stock channel...
2026-02-19 21:52:12,289 - __main__ - INFO - ? Stock channel: 133
2026-02-19 21:52:12,426 - __main__ - INFO - ?? Publishing completed successfully!
2026-02-23 02:25:58,849 - __main__ - INFO - ==================================================
2026-02-23 02:25:58,849 - __main__ - INFO - ✅ SMYARDS BOT STARTED
2026-02-23 02:25:58,849 - __main__ - INFO - 📢 Main Channel: @smyard
2026-02-23 02:25:58,849 - __main__ - INFO - 📋 Stock Channel: -1002861193688
2026-02-23 02:25:58,849 - __main__ - INFO - ==================================================
2026-02-23 02:31:38,947 - __main__ - INFO - YT-108 exists, using YT-157 instead
2026-02-23 02:32:29,081 - __main__ - INFO - ?? Confirmation callback received: publish_now
2026-02-23 02:32:29,082 - __main__ - INFO - ?? PUBLISH NOW clicked - Starting publish process
2026-02-23 02:32:29,083 - __main__ - INFO - ?? Listing data: {'platform': 'YouTube', 'account_type': 'Monetized Channel', 'subscribers': 2300, 'views': 300000, 'niche': 'Stories', 'features': '3 Features Enabled', 'monetization': 'Enabled', 'region': 'Italian', 'status': 'No Strikes', 'price': 300.0, 'listing_id': 'YT-157', 'seller_contact': 'https://t.me/monetizedyoutube'}
2026-02-23 02:32:29,084 - __main__ - INFO - Posting to screenshot channel by username: @smyardsgallary
2026-02-23 02:32:29,504 - __main__ - INFO - ✅ Screenshot posted to gallery. Message ID: 426
2026-02-23 02:32:29,505 - __main__ - INFO - ?? Screenshot post: 426
2026-02-23 02:32:29,606 - __main__ - INFO - ?? Discussion post: 2637
2026-02-23 02:32:29,607 - __main__ - INFO - ?? Posting to main channel...
2026-02-23 02:32:29,608 - __main__ - INFO - Generated screenshot URL: https://t.me/smyardsgallary/426
2026-02-23 02:32:29,608 - __main__ - INFO - 📤 Posting to MAIN CHANNEL: @smyard
2026-02-23 02:32:29,742 - __main__ - INFO - ✅ Main channel posted: 195
2026-02-23 02:32:29,742 - __main__ - INFO - ? Main channel: 195
2026-02-23 02:32:29,742 - __main__ - INFO - ?? Posting to stock channel...
2026-02-23 02:32:29,865 - __main__ - INFO - ? Stock channel: 134
2026-02-23 02:32:29,960 - __main__ - INFO - ?? Publishing completed successfully!
2026-02-25 19:45:40,237 - __main__ - INFO - ==================================================
2026-02-25 19:45:40,238 - __main__ - INFO - ✅ SMYARDS BOT STARTED
2026-02-25 19:45:40,242 - __main__ - INFO - 📢 Main Channel: @smyard
2026-02-25 19:45:40,242 - __main__ - INFO - 📋 Stock Channel: -1002861193688
2026-02-25 19:45:40,242 - __main__ - INFO - ==================================================
2026-02-25 19:46:32,360 - __main__ - INFO - YT-108 exists, using YT-158 instead
2026-02-25 19:47:16,827 - __main__ - INFO - ?? Confirmation callback received: publish_now
2026-02-25 19:47:16,827 - __main__ - INFO - ?? PUBLISH NOW clicked - Starting publish process
2026-02-25 19:47:16,828 - __main__ - INFO - ?? Listing data: {'platform': 'YouTube', 'account_type': 'Monetized Channel', 'subscribers': 9670, 'views': 2800000, 'niche': 'Mixed', 'features': '3 Features Enabled', 'monetization': 'Enabled', 'region': 'USA', 'status': 'No Strikes', 'price': 180.0, 'listing_id': 'YT-158', 'seller_contact': 'https://t.me/smyards'}
2026-02-25 19:47:16,829 - __main__ - INFO - Posting to screenshot channel by username: @smyardsgallary
2026-02-25 19:47:17,820 - __main__ - INFO - ✅ Screenshot posted to gallery. Message ID: 432
2026-02-25 19:47:17,821 - __main__ - INFO - ?? Screenshot post: 432
2026-02-25 19:47:18,024 - __main__ - INFO - ?? Discussion post: 2661
2026-02-25 19:47:18,024 - __main__ - INFO - ?? Posting to main channel...
2026-02-25 19:47:18,025 - __main__ - INFO - Generated screenshot URL: https://t.me/smyardsgallary/432
2026-02-25 19:47:18,025 - __main__ - INFO - 📤 Posting to MAIN CHANNEL: @smyard
2026-02-25 19:47:18,287 - __main__ - INFO - ✅ Main channel posted: 196
2026-02-25 19:47:18,287 - __main__ - INFO - ? Main channel: 196
2026-02-25 19:47:18,287 - __main__ - INFO - ?? Posting to stock channel...
2026-02-25 19:47:18,536 - __main__ - INFO - ? Stock channel: 135
2026-02-25 19:47:18,654 - __main__ - INFO - ?? Publishing completed successfully!
2026-03-01 21:38:42,727 - __main__ - INFO - ==================================================
2026-03-01 21:38:42,728 - __main__ - INFO - ✅ SMYARDS BOT STARTED
2026-03-01 21:38:42,732 - __main__ - INFO - 📢 Main Channel: @smyard
2026-03-01 21:38:42,732 - __main__ - INFO - 📋 Stock Channel: -1002861193688
2026-03-01 21:38:42,732 - __main__ - INFO - ==================================================
2026-03-04 03:32:55,401 - __main__ - INFO - ==================================================
2026-03-04 03:32:55,401 - __main__ - INFO - ✅ SMYARDS BOT STARTED
2026-03-04 03:32:55,417 - __main__ - INFO - 📢 Main Channel: @smyard
2026-03-04 03:32:55,417 - __main__ - INFO - 📋 Stock Channel: -1002861193688
2026-03-04 03:32:55,417 - __main__ - INFO - ==================================================
2026-03-04 03:33:49,118 - __main__ - INFO - YT-108 exists, using YT-159 instead
2026-03-04 03:35:04,670 - __main__ - INFO - ?? Confirmation callback received: publish_now
2026-03-04 03:35:04,670 - __main__ - INFO - ?? PUBLISH NOW clicked - Starting publish process
2026-03-04 03:35:04,670 - __main__ - INFO - ?? Listing data: {'platform': 'YouTube', 'account_type': 'Monetized Channel', 'subscribers': 26700, 'views': 30300000, 'niche': 'Mixed', 'features': '3 Features Enabled', 'monetization': 'Enabled', 'region': 'Asia', 'status': 'No Strikes', 'price': 225.0, 'listing_id': 'YT-159', 'seller_contact': 'https://t.me/smyards'}
2026-03-04 03:35:04,671 - __main__ - INFO - Posting to screenshot channel by username: @smyardsgallary
2026-03-04 03:35:05,086 - __main__ - INFO - ✅ Screenshot posted to gallery. Message ID: 442
2026-03-04 03:35:05,087 - __main__ - INFO - ?? Screenshot post: 442
2026-03-04 03:35:05,198 - __main__ - INFO - ?? Discussion post: 2665
2026-03-04 03:35:05,198 - __main__ - INFO - ?? Posting to main channel...
2026-03-04 03:35:05,199 - __main__ - INFO - Generated screenshot URL: https://t.me/smyardsgallary/442
2026-03-04 03:35:05,199 - __main__ - INFO - 📤 Posting to MAIN CHANNEL: @smyard
2026-03-04 03:35:05,338 - __main__ - INFO - ✅ Main channel posted: 197
2026-03-04 03:35:05,338 - __main__ - INFO - ? Main channel: 197
2026-03-04 03:35:05,338 - __main__ - INFO - ?? Posting to stock channel...
2026-03-04 03:35:05,451 - __main__ - INFO - ? Stock channel: 136
2026-03-04 03:35:05,544 - __main__ - INFO - ?? Publishing completed successfully!
2026-03-08 16:57:32,616 - __main__ - INFO - ==================================================
2026-03-08 16:57:32,617 - __main__ - INFO - ✅ SMYARDS BOT STARTED
2026-03-08 16:57:32,623 - __main__ - INFO - 📢 Main Channel: @smyard
2026-03-08 16:57:32,625 - __main__ - INFO - 📋 Stock Channel: -1002861193688
2026-03-08 16:57:32,625 - __main__ - INFO - ==================================================
2026-03-08 16:57:56,055 - __main__ - INFO - YT-108 exists, using YT-160 instead
2026-03-08 16:58:30,910 - __main__ - INFO - ?? Confirmation callback received: publish_now
2026-03-08 16:58:30,911 - __main__ - INFO - ?? PUBLISH NOW clicked - Starting publish process
2026-03-08 16:58:30,911 - __main__ - INFO - ?? Listing data: {'platform': 'YouTube', 'account_type': 'Monetized Channel', 'subscribers': 12000, 'views': 30000000, 'niche': 'Mixed', 'features': '3 Features Enabled', 'monetization': 'Enabled', 'region': 'USA', 'status': 'No Strikes', 'price': 380.0, 'listing_id': 'YT-160', 'seller_contact': 'https://t.me/amobarak97'}
2026-03-08 16:58:30,911 - __main__ - INFO - Posting to screenshot channel by username: @smyardsgallary
2026-03-08 16:58:31,439 - __main__ - INFO - ✅ Screenshot posted to gallery. Message ID: 447
2026-03-08 16:58:31,440 - __main__ - INFO - ?? Screenshot post: 447
2026-03-08 16:58:31,571 - __main__ - INFO - ?? Discussion post: 2667
2026-03-08 16:58:31,572 - __main__ - INFO - ?? Posting to main channel...
2026-03-08 16:58:31,572 - __main__ - INFO - Generated screenshot URL: https://t.me/smyardsgallary/447
2026-03-08 16:58:31,573 - __main__ - INFO - 📤 Posting to MAIN CHANNEL: @smyard
2026-03-08 16:58:31,752 - __main__ - INFO - ✅ Main channel posted: 198
2026-03-08 16:58:31,753 - __main__ - INFO - ? Main channel: 198
2026-03-08 16:58:31,753 - __main__ - INFO - ?? Posting to stock channel...
2026-03-08 16:58:31,877 - __main__ - INFO - ? Stock channel: 137
2026-03-08 16:58:31,975 - __main__ - INFO - ?? Publishing completed successfully!
2026-03-08 17:00:38,366 - __main__ - INFO - ==================================================
2026-03-08 17:00:38,366 - __main__ - INFO - ✅ SMYARDS BOT STARTED
2026-03-08 17:00:38,367 - __main__ - INFO - 📢 Main Channel: @smyard
2026-03-08 17:00:38,367 - __main__ - INFO - 📋 Stock Channel: -1002861193688
2026-03-08 17:00:38,367 - __main__ - INFO - ==================================================
2026-03-08 17:02:47,943 - __main__ - ERROR - Error updating main post as sold: Timed out
2026-03-14 05:12:57,719 - __main__ - INFO - ==================================================
2026-03-14 05:12:57,720 - __main__ - INFO - ✅ SMYARDS BOT STARTED
2026-03-14 05:12:57,723 - __main__ - INFO - 📢 Main Channel: @smyard
2026-03-14 05:12:57,723 - __main__ - INFO - 📋 Stock Channel: -1002861193688
2026-03-14 05:12:57,723 - __main__ - INFO - ==================================================
2026-03-14 05:13:50,919 - __main__ - INFO - YT-108 exists, using YT-161 instead
2026-03-14 05:14:19,623 - __main__ - INFO - ?? Confirmation callback received: publish_now
2026-03-14 05:14:19,624 - __main__ - INFO - ?? PUBLISH NOW clicked - Starting publish process
2026-03-14 05:14:19,625 - __main__ - INFO - ?? Listing data: {'platform': 'YouTube', 'account_type': 'Monetized Channel', 'subscribers': 2600, 'views': 6000000, 'niche': 'Gaming', 'features': '3 Features Enabled', 'monetization': 'Enabled', 'region': 'USA', 'status': 'No Strikes', 'price': 160.0, 'listing_id': 'YT-161', 'seller_contact': 'https://t.me/submarket7'}
2026-03-14 05:14:19,625 - __main__ - INFO - Posting to screenshot channel by username: @smyardsgallary
2026-03-14 05:14:19,900 - __main__ - INFO - ✅ Screenshot posted to gallery. Message ID: 453
2026-03-14 05:14:19,901 - __main__ - INFO - ?? Screenshot post: 453
2026-03-14 05:14:20,005 - __main__ - INFO - ?? Discussion post: 2671
2026-03-14 05:14:20,005 - __main__ - INFO - ?? Posting to main channel...
2026-03-14 05:14:20,005 - __main__ - INFO - Generated screenshot URL: https://t.me/smyardsgallary/453
2026-03-14 05:14:20,006 - __main__ - INFO - 📤 Posting to MAIN CHANNEL: @smyard
2026-03-14 05:14:20,163 - __main__ - INFO - ✅ Main channel posted: 199
2026-03-14 05:14:20,164 - __main__ - INFO - ? Main channel: 199
2026-03-14 05:14:20,164 - __main__ - INFO - ?? Posting to stock channel...
2026-03-14 05:14:20,291 - __main__ - INFO - ? Stock channel: 138
2026-03-14 05:14:20,397 - __main__ - INFO - ?? Publishing completed successfully!
2026-03-14 05:22:27,964 - __main__ - ERROR - Update "None" caused error "urllib3 HTTPError [SSL: CERTIFICATE_VERIFY_FAILED] certificate verify failed: unable to get local issuer certificate (_ssl.c:992)"
2026-03-14 05:22:28,046 - __main__ - ERROR - Full error: Traceback (most recent call last):
  File "C:\Users\Win10 Pro\AppData\Roaming\Python\Python311\site-packages\telegram\vendor\ptb_urllib3\urllib3\connectionpool.py", line 614, in urlopen
    httplib_response = self._make_request(conn, method, url,
                       ^^^^^^^^^^^^^^^^^^^^^^^^^^^^^^^^^^^^^
  File "C:\Users\Win10 Pro\AppData\Roaming\Python\Python311\site-packages\telegram\vendor\ptb_urllib3\urllib3\connectionpool.py", line 360, in _make_request
    self._validate_conn(conn)
  File "C:\Users\Win10 Pro\AppData\Roaming\Python\Python311\site-packages\telegram\vendor\ptb_urllib3\urllib3\connectionpool.py", line 857, in _validate_conn
    super(HTTPSConnectionPool, self)._validate_conn(conn)
  File "C:\Users\Win10 Pro\AppData\Roaming\Python\Python311\site-packages\telegram\vendor\ptb_urllib3\urllib3\connectionpool.py", line 289, in _validate_conn
    conn.connect()
  File "C:\Users\Win10 Pro\AppData\Roaming\Python\Python311\site-packages\telegram\vendor\ptb_urllib3\urllib3\connection.py", line 319, in connect
    self.sock = ssl_wrap_socket(
                ^^^^^^^^^^^^^^^^
  File "C:\Users\Win10 Pro\AppData\Roaming\Python\Python311\site-packages\telegram\vendor\ptb_urllib3\urllib3\util\ssl_.py", line 324, in ssl_wrap_socket
    return context.wrap_socket(sock, server_hostname=server_hostname)
           ^^^^^^^^^^^^^^^^^^^^^^^^^^^^^^^^^^^^^^^^^^^^^^^^^^^^^^^^^^
  File "C:\Program Files\Python311\Lib\ssl.py", line 517, in wrap_socket
    return self.sslsocket_class._create(
           ^^^^^^^^^^^^^^^^^^^^^^^^^^^^^
  File "C:\Program Files\Python311\Lib\ssl.py", line 1075, in _create
    self.do_handshake()
  File "C:\Program Files\Python311\Lib\ssl.py", line 1346, in do_handshake
    self._sslobj.do_handshake()
ssl.SSLCertVerificationError: [SSL: CERTIFICATE_VERIFY_FAILED] certificate verify failed: unable to get local issuer certificate (_ssl.c:992)

During handling of the above exception, another exception occurred:

Traceback (most recent call last):
  File "C:\Users\Win10 Pro\AppData\Roaming\Python\Python311\site-packages\telegram\utils\request.py", line 259, in _request_wrapper
    resp = self._con_pool.request(*args, **kwargs)
           ^^^^^^^^^^^^^^^^^^^^^^^^^^^^^^^^^^^^^^^
  File "C:\Users\Win10 Pro\AppData\Roaming\Python\Python311\site-packages\telegram\vendor\ptb_urllib3\urllib3\request.py", line 68, in request
    return self.request_encode_body(method, url, fields=fields,
           ^^^^^^^^^^^^^^^^^^^^^^^^^^^^^^^^^^^^^^^^^^^^^^^^^^^^
  File "C:\Users\Win10 Pro\AppData\Roaming\Python\Python311\site-packages\telegram\vendor\ptb_urllib3\urllib3\request.py", line 148, in request_encode_body
    return self.urlopen(method, url, **extra_kw)
           ^^^^^^^^^^^^^^^^^^^^^^^^^^^^^^^^^^^^^
  File "C:\Users\Win10 Pro\AppData\Roaming\Python\Python311\site-packages\telegram\vendor\ptb_urllib3\urllib3\poolmanager.py", line 244, in urlopen
    response = conn.urlopen(method, u.request_uri, **kw)
               ^^^^^^^^^^^^^^^^^^^^^^^^^^^^^^^^^^^^^^^^^
  File "C:\Users\Win10 Pro\AppData\Roaming\Python\Python311\site-packages\telegram\vendor\ptb_urllib3\urllib3\connectionpool.py", line 647, in urlopen
    raise SSLError(e)
telegram.vendor.ptb_urllib3.urllib3.exceptions.SSLError: [SSL: CERTIFICATE_VERIFY_FAILED] certificate verify failed: unable to get local issuer certificate (_ssl.c:992)

The above exception was the direct cause of the following exception:

Traceback (most recent call last):
  File "C:\smyards_bot\bot_final_fixed.py", line 3238, in error_handler
    raise context.error
  File "C:\Users\Win10 Pro\AppData\Roaming\Python\Python311\site-packages\telegram\ext\updater.py", line 651, in _network_loop_retry
    if not action_cb():
           ^^^^^^^^^^^
  File "C:\Users\Win10 Pro\AppData\Roaming\Python\Python311\site-packages\telegram\ext\updater.py", line 602, in polling_action_cb
    updates = self.bot.get_updates(
              ^^^^^^^^^^^^^^^^^^^^^
  File "C:\Users\Win10 Pro\AppData\Roaming\Python\Python311\site-packages\telegram\ext\extbot.py", line 228, in get_updates
    updates = super().get_updates(
              ^^^^^^^^^^^^^^^^^^^^
  File "C:\Users\Win10 Pro\AppData\Roaming\Python\Python311\site-packages\telegram\bot.py", line 134, in decorator
    result = func(*args, **kwargs)
             ^^^^^^^^^^^^^^^^^^^^^
  File "C:\Users\Win10 Pro\AppData\Roaming\Python\Python311\site-packages\telegram\bot.py", line 3140, in get_updates
    self._post(
  File "C:\Users\Win10 Pro\AppData\Roaming\Python\Python311\site-packages\telegram\bot.py", line 299, in _post
    return self.request.post(
           ^^^^^^^^^^^^^^^^^^
  File "C:\Users\Win10 Pro\AppData\Roaming\Python\Python311\site-packages\telegram\utils\request.py", line 361, in post
    result = self._request_wrapper(
             ^^^^^^^^^^^^^^^^^^^^^^
  File "C:\Users\Win10 Pro\AppData\Roaming\Python\Python311\site-packages\telegram\utils\request.py", line 265, in _request_wrapper
    raise NetworkError(f'urllib3 HTTPError {error}') from error
telegram.error.NetworkError: urllib3 HTTPError [SSL: CERTIFICATE_VERIFY_FAILED] certificate verify failed: unable to get local issuer certificate (_ssl.c:992)

2026-03-16 02:53:44,933 - __main__ - INFO - ==================================================
2026-03-16 02:53:44,933 - __main__ - INFO - ✅ SMYARDS BOT STARTED
2026-03-16 02:53:44,946 - __main__ - INFO - 📢 Main Channel: @smyard
2026-03-16 02:53:44,947 - __main__ - INFO - 📋 Stock Channel: -1002861193688
2026-03-16 02:53:44,947 - __main__ - INFO - ==================================================
2026-03-16 02:56:38,769 - __main__ - ERROR - Error updating main post as sold: Timed out
2026-03-17 00:43:59,880 - __main__ - INFO - ==================================================
2026-03-17 00:43:59,880 - __main__ - INFO - ✅ SMYARDS BOT STARTED
2026-03-17 00:43:59,880 - __main__ - INFO - 📢 Main Channel: @smyard
2026-03-17 00:43:59,880 - __main__ - INFO - 📋 Stock Channel: -1002861193688
2026-03-17 00:43:59,880 - __main__ - INFO - ==================================================
2026-03-17 00:44:55,589 - __main__ - INFO - YT-108 exists, using YT-162 instead
2026-03-17 00:45:21,751 - __main__ - INFO - ?? Confirmation callback received: publish_now
2026-03-17 00:45:21,752 - __main__ - INFO - ?? PUBLISH NOW clicked - Starting publish process
2026-03-17 00:45:21,752 - __main__ - INFO - ?? Listing data: {'platform': 'YouTube', 'account_type': 'Monetized Channel', 'subscribers': 4700, 'views': 290000, 'niche': 'Mixed', 'features': '3 Features Enabled', 'monetization': 'Enabled', 'region': 'USA', 'status': 'No Strikes', 'price': 160.0, 'listing_id': 'YT-162', 'seller_contact': 'https://t.me/submarket7'}
2026-03-17 00:45:21,752 - __main__ - INFO - Posting to screenshot channel by username: @smyardsgallary
2026-03-17 00:45:22,013 - __main__ - INFO - ✅ Screenshot posted to gallery. Message ID: 456
2026-03-17 00:45:22,013 - __main__ - INFO - ?? Screenshot post: 456
2026-03-17 00:45:22,132 - __main__ - INFO - ?? Discussion post: 2673
2026-03-17 00:45:22,132 - __main__ - INFO - ?? Posting to main channel...
2026-03-17 00:45:22,132 - __main__ - INFO - Generated screenshot URL: https://t.me/smyardsgallary/456
2026-03-17 00:45:22,133 - __main__ - INFO - 📤 Posting to MAIN CHANNEL: @smyard
2026-03-17 00:45:22,278 - __main__ - INFO - ✅ Main channel posted: 200
2026-03-17 00:45:22,278 - __main__ - INFO - ? Main channel: 200
2026-03-17 00:45:22,278 - __main__ - INFO - ?? Posting to stock channel...
2026-03-17 00:45:22,401 - __main__ - INFO - ? Stock channel: 139
2026-03-17 00:45:22,502 - __main__ - INFO - ?? Publishing completed successfully!
2026-03-17 00:53:38,463 - __main__ - INFO - ==================================================
2026-03-17 00:53:38,463 - __main__ - INFO - ✅ SMYARDS BOT STARTED
2026-03-17 00:53:38,463 - __main__ - INFO - 📢 Main Channel: @smyard
2026-03-17 00:53:38,463 - __main__ - INFO - 📋 Stock Channel: -1002861193688
2026-03-17 00:53:38,463 - __main__ - INFO - ==================================================
2026-03-17 00:54:00,342 - __main__ - INFO - YT-108 exists, using YT-163 instead
2026-03-17 00:54:21,676 - __main__ - INFO - ?? Confirmation callback received: publish_now
2026-03-17 00:54:21,676 - __main__ - INFO - ?? PUBLISH NOW clicked - Starting publish process
2026-03-17 00:54:21,677 - __main__ - INFO - ?? Listing data: {'platform': 'YouTube', 'account_type': 'Monetized Channel', 'subscribers': 4700, 'views': 290000, 'niche': 'Mixed', 'features': '3 Features Enabled', 'monetization': 'Enabled', 'region': 'USA', 'status': 'No Strikes', 'price': 160.0, 'listing_id': 'YT-163', 'seller_contact': 'https://t.me/submarket7'}
2026-03-17 00:54:21,677 - __main__ - INFO - Posting to screenshot channel by username: @smyardsgallary
2026-03-17 00:54:21,944 - __main__ - INFO - ✅ Screenshot posted to gallery. Message ID: 458
2026-03-17 00:54:21,944 - __main__ - INFO - ?? Screenshot post: 458
2026-03-17 00:54:22,051 - __main__ - INFO - ?? Discussion post: 2675
2026-03-17 00:54:22,051 - __main__ - INFO - ?? Posting to main channel...
2026-03-17 00:54:22,051 - __main__ - INFO - 📤 Posting to MAIN CHANNEL: @smyard
2026-03-17 00:54:22,206 - __main__ - INFO - ✅ Main channel posted: 201
2026-03-17 00:54:22,206 - __main__ - INFO - ? Main channel: 201
2026-03-17 00:54:22,206 - __main__ - INFO - ?? Posting to stock channel...
2026-03-17 00:54:22,351 - __main__ - INFO - ? Stock channel: 140
2026-03-17 00:54:22,470 - __main__ - INFO - ?? Publishing completed successfully!
2026-03-17 02:02:17,355 - __main__ - INFO - ==================================================
2026-03-17 02:02:17,371 - __main__ - INFO - ✅ SMYARDS BOT STARTED
2026-03-17 02:02:17,371 - __main__ - INFO - 📢 Main Channel: @smyard
2026-03-17 02:02:17,371 - __main__ - INFO - 📋 Stock Channel: -1002861193688
2026-03-17 02:02:17,371 - __main__ - INFO - ==================================================
2026-03-17 02:02:41,851 - __main__ - INFO - YT-108 exists, using YT-162 instead
2026-03-17 02:03:10,500 - __main__ - INFO - ?? Confirmation callback received: publish_now
2026-03-17 02:03:10,501 - __main__ - INFO - ?? PUBLISH NOW clicked - Starting publish process
2026-03-17 02:03:10,501 - __main__ - INFO - ?? Listing data: {'platform': 'YouTube', 'account_type': 'Monetized Channel', 'subscribers': 4700, 'views': 290000, 'niche': 'Mixed', 'features': '3 Features Enabled', 'monetization': 'Enabled', 'region': 'USA', 'status': 'No Strikes', 'price': 160.0, 'listing_id': 'YT-162', 'seller_contact': 'https://t.me/submarket7'}
2026-03-17 02:03:10,751 - __main__ - INFO - ?? Screenshot post: 460
2026-03-17 02:03:10,877 - __main__ - INFO - ?? Discussion post: 2677
2026-03-17 02:03:10,877 - __main__ - INFO - ?? Posting to main channel...
2026-03-17 02:03:11,061 - __main__ - INFO - ? Main channel: 202
2026-03-17 02:03:11,062 - __main__ - INFO - ?? Posting to stock channel...
2026-03-17 02:03:11,215 - __main__ - INFO - ? Stock channel: 141
2026-03-17 02:03:11,336 - __main__ - INFO - ?? Publishing completed successfully!
2026-03-19 04:07:10,178 - __main__ - INFO - ==================================================
2026-03-19 04:07:10,179 - __main__ - INFO - ✅ SMYARDS BOT STARTED
2026-03-19 04:07:10,179 - __main__ - INFO - 📢 Main Channel: @smyard
2026-03-19 04:07:10,179 - __main__ - INFO - 📋 Stock Channel: -1002861193688
2026-03-19 04:07:10,179 - __main__ - INFO - ==================================================
2026-03-19 04:08:17,117 - __main__ - INFO - YT-108 exists, using YT-162 instead
2026-03-19 04:09:00,136 - __main__ - INFO - ?? Confirmation callback received: publish_now
2026-03-19 04:09:00,136 - __main__ - INFO - ?? PUBLISH NOW clicked - Starting publish process
2026-03-19 04:09:00,136 - __main__ - INFO - ?? Listing data: {'platform': 'YouTube', 'account_type': 'Monetized Channel', 'subscribers': 12000, 'views': 30000000, 'niche': 'Mixed', 'features': '3 Features Enabled', 'monetization': 'Enabled', 'region': 'USA', 'status': 'No Strikes', 'price': 220.0, 'listing_id': 'YT-162', 'seller_contact': 'https://t.me/amobarak97'}
2026-03-19 04:09:01,071 - __main__ - INFO - ?? Screenshot post: 463
2026-03-19 04:09:01,189 - __main__ - INFO - ?? Discussion post: 2686
2026-03-19 04:09:01,189 - __main__ - INFO - ?? Posting to main channel...
2026-03-19 04:09:01,349 - __main__ - INFO - ? Main channel: 204
2026-03-19 04:09:01,350 - __main__ - INFO - ?? Posting to stock channel...
2026-03-19 04:09:01,485 - __main__ - INFO - ? Stock channel: 143
2026-03-19 04:09:01,585 - __main__ - INFO - ?? Publishing completed successfully!
2026-03-22 15:01:37,243 - __main__ - INFO - ==================================================
2026-03-22 15:01:37,243 - __main__ - INFO - ✅ SMYARDS BOT STARTED
2026-03-22 15:01:37,259 - __main__ - INFO - 📢 Main Channel: @smyard
2026-03-22 15:01:37,259 - __main__ - INFO - 📋 Stock Channel: -1002861193688
2026-03-22 15:01:37,259 - __main__ - INFO - ==================================================
2026-03-22 15:02:30,279 - __main__ - INFO - YT-108 exists, using YT-163 instead
2026-03-22 15:03:01,070 - __main__ - INFO - ?? Confirmation callback received: publish_now
2026-03-22 15:03:01,071 - __main__ - INFO - ?? PUBLISH NOW clicked - Starting publish process
2026-03-22 15:03:01,073 - __main__ - INFO - ?? Listing data: {'platform': 'YouTube', 'account_type': 'Monetized Channel', 'subscribers': 4700, 'views': 290000, 'niche': 'Mixed', 'features': '3 Features Enabled', 'monetization': 'Enabled', 'region': 'USA', 'status': 'No Strikes', 'price': 160.0, 'listing_id': 'YT-163', 'seller_contact': 'https://t.me/submarket7'}
2026-03-22 15:03:01,698 - __main__ - INFO - ?? Screenshot post: 469
2026-03-22 15:03:01,811 - __main__ - INFO - ?? Discussion post: 2695
2026-03-22 15:03:01,811 - __main__ - INFO - ?? Posting to main channel...
2026-03-22 15:03:01,992 - __main__ - INFO - ? Main channel: 205
2026-03-22 15:03:01,992 - __main__ - INFO - ?? Posting to stock channel...
2026-03-22 15:03:02,111 - __main__ - INFO - ? Stock channel: 144
2026-03-22 15:03:02,206 - __main__ - INFO - ?? Publishing completed successfully!
2026-03-28 09:34:30,769 - __main__ - INFO - ==================================================
2026-03-28 09:34:30,770 - __main__ - INFO - ✅ SMYARDS BOT STARTED
2026-03-28 09:34:30,773 - __main__ - INFO - 📢 Main Channel: @smyard
2026-03-28 09:34:30,773 - __main__ - INFO - 📋 Stock Channel: -1002861193688
2026-03-28 09:34:30,774 - __main__ - INFO - ==================================================
2026-03-28 09:36:25,480 - __main__ - INFO - YT-108 exists, using YT-164 instead
2026-03-28 09:37:03,563 - __main__ - INFO - ?? Confirmation callback received: publish_now
2026-03-28 09:37:03,564 - __main__ - INFO - ?? PUBLISH NOW clicked - Starting publish process
2026-03-28 09:37:03,564 - __main__ - INFO - ?? Listing data: {'platform': 'YouTube', 'account_type': 'Organic Channel', 'subscribers': 56100, 'views': 4400000, 'niche': 'Mixed', 'features': '3 Features Enabled', 'monetization': 'Disabled', 'region': 'Asia', 'status': 'No Strikes', 'price': 75.0, 'listing_id': 'YT-164', 'seller_contact': 'https://t.me/amobarak97'}
2026-03-28 09:37:04,009 - __main__ - INFO - ?? Screenshot post: 479
2026-03-28 09:37:04,151 - __main__ - INFO - ?? Discussion post: 2703
2026-03-28 09:37:04,152 - __main__ - INFO - ?? Posting to main channel...
2026-03-28 09:37:04,312 - __main__ - INFO - ? Main channel: 206
2026-03-28 09:37:04,312 - __main__ - INFO - ?? Posting to stock channel...
2026-03-28 09:37:04,452 - __main__ - INFO - ? Stock channel: 145
2026-03-28 09:37:04,556 - __main__ - INFO - ?? Publishing completed successfully!
2026-04-01 19:49:26,056 - __main__ - INFO - ==================================================
2026-04-01 19:49:26,056 - __main__ - INFO - ✅ SMYARDS BOT STARTED
2026-04-01 19:49:26,056 - __main__ - INFO - 📢 Main Channel: @smyard
2026-04-01 19:49:26,056 - __main__ - INFO - 📋 Stock Channel: -1002861193688
2026-04-01 19:49:26,056 - __main__ - INFO - ==================================================
2026-04-01 19:51:16,724 - __main__ - INFO - YT-108 exists, using YT-165 instead
2026-04-01 19:51:47,967 - __main__ - INFO - ?? Confirmation callback received: publish_now
2026-04-01 19:51:47,967 - __main__ - INFO - ?? PUBLISH NOW clicked - Starting publish process
2026-04-01 19:51:47,968 - __main__ - INFO - ?? Listing data: {'platform': 'YouTube', 'account_type': 'Monetized Channel', 'subscribers': 5713, 'views': 376000, 'niche': 'Mixed', 'features': '3 Features Enabled', 'monetization': 'Enabled', 'region': 'USA', 'status': 'No Strikes', 'price': 160.0, 'listing_id': 'YT-165', 'seller_contact': 'https://t.me/submarket7'}
2026-04-01 19:51:48,795 - __main__ - INFO - ?? Screenshot post: 483
2026-04-01 19:51:48,921 - __main__ - INFO - ?? Discussion post: 2716
2026-04-01 19:51:48,921 - __main__ - INFO - ?? Posting to main channel...
2026-04-01 19:51:49,079 - __main__ - INFO - ? Main channel: 207
2026-04-01 19:51:49,079 - __main__ - INFO - ?? Posting to stock channel...
2026-04-01 19:51:49,215 - __main__ - INFO - ? Stock channel: 146
2026-04-01 19:51:49,312 - __main__ - INFO - ?? Publishing completed successfully!
2026-04-01 19:55:02,849 - __main__ - ERROR - Error updating main post as sold: Timed out
2026-04-04 20:22:00,699 - __main__ - INFO - ==================================================
2026-04-04 20:22:00,699 - __main__ - INFO - ✅ SMYARDS BOT STARTED
2026-04-04 20:22:00,702 - __main__ - INFO - 📢 Main Channel: @smyard
2026-04-04 20:22:00,702 - __main__ - INFO - 📋 Stock Channel: -1002861193688
2026-04-04 20:22:00,702 - __main__ - INFO - ==================================================
2026-04-04 20:24:22,403 - __main__ - INFO - YT-108 exists, using YT-166 instead
2026-04-04 20:25:08,280 - __main__ - INFO - ?? Confirmation callback received: publish_now
2026-04-04 20:25:08,281 - __main__ - INFO - ?? PUBLISH NOW clicked - Starting publish process
2026-04-04 20:25:08,282 - __main__ - INFO - ?? Listing data: {'platform': 'YouTube', 'account_type': 'Organic Channel', 'subscribers': 266000, 'views': 30000000, 'niche': 'Mixed', 'features': '3 Features Enabled', 'monetization': 'Disabled', 'region': 'Arabic', 'status': 'No Strikes', 'price': 350.0, 'listing_id': 'YT-166', 'seller_contact': 'https://t.me/CryptoEarn087'}
2026-04-04 20:25:08,778 - __main__ - INFO - ?? Screenshot post: 493
2026-04-04 20:25:08,900 - __main__ - INFO - ?? Discussion post: 2731
2026-04-04 20:25:08,900 - __main__ - INFO - ?? Posting to main channel...
2026-04-04 20:25:09,077 - __main__ - INFO - ? Main channel: 208
2026-04-04 20:25:09,077 - __main__ - INFO - ?? Posting to stock channel...
2026-04-04 20:25:09,212 - __main__ - INFO - ? Stock channel: 147
2026-04-04 20:25:09,308 - __main__ - INFO - ?? Publishing completed successfully!
2026-04-05 21:23:00,886 - __main__ - INFO - ==================================================
2026-04-05 21:23:00,886 - __main__ - INFO - ✅ SMYARDS BOT STARTED
2026-04-05 21:23:00,902 - __main__ - INFO - 📢 Main Channel: @smyard
2026-04-05 21:23:00,902 - __main__ - INFO - 📋 Stock Channel: -1002861193688
2026-04-05 21:23:00,902 - __main__ - INFO - ==================================================
2026-04-12 11:10:15,467 - __main__ - INFO - ==================================================
2026-04-12 11:10:15,467 - __main__ - INFO - ✅ SMYARDS BOT STARTED
2026-04-12 11:10:15,467 - __main__ - INFO - 📢 Main Channel: @smyard
2026-04-12 11:10:15,467 - __main__ - INFO - 📋 Stock Channel: -1002861193688
2026-04-12 11:10:15,467 - __main__ - INFO - ==================================================
2026-04-12 11:10:52,621 - __main__ - INFO - YT-108 exists, using YT-167 instead
2026-04-12 11:11:18,052 - __main__ - INFO - ?? Confirmation callback received: publish_now
2026-04-12 11:11:18,052 - __main__ - INFO - ?? PUBLISH NOW clicked - Starting publish process
2026-04-12 11:11:18,053 - __main__ - INFO - ?? Listing data: {'platform': 'YouTube', 'account_type': 'Monetized Channel', 'subscribers': 1110, 'views': 65000, 'niche': 'Gaming', 'features': '3 Features Enabled', 'monetization': 'Enabled', 'region': 'USA', 'status': 'No Strikes', 'price': 160.0, 'listing_id': 'YT-167', 'seller_contact': 'https://t.me/submarket7'}
2026-04-12 11:11:18,825 - __main__ - INFO - ?? Screenshot post: 497
2026-04-12 11:11:19,025 - __main__ - INFO - ?? Discussion post: 2735
2026-04-12 11:11:19,025 - __main__ - INFO - ?? Posting to main channel...
2026-04-12 11:11:19,213 - __main__ - INFO - ? Main channel: 209
2026-04-12 11:11:19,213 - __main__ - INFO - ?? Posting to stock channel...
2026-04-12 11:11:19,350 - __main__ - INFO - ? Stock channel: 148
2026-04-12 11:11:19,488 - __main__ - INFO - ?? Publishing completed successfully!
2026-04-12 11:21:38,153 - __main__ - ERROR - Update "{'update_id': 814884889, 'callback_query': {'message': {'new_chat_photo': [], 'edit_date': 1775985078, 'caption_entities': [], 'new_chat_members': [], 'delete_chat_photo': False, 'message_id': 2750, 'channel_chat_created': False, 'chat': {'username': 'smyards', 'first_name': 'SMyards.com - Support', 'type': 'private', 'id': 6407498844}, 'reply_markup': {'inline_keyboard': [[{'text': '➡️ NEW LISTING', 'callback_data': 'new_listing'}], [{'text': '📋 VIEW LISTINGS', 'callback_data': 'view_listings'}], [{'text': '💰 MARK AS SOLD', 'callback_data': 'mark_sold'}]]}, 'supergroup_chat_created': False, 'photo': [], 'entities': [], 'text': '🗂️ SMYARDS ADMIN PANEL\n━━━━━━━━━━━━━━━━━━━━━━\nSelect an option:', 'date': 1775985075, 'group_chat_created': False, 'from': {'first_name': 'smyardsbot', 'is_bot': True, 'id': 8383643986, 'username': 'smyardbot'}}, 'chat_instance': '5133442765675703877', 'id': '9073253911622978367', 'data': 'mark_sold', 'from': {'first_name': 'SMyards.com - Support', 'is_bot': False, 'language_code': 'en', 'id': 6407498844, 'username': 'smyards'}}}" caused error "urllib3 HTTPError ('Connection aborted.', RemoteDisconnected('Remote end closed connection without response'))"
2026-04-12 11:21:38,241 - __main__ - ERROR - Full error: Traceback (most recent call last):
  File "C:\Users\Win10 Pro\AppData\Roaming\Python\Python311\site-packages\telegram\vendor\ptb_urllib3\urllib3\connectionpool.py", line 614, in urlopen
    httplib_response = self._make_request(conn, method, url,
                       ^^^^^^^^^^^^^^^^^^^^^^^^^^^^^^^^^^^^^
  File "C:\Users\Win10 Pro\AppData\Roaming\Python\Python311\site-packages\telegram\vendor\ptb_urllib3\urllib3\connectionpool.py", line 402, in _make_request
    six.raise_from(e, None)
  File "<string>", line 2, in raise_from
  File "C:\Users\Win10 Pro\AppData\Roaming\Python\Python311\site-packages\telegram\vendor\ptb_urllib3\urllib3\connectionpool.py", line 398, in _make_request
    httplib_response = conn.getresponse()
                       ^^^^^^^^^^^^^^^^^^
  File "C:\Program Files\Python311\Lib\http\client.py", line 1374, in getresponse
    response.begin()
  File "C:\Program Files\Python311\Lib\http\client.py", line 318, in begin
    version, status, reason = self._read_status()
                              ^^^^^^^^^^^^^^^^^^^
  File "C:\Program Files\Python311\Lib\http\client.py", line 287, in _read_status
    raise RemoteDisconnected("Remote end closed connection without"
http.client.RemoteDisconnected: Remote end closed connection without response

During handling of the above exception, another exception occurred:

Traceback (most recent call last):
  File "C:\Users\Win10 Pro\AppData\Roaming\Python\Python311\site-packages\telegram\utils\request.py", line 259, in _request_wrapper
    resp = self._con_pool.request(*args, **kwargs)
           ^^^^^^^^^^^^^^^^^^^^^^^^^^^^^^^^^^^^^^^
  File "C:\Users\Win10 Pro\AppData\Roaming\Python\Python311\site-packages\telegram\vendor\ptb_urllib3\urllib3\request.py", line 68, in request
    return self.request_encode_body(method, url, fields=fields,
           ^^^^^^^^^^^^^^^^^^^^^^^^^^^^^^^^^^^^^^^^^^^^^^^^^^^^
  File "C:\Users\Win10 Pro\AppData\Roaming\Python\Python311\site-packages\telegram\vendor\ptb_urllib3\urllib3\request.py", line 148, in request_encode_body
    return self.urlopen(method, url, **extra_kw)
           ^^^^^^^^^^^^^^^^^^^^^^^^^^^^^^^^^^^^^
  File "C:\Users\Win10 Pro\AppData\Roaming\Python\Python311\site-packages\telegram\vendor\ptb_urllib3\urllib3\poolmanager.py", line 244, in urlopen
    response = conn.urlopen(method, u.request_uri, **kw)
               ^^^^^^^^^^^^^^^^^^^^^^^^^^^^^^^^^^^^^^^^^
  File "C:\Users\Win10 Pro\AppData\Roaming\Python\Python311\site-packages\telegram\vendor\ptb_urllib3\urllib3\connectionpool.py", line 665, in urlopen
    retries = retries.increment(method, url, error=e, _pool=self,
              ^^^^^^^^^^^^^^^^^^^^^^^^^^^^^^^^^^^^^^^^^^^^^^^^^^^
  File "C:\Users\Win10 Pro\AppData\Roaming\Python\Python311\site-packages\telegram\vendor\ptb_urllib3\urllib3\util\retry.py", line 347, in increment
    raise six.reraise(type(error), error, _stacktrace)
          ^^^^^^^^^^^^^^^^^^^^^^^^^^^^^^^^^^^^^^^^^^^^
  File "C:\Users\Win10 Pro\AppData\Roaming\Python\Python311\site-packages\telegram\vendor\ptb_urllib3\urllib3\packages\six.py", line 685, in reraise
    raise value.with_traceback(tb)
  File "C:\Users\Win10 Pro\AppData\Roaming\Python\Python311\site-packages\telegram\vendor\ptb_urllib3\urllib3\connectionpool.py", line 614, in urlopen
    httplib_response = self._make_request(conn, method, url,
                       ^^^^^^^^^^^^^^^^^^^^^^^^^^^^^^^^^^^^^
  File "C:\Users\Win10 Pro\AppData\Roaming\Python\Python311\site-packages\telegram\vendor\ptb_urllib3\urllib3\connectionpool.py", line 402, in _make_request
    six.raise_from(e, None)
  File "<string>", line 2, in raise_from
  File "C:\Users\Win10 Pro\AppData\Roaming\Python\Python311\site-packages\telegram\vendor\ptb_urllib3\urllib3\connectionpool.py", line 398, in _make_request
    httplib_response = conn.getresponse()
                       ^^^^^^^^^^^^^^^^^^
  File "C:\Program Files\Python311\Lib\http\client.py", line 1374, in getresponse
    response.begin()
  File "C:\Program Files\Python311\Lib\http\client.py", line 318, in begin
    version, status, reason = self._read_status()
                              ^^^^^^^^^^^^^^^^^^^
  File "C:\Program Files\Python311\Lib\http\client.py", line 287, in _read_status
    raise RemoteDisconnected("Remote end closed connection without"
telegram.vendor.ptb_urllib3.urllib3.exceptions.ProtocolError: ('Connection aborted.', RemoteDisconnected('Remote end closed connection without response'))

The above exception was the direct cause of the following exception:

Traceback (most recent call last):
  File "C:\smyards_bot\bot_final_fixed.py", line 3181, in error_handler
    raise context.error
  File "C:\Users\Win10 Pro\AppData\Roaming\Python\Python311\site-packages\telegram\ext\dispatcher.py", line 557, in process_update
    handler.handle_update(update, self, check, context)
  File "C:\Users\Win10 Pro\AppData\Roaming\Python\Python311\site-packages\telegram\ext\conversationhandler.py", line 627, in handle_update
    new_state = handler.handle_update(update, dispatcher, check_result, context)
                ^^^^^^^^^^^^^^^^^^^^^^^^^^^^^^^^^^^^^^^^^^^^^^^^^^^^^^^^^^^^^^^^
  File "C:\Users\Win10 Pro\AppData\Roaming\Python\Python311\site-packages\telegram\ext\handler.py", line 199, in handle_update
    return self.callback(update, context)
           ^^^^^^^^^^^^^^^^^^^^^^^^^^^^^^
  File "C:\smyards_bot\bot_final_fixed.py", line 685, in admin_button_callback
    query.answer()
  File "C:\Users\Win10 Pro\AppData\Roaming\Python\Python311\site-packages\telegram\callbackquery.py", line 166, in answer
    return self.bot.answer_callback_query(
           ^^^^^^^^^^^^^^^^^^^^^^^^^^^^^^^
  File "C:\Users\Win10 Pro\AppData\Roaming\Python\Python311\site-packages\telegram\bot.py", line 134, in decorator
    result = func(*args, **kwargs)
             ^^^^^^^^^^^^^^^^^^^^^
  File "C:\Users\Win10 Pro\AppData\Roaming\Python\Python311\site-packages\telegram\bot.py", line 2793, in answer_callback_query
    result = self._post('answerCallbackQuery', data, timeout=timeout, api_kwargs=api_kwargs)
             ^^^^^^^^^^^^^^^^^^^^^^^^^^^^^^^^^^^^^^^^^^^^^^^^^^^^^^^^^^^^^^^^^^^^^^^^^^^^^^^
  File "C:\Users\Win10 Pro\AppData\Roaming\Python\Python311\site-packages\telegram\bot.py", line 299, in _post
    return self.request.post(
           ^^^^^^^^^^^^^^^^^^
  File "C:\Users\Win10 Pro\AppData\Roaming\Python\Python311\site-packages\telegram\utils\request.py", line 361, in post
    result = self._request_wrapper(
             ^^^^^^^^^^^^^^^^^^^^^^
  File "C:\Users\Win10 Pro\AppData\Roaming\Python\Python311\site-packages\telegram\utils\request.py", line 265, in _request_wrapper
    raise NetworkError(f'urllib3 HTTPError {error}') from error
telegram.error.NetworkError: urllib3 HTTPError ('Connection aborted.', RemoteDisconnected('Remote end closed connection without response'))

2026-04-12 11:22:07,379 - __main__ - ERROR - Error updating main post as sold: Timed out
2026-04-18 19:50:01,890 - __main__ - INFO - ==================================================
2026-04-18 19:50:01,890 - __main__ - INFO - ✅ SMYARDS BOT STARTED
2026-04-18 19:50:01,890 - __main__ - INFO - 📢 Main Channel: @smyard
2026-04-18 19:50:01,890 - __main__ - INFO - 📋 Stock Channel: -1002861193688
2026-04-18 19:50:01,890 - __main__ - INFO - ==================================================
2026-04-18 19:50:45,521 - __main__ - INFO - YT-108 exists, using YT-168 instead
2026-04-18 19:51:29,802 - __main__ - INFO - ?? Confirmation callback received: publish_now
2026-04-18 19:51:29,803 - __main__ - INFO - ?? PUBLISH NOW clicked - Starting publish process
2026-04-18 19:51:29,803 - __main__ - INFO - ?? Listing data: {'platform': 'YouTube', 'account_type': 'Monetized Channel', 'subscribers': 10000, 'views': 2300000, 'niche': 'Mixed', 'features': '3 Features Enabled', 'monetization': 'Enabled', 'region': 'Asia', 'status': 'No Strikes', 'price': 160.0, 'listing_id': 'YT-168', 'seller_contact': 'https://t.me/elite4tube'}
2026-04-18 19:51:30,360 - __main__ - INFO - ?? Screenshot post: 503
2026-04-18 19:51:30,506 - __main__ - INFO - ?? Discussion post: 2749
2026-04-18 19:51:30,506 - __main__ - INFO - ?? Posting to main channel...
2026-04-18 19:51:30,661 - __main__ - INFO - ? Main channel: 210
2026-04-18 19:51:30,662 - __main__ - INFO - ?? Posting to stock channel...
2026-04-18 19:51:30,886 - __main__ - INFO - ? Stock channel: 149
2026-04-18 19:51:31,115 - __main__ - INFO - ?? Publishing completed successfully!
2026-04-23 20:18:49,371 - __main__ - INFO - ==================================================
2026-04-23 20:18:49,372 - __main__ - INFO - ✅ SMYARDS BOT STARTED
2026-04-23 20:18:49,377 - __main__ - INFO - 📢 Main Channel: @smyard
2026-04-23 20:18:49,378 - __main__ - INFO - 📋 Stock Channel: -1002861193688
2026-04-23 20:18:49,379 - __main__ - INFO - ==================================================
2026-04-23 20:19:13,709 - __main__ - INFO - YT-108 exists, using YT-169 instead
2026-04-23 20:19:52,566 - __main__ - INFO - ?? Confirmation callback received: publish_now
2026-04-23 20:19:52,567 - __main__ - INFO - ?? PUBLISH NOW clicked - Starting publish process
2026-04-23 20:19:52,567 - __main__ - INFO - ?? Listing data: {'platform': 'YouTube', 'account_type': 'Monetized Channel', 'subscribers': 9670, 'views': 2800000, 'niche': 'Mixed', 'features': '3 Features Enabled', 'monetization': 'Enabled', 'region': 'USA', 'status': 'No Strikes', 'price': 175.0, 'listing_id': 'YT-169', 'seller_contact': 'https://t.me/elite4tube'}
2026-04-23 20:19:53,383 - __main__ - INFO - ?? Screenshot post: 511
2026-04-23 20:19:53,533 - __main__ - INFO - ?? Discussion post: 2776
2026-04-23 20:19:53,534 - __main__ - INFO - ?? Posting to main channel...
2026-04-23 20:19:53,733 - __main__ - INFO - ? Main channel: 211
2026-04-23 20:19:53,733 - __main__ - INFO - ?? Posting to stock channel...
2026-04-23 20:19:53,864 - __main__ - INFO - ? Stock channel: 150
2026-04-23 20:19:53,965 - __main__ - INFO - ?? Publishing completed successfully!
2026-04-23 20:24:35,566 - __main__ - ERROR - Error updating main post as sold: Timed out
2026-05-02 01:27:54,506 - __main__ - INFO - ==================================================
2026-05-02 01:27:54,506 - __main__ - INFO - ✅ SMYARDS BOT STARTED
2026-05-02 01:27:54,506 - __main__ - INFO - 📢 Main Channel: @smyard
2026-05-02 01:27:54,506 - __main__ - INFO - 📋 Stock Channel: -1002861193688
2026-05-02 01:27:54,506 - __main__ - INFO - ==================================================
2026-05-02 01:28:54,580 - __main__ - INFO - YT-108 exists, using YT-170 instead
2026-05-02 01:29:28,784 - __main__ - INFO - ?? Confirmation callback received: publish_now
2026-05-02 01:29:28,784 - __main__ - INFO - ?? PUBLISH NOW clicked - Starting publish process
2026-05-02 01:29:28,784 - __main__ - INFO - ?? Listing data: {'platform': 'YouTube', 'account_type': 'Monetized Channel', 'subscribers': 2600, 'views': 6000000, 'niche': 'Gaming', 'features': '3 Features Enabled', 'monetization': 'Enabled', 'region': 'USA', 'status': 'No Strikes', 'price': 145.0, 'listing_id': 'YT-170', 'seller_contact': 'https://t.me/submarket7'}
2026-05-02 01:29:29,053 - __main__ - INFO - ?? Screenshot post: 521
2026-05-02 01:29:29,188 - __main__ - INFO - ?? Discussion post: 2783
2026-05-02 01:29:29,188 - __main__ - INFO - ?? Posting to main channel...
2026-05-02 01:29:29,341 - __main__ - INFO - ? Main channel: 212
2026-05-02 01:29:29,342 - __main__ - INFO - ?? Posting to stock channel...
2026-05-02 01:29:29,476 - __main__ - INFO - ? Stock channel: 151
2026-05-02 01:29:29,651 - __main__ - INFO - ?? Publishing completed successfully!
2026-05-02 01:32:24,131 - __main__ - ERROR - Error updating main post as sold: Timed out
2026-05-06 19:29:18,427 - __main__ - INFO - ==================================================
2026-05-06 19:29:18,427 - __main__ - INFO - ✅ SMYARDS BOT STARTED
2026-05-06 19:29:18,443 - __main__ - INFO - 📢 Main Channel: @smyard
2026-05-06 19:29:18,443 - __main__ - INFO - 📋 Stock Channel: -1002861193688
2026-05-06 19:29:18,443 - __main__ - INFO - ==================================================
2026-05-06 19:30:28,064 - __main__ - INFO - YT-108 exists, using YT-171 instead
2026-05-06 19:31:07,483 - __main__ - INFO - ?? Confirmation callback received: publish_now
2026-05-06 19:31:07,483 - __main__ - INFO - ?? PUBLISH NOW clicked - Starting publish process
2026-05-06 19:31:07,483 - __main__ - INFO - ?? Listing data: {'platform': 'YouTube', 'account_type': 'Monetized Channel', 'subscribers': 2000, 'views': 600000, 'niche': 'Gaming', 'features': '3 Features Enabled', 'monetization': 'Enabled', 'region': 'USA', 'status': 'No Strikes', 'price': 155.0, 'listing_id': 'YT-171', 'seller_contact': 'https://t.me/NepLox77'}
2026-05-06 19:31:07,830 - __main__ - INFO - ?? Screenshot post: 524
2026-05-06 19:31:07,938 - __main__ - INFO - ?? Discussion post: 2790
2026-05-06 19:31:07,939 - __main__ - INFO - ?? Posting to main channel...
2026-05-06 19:31:08,098 - __main__ - INFO - ? Main channel: 213
2026-05-06 19:31:08,098 - __main__ - INFO - ?? Posting to stock channel...
2026-05-06 19:31:08,237 - __main__ - INFO - ? Stock channel: 152
2026-05-06 19:31:08,346 - __main__ - INFO - ?? Publishing completed successfully!
2026-05-06 19:37:18,862 - __main__ - ERROR - Error updating main post as sold: Timed out
2026-05-07 21:40:38,103 - __main__ - INFO - ==================================================
2026-05-07 21:40:38,104 - __main__ - INFO - ✅ SMYARDS BOT STARTED
2026-05-07 21:40:38,107 - __main__ - INFO - 📢 Main Channel: @smyard
2026-05-07 21:40:38,107 - __main__ - INFO - 📋 Stock Channel: -1002861193688
2026-05-07 21:40:38,107 - __main__ - INFO - ==================================================
2026-05-07 21:41:41,716 - __main__ - INFO - YT-108 exists, using YT-172 instead
2026-05-07 21:42:21,053 - __main__ - INFO - ?? Confirmation callback received: publish_now
2026-05-07 21:42:21,054 - __main__ - INFO - ?? PUBLISH NOW clicked - Starting publish process
2026-05-07 21:42:21,054 - __main__ - INFO - ?? Listing data: {'platform': 'YouTube', 'account_type': 'Monetized Channel', 'subscribers': 46000, 'views': 12000000, 'niche': 'Gaming', 'features': '3 Features Enabled', 'monetization': 'Enabled', 'region': 'USA', 'status': 'No Strikes', 'price': 465.0, 'listing_id': 'YT-172', 'seller_contact': 'https://t.me/NepLox77'}
2026-05-07 21:42:21,393 - __main__ - INFO - ?? Screenshot post: 528
2026-05-07 21:42:21,648 - __main__ - INFO - ?? Discussion post: 2792
2026-05-07 21:42:21,648 - __main__ - INFO - ?? Posting to main channel...
2026-05-07 21:42:21,866 - __main__ - INFO - ? Main channel: 214
2026-05-07 21:42:21,866 - __main__ - INFO - ?? Posting to stock channel...
2026-05-07 21:42:22,041 - __main__ - INFO - ? Stock channel: 153
2026-05-07 21:42:22,195 - __main__ - INFO - ?? Publishing completed successfully!
2026-05-12 20:05:10,865 - __main__ - INFO - ==================================================
2026-05-12 20:05:10,866 - __main__ - INFO - ✅ SMYARDS BOT STARTED
2026-05-12 20:05:10,871 - __main__ - INFO - 📢 Main Channel: @smyard
2026-05-12 20:05:10,872 - __main__ - INFO - 📋 Stock Channel: -1002861193688
2026-05-12 20:05:10,872 - __main__ - INFO - ==================================================
2026-05-12 20:05:45,039 - __main__ - INFO - YT-108 exists, using YT-173 instead
2026-05-12 20:06:33,661 - __main__ - INFO - ?? Confirmation callback received: publish_now
2026-05-12 20:06:33,661 - __main__ - INFO - ?? PUBLISH NOW clicked - Starting publish process
2026-05-12 20:06:33,662 - __main__ - INFO - ?? Listing data: {'platform': 'YouTube', 'account_type': 'Organic Channel', 'subscribers': 52000, 'views': 18600000, 'niche': 'Gaming', 'features': '3 Features Enabled', 'monetization': 'Disabled', 'region': 'USA', 'status': 'No Strikes', 'price': 650.0, 'listing_id': 'YT-173', 'seller_contact': 'https://t.me/NepLox77'}
2026-05-12 20:06:34,025 - __main__ - INFO - ?? Screenshot post: 531
2026-05-12 20:06:34,176 - __main__ - INFO - ?? Discussion post: 2794
2026-05-12 20:06:34,177 - __main__ - INFO - ?? Posting to main channel...
2026-05-12 20:06:34,403 - __main__ - INFO - ? Main channel: 215
2026-05-12 20:06:34,403 - __main__ - INFO - ?? Posting to stock channel...
2026-05-12 20:06:34,571 - __main__ - INFO - ? Stock channel: 154
2026-05-12 20:06:34,701 - __main__ - INFO - ?? Publishing completed successfully!
2026-05-12 20:09:01,240 - __main__ - ERROR - Error updating main post as sold: Timed out
2026-05-13 22:49:02,579 - __main__ - INFO - ==================================================
2026-05-13 22:49:02,580 - __main__ - INFO - ✅ SMYARDS BOT STARTED
2026-05-13 22:49:02,584 - __main__ - INFO - 📢 Main Channel: @smyard
2026-05-13 22:49:02,584 - __main__ - INFO - 📋 Stock Channel: -1002861193688
2026-05-13 22:49:02,584 - __main__ - INFO - ==================================================
2026-05-13 22:49:49,256 - __main__ - INFO - YT-108 exists, using YT-174 instead
2026-05-13 22:50:17,908 - __main__ - INFO - ?? Confirmation callback received: publish_now
2026-05-13 22:50:17,909 - __main__ - INFO - ?? PUBLISH NOW clicked - Starting publish process
2026-05-13 22:50:17,909 - __main__ - INFO - ?? Listing data: {'platform': 'YouTube', 'account_type': 'Monetized Channel', 'subscribers': 4700, 'views': 290000, 'niche': 'Mixed', 'features': '3 Features Enabled', 'monetization': 'Enabled', 'region': 'USA', 'status': 'No Strikes', 'price': 170.0, 'listing_id': 'YT-174', 'seller_contact': 'https://t.me/submarket7'}
2026-05-13 22:50:18,498 - __main__ - INFO - ?? Screenshot post: 535
2026-05-13 22:50:18,664 - __main__ - INFO - ?? Discussion post: 2802
2026-05-13 22:50:18,664 - __main__ - INFO - ?? Posting to main channel...
2026-05-13 22:50:18,829 - __main__ - INFO - ? Main channel: 216
2026-05-13 22:50:18,830 - __main__ - INFO - ?? Posting to stock channel...
2026-05-13 22:50:19,006 - __main__ - INFO - ? Stock channel: 155
2026-05-13 22:50:19,114 - __main__ - INFO - ?? Publishing completed successfully!
2026-05-14 20:13:57,977 - __main__ - INFO - ==================================================
2026-05-14 20:13:57,977 - __main__ - INFO - ✅ SMYARDS BOT STARTED
2026-05-14 20:13:57,993 - __main__ - INFO - 📢 Main Channel: @smyard
2026-05-14 20:13:57,993 - __main__ - INFO - 📋 Stock Channel: -1002861193688
2026-05-14 20:13:57,993 - __main__ - INFO - ==================================================
2026-05-14 20:15:23,585 - __main__ - INFO - YT-108 exists, using YT-175 instead
2026-05-14 20:18:48,604 - __main__ - INFO - ?? Confirmation callback received: publish_now
2026-05-14 20:18:48,604 - __main__ - INFO - ?? PUBLISH NOW clicked - Starting publish process
2026-05-14 20:18:48,604 - __main__ - INFO - ?? Listing data: {'platform': 'YouTube', 'account_type': 'Organic Channel', 'subscribers': 16400, 'views': 12900000, 'niche': 'Troll & Memes', 'features': '3 Features Enabled', 'monetization': 'Disabled', 'region': 'USA', 'status': 'No Strikes', 'price': 180.0, 'listing_id': 'YT-175', 'seller_contact': 'https://t.me/ms_t2811'}
2026-05-14 20:18:48,877 - __main__ - INFO - ?? Screenshot post: 545
2026-05-14 20:18:49,012 - __main__ - INFO - ?? Discussion post: 2804
2026-05-14 20:18:49,012 - __main__ - INFO - ?? Posting to main channel...
2026-05-14 20:18:49,228 - __main__ - INFO - ? Main channel: 217
2026-05-14 20:18:49,228 - __main__ - INFO - ?? Posting to stock channel...
2026-05-14 20:18:49,373 - __main__ - INFO - ? Stock channel: 156
2026-05-14 20:18:49,506 - __main__ - INFO - ?? Publishing completed successfully!
2026-05-14 20:22:35,774 - __main__ - INFO - YT-108 exists, using YT-176 instead
2026-05-14 20:22:56,183 - __main__ - INFO - ?? Confirmation callback received: publish_now
2026-05-14 20:22:56,183 - __main__ - INFO - ?? PUBLISH NOW clicked - Starting publish process
2026-05-14 20:22:56,184 - __main__ - INFO - ?? Listing data: {'platform': 'YouTube', 'account_type': 'Organic Channel', 'subscribers': 5200, 'views': 400000, 'niche': 'Animation', 'features': '3 Features Enabled', 'monetization': 'Disabled', 'region': 'India', 'status': 'No Strikes', 'price': 50.0, 'listing_id': 'YT-176', 'seller_contact': 'https://t.me/nirmalexplainer'}
2026-05-14 20:22:56,509 - __main__ - INFO - ?? Screenshot post: 548
2026-05-14 20:22:56,627 - __main__ - INFO - ?? Discussion post: 2806
2026-05-14 20:22:56,628 - __main__ - INFO - ?? Posting to main channel...
2026-05-14 20:22:56,847 - __main__ - INFO - ? Main channel: 218
2026-05-14 20:22:56,847 - __main__ - INFO - ?? Posting to stock channel...
2026-05-14 20:22:57,025 - __main__ - INFO - ? Stock channel: 157
2026-05-14 20:22:57,186 - __main__ - INFO - ?? Publishing completed successfully!
2026-05-14 23:00:37,649 - __main__ - INFO - ==================================================
2026-05-14 23:00:37,649 - __main__ - INFO - ✅ SMYARDS BOT STARTED
2026-05-14 23:00:37,649 - __main__ - INFO - 📢 Main Channel: @smyard
2026-05-14 23:00:37,649 - __main__ - INFO - 📋 Stock Channel: -1002861193688
2026-05-14 23:00:37,649 - __main__ - INFO - ==================================================
2026-05-17 20:48:14,906 - __main__ - INFO - ==================================================
2026-05-17 20:48:14,907 - __main__ - INFO - ✅ SMYARDS BOT STARTED
2026-05-17 20:48:14,912 - __main__ - INFO - 📢 Main Channel: @smyard
2026-05-17 20:48:14,912 - __main__ - INFO - 📋 Stock Channel: -1002861193688
2026-05-17 20:48:14,912 - __main__ - INFO - ==================================================
2026-05-17 20:49:15,604 - __main__ - INFO - YT-108 exists, using YT-177 instead
2026-05-17 20:49:55,318 - __main__ - INFO - ?? Confirmation callback received: publish_now
2026-05-17 20:49:55,319 - __main__ - INFO - ?? PUBLISH NOW clicked - Starting publish process
2026-05-17 20:49:55,319 - __main__ - INFO - ?? Listing data: {'platform': 'YouTube', 'account_type': 'Monetized Channel', 'subscribers': 5713, 'views': 376000, 'niche': 'Mixed', 'features': '3 Features Enabled', 'monetization': 'Enabled', 'region': 'USA', 'status': 'No Strikes', 'price': 175.0, 'listing_id': 'YT-177', 'seller_contact': 'https://t.me/submarket7'}
2026-05-17 20:49:55,931 - __main__ - INFO - ?? Screenshot post: 552
2026-05-17 20:49:56,074 - __main__ - INFO - ?? Discussion post: 2808
2026-05-17 20:49:56,075 - __main__ - INFO - ?? Posting to main channel...
2026-05-17 20:49:56,257 - __main__ - INFO - ? Main channel: 219
2026-05-17 20:49:56,258 - __main__ - INFO - ?? Posting to stock channel...
2026-05-17 20:49:56,395 - __main__ - INFO - ? Stock channel: 158
2026-05-17 20:49:56,503 - __main__ - INFO - ?? Publishing completed successfully!
2026-05-17 20:55:52,850 - __main__ - ERROR - Error updating main post as sold: Timed out
2026-05-17 21:49:58,752 - __main__ - INFO - ✅ SMYARDS BOT STARTED
2026-05-17 21:51:59,498 - __main__ - INFO - YT-108 exists, using YT-178 instead
2026-05-17 21:52:30,564 - __main__ - INFO - ?? Confirmation callback received: publish_now
2026-05-17 21:52:30,564 - __main__ - INFO - ?? PUBLISH NOW clicked - Starting publish process
2026-05-17 21:52:30,565 - __main__ - INFO - ?? Listing data: {'platform': 'YouTube', 'account_type': 'Monetized Channel', 'subscribers': 1110, 'views': 65000, 'niche': 'Gaming', 'features': '3 Features Enabled', 'monetization': 'Enabled', 'region': 'USA', 'status': 'No Strikes', 'price': 145.0, 'listing_id': 'YT-178', 'seller_contact': 'https://t.me/submarket7'}
2026-05-17 21:52:30,920 - __main__ - INFO - ?? Screenshot post: 562
2026-05-17 21:52:31,041 - __main__ - INFO - ?? Discussion post: 2810
2026-05-17 21:52:31,041 - __main__ - INFO - ?? Posting to main channel...
2026-05-17 21:52:31,197 - __main__ - INFO - ? Main channel: 220
2026-05-17 21:52:31,198 - __main__ - INFO - ?? Posting to stock channel...
2026-05-17 21:52:31,471 - __main__ - INFO - ? Stock channel: 159
2026-05-17 21:52:31,631 - __main__ - INFO - ?? Publishing completed successfully!
2026-05-17 22:11:15,500 - __main__ - INFO - ✅ SMYARDS BOT STARTED
2026-05-18 19:28:05,301 - __main__ - INFO - ✅ SMYARDS BOT STARTED
2026-05-18 19:33:33,399 - __main__ - ERROR - Update "{'update_id': 814885192, 'message': {'group_chat_created': False, 'text': 'http://etherscan.io/tx/0x51f6c99baa06be2ca7d6cec23af503aae74925c8715d824ef339b7c47714d394', 'new_chat_members': [], 'supergroup_chat_created': False, 'channel_chat_created': False, 'photo': [], 'date': 1779122012, 'entities': [{'length': 89, 'offset': 0, 'type': 'url'}], 'chat': {'first_name': 'SMyards.com - Support', 'username': 'smyards', 'type': 'private', 'id': 6407498844}, 'new_chat_photo': [], 'delete_chat_photo': False, 'message_id': 3055, 'caption_entities': [], 'from': {'first_name': 'SMyards.com - Support', 'language_code': 'en', 'is_bot': False, 'username': 'smyards', 'id': 6407498844}}}" caused error "'sold_listing'"
2026-05-18 19:33:33,416 - __main__ - ERROR - Full error: Traceback (most recent call last):
  File "C:\smyards_bot\bot_final_fixed.py", line 3570, in error_handler
    raise context.error
  File "C:\Users\Win10 Pro\AppData\Roaming\Python\Python311\site-packages\telegram\ext\dispatcher.py", line 557, in process_update
    handler.handle_update(update, self, check, context)
  File "C:\Users\Win10 Pro\AppData\Roaming\Python\Python311\site-packages\telegram\ext\conversationhandler.py", line 627, in handle_update
    new_state = handler.handle_update(update, dispatcher, check_result, context)
                ^^^^^^^^^^^^^^^^^^^^^^^^^^^^^^^^^^^^^^^^^^^^^^^^^^^^^^^^^^^^^^^^
  File "C:\Users\Win10 Pro\AppData\Roaming\Python\Python311\site-packages\telegram\ext\handler.py", line 199, in handle_update
    return self.callback(update, context)
           ^^^^^^^^^^^^^^^^^^^^^^^^^^^^^^
  File "C:\smyards_bot\bot_final_fixed.py", line 1585, in admin_handle_txid
    context.user_data["sold_listing"]["txid"] = txid
    ~~~~~~~~~~~~~~~~~^^^^^^^^^^^^^^^^
KeyError: 'sold_listing'

2026-05-18 20:15:07,933 - __main__ - INFO - ✅ SMYARDS BOT STARTED
2026-05-18 20:16:23,566 - __main__ - INFO - ✅ SMYARDS BOT STARTED
2026-05-18 20:16:51,535 - __main__ - ERROR - Error updating main post as sold: invalid literal for int() with base 10: '180,221'
2026-05-18 20:20:33,811 - __main__ - ERROR - Error updating main post as sold: Timed out
2026-05-18 20:34:45,887 - __main__ - INFO - ✅ SMYARDS BOT STARTED
2026-05-18 20:35:13,884 - __main__ - INFO - YT-108 exists, using YT-179 instead
2026-05-18 20:35:50,086 - __main__ - INFO - ?? Confirmation callback received: publish_now
2026-05-18 20:35:50,086 - __main__ - INFO - ?? PUBLISH NOW clicked - Starting publish process
2026-05-18 20:35:50,087 - __main__ - INFO - ?? Listing data: {'platform': 'YouTube', 'account_type': 'Monetized Channel', 'subscribers': 7690, 'views': 1570000, 'niche': 'Gaming', 'features': '3 Features Enabled', 'monetization': 'Enabled', 'region': 'USA', 'status': 'No Strikes', 'price': 205.0, 'listing_id': 'YT-179', 'seller_contact': 'https://t.me/Neplox77'}
2026-05-18 20:35:50,462 - __main__ - INFO - ?? Screenshot post: 568
2026-05-18 20:35:50,602 - __main__ - INFO - ?? Discussion post: 2814
2026-05-18 20:35:50,602 - __main__ - INFO - ?? Posting to main channel...
2026-05-18 20:35:50,753 - __main__ - INFO - ? Main channel: 222
2026-05-18 20:35:50,754 - __main__ - INFO - ?? Posting to stock channel...
2026-05-18 20:35:50,881 - __main__ - INFO - ? Stock channel: 160
2026-05-18 20:35:50,990 - __main__ - INFO - ?? Publishing completed successfully!
2026-05-18 21:06:32,119 - __main__ - INFO - ✅ SMYARDS BOT STARTED
2026-05-18 21:07:01,577 - __main__ - INFO - YT-108 exists, using YT-180 instead
2026-05-18 21:08:26,872 - __main__ - INFO - ?? Confirmation callback received: publish_now
2026-05-18 21:08:26,872 - __main__ - INFO - ?? PUBLISH NOW clicked - Starting publish process
2026-05-18 21:08:26,873 - __main__ - INFO - ?? Listing data: {'platform': 'YouTube', 'account_type': 'Gaming Channel', 'subscribers': 52000, 'views': 18600000, 'niche': 'Gaming', 'features': '3 Features Enabled', 'monetization': 'Disabled', 'region': 'USA', 'status': 'No Strikes', 'price': 480.0, 'listing_id': 'YT-180', 'seller_contact': 'https://t.me/Neplox77'}
2026-05-18 21:08:27,267 - __main__ - INFO - ?? Screenshot post: 572
2026-05-18 21:08:27,459 - __main__ - INFO - ?? Discussion post: 2816
2026-05-18 21:08:27,459 - __main__ - INFO - ?? Posting to main channel...
2026-05-18 21:08:27,703 - __main__ - INFO - ? Main channel: 223
2026-05-18 21:08:27,703 - __main__ - INFO - ?? Posting to stock channel...
2026-05-18 21:08:27,879 - __main__ - INFO - ? Stock channel: 161
2026-05-18 21:08:28,128 - __main__ - INFO - ?? Publishing completed successfully!
2026-05-18 21:21:59,849 - __main__ - INFO - ✅ SMYARDS BOT STARTED
2026-05-18 21:22:38,896 - __main__ - INFO - YT-108 exists, using YT-181 instead
2026-05-18 21:23:00,779 - __main__ - INFO - ?? Confirmation callback received: publish_now
2026-05-18 21:23:00,779 - __main__ - INFO - ?? PUBLISH NOW clicked - Starting publish process
2026-05-18 21:23:00,780 - __main__ - INFO - ?? Listing data: {'platform': 'YouTube', 'account_type': 'Monetized Channel', 'subscribers': 4700, 'views': 290000, 'niche': 'Mixed', 'features': '3 Features Enabled', 'monetization': 'Enabled', 'region': 'USA', 'status': 'No Strikes', 'price': 160.0, 'listing_id': 'YT-181', 'seller_contact': 'https://t.me/submarket7'}
2026-05-18 21:23:01,005 - __main__ - INFO - ?? Screenshot post: 576
2026-05-18 21:23:01,331 - __main__ - INFO - ?? Discussion post: 2818
2026-05-18 21:23:01,331 - __main__ - INFO - ?? Posting to main channel...
2026-05-18 21:23:01,332 - __main__ - ERROR - ❌ ERROR in publish_to_main_channel: name 'post_text' is not defined
2026-05-18 21:23:01,332 - __main__ - ERROR - ? Publishing error: Main channel post failed
2026-05-18 21:23:01,334 - __main__ - ERROR - Traceback: Traceback (most recent call last):
  File "C:\smyards_bot\bot_final_fixed.py", line 1156, in admin_handle_confirmation
    raise Exception("Main channel post failed")
Exception: Main channel post failed

2026-05-18 21:37:08,311 - __main__ - INFO - ✅ SMYARDS BOT STARTED
2026-05-18 21:37:29,316 - __main__ - INFO - YT-108 exists, using YT-182 instead
2026-05-18 21:37:48,693 - __main__ - INFO - ?? Confirmation callback received: publish_now
2026-05-18 21:37:48,693 - __main__ - INFO - ?? PUBLISH NOW clicked - Starting publish process
2026-05-18 21:37:48,694 - __main__ - INFO - ?? Listing data: {'platform': 'YouTube', 'account_type': 'Monetized Channel', 'subscribers': 4700, 'views': 290000, 'niche': 'Mixed', 'features': '3 Features Enabled', 'monetization': 'Enabled', 'region': 'USA', 'status': 'No Strikes', 'price': 160.0, 'listing_id': 'YT-182', 'seller_contact': 'https://t.me/submarket7'}
2026-05-18 21:37:48,910 - __main__ - INFO - ?? Screenshot post: 577
2026-05-18 21:37:49,080 - __main__ - INFO - ?? Discussion post: 2819
2026-05-18 21:37:49,080 - __main__ - INFO - ?? Posting to main channel...
2026-05-18 21:37:49,350 - __main__ - INFO - ? Main channel: 224
2026-05-18 21:37:49,350 - __main__ - INFO - ?? Posting to stock channel...
2026-05-18 21:37:49,508 - __main__ - INFO - ? Stock channel: 162
2026-05-18 21:37:49,640 - __main__ - INFO - ?? Publishing completed successfully!
2026-05-18 21:43:34,511 - __main__ - INFO - ✅ SMYARDS BOT STARTED
2026-05-18 21:44:33,166 - __main__ - INFO - YT-108 exists, using YT-183 instead
2026-05-18 21:44:55,597 - __main__ - INFO - ?? Confirmation callback received: publish_now
2026-05-18 21:44:55,598 - __main__ - INFO - ?? PUBLISH NOW clicked - Starting publish process
2026-05-18 21:44:55,598 - __main__ - INFO - ?? Listing data: {'platform': 'YouTube', 'account_type': 'Monetized Channel', 'subscribers': 10000, 'views': 2300000, 'niche': 'Mixed', 'features': '3 Features Enabled', 'monetization': 'Enabled', 'region': 'Asia', 'status': 'No Strikes', 'price': 240.0, 'listing_id': 'YT-183', 'seller_contact': 'https://t.me/submarket7'}
2026-05-18 21:44:56,129 - __main__ - INFO - ?? Screenshot post: 578
2026-05-18 21:44:56,282 - __main__ - INFO - ?? Discussion post: 2821
2026-05-18 21:44:56,283 - __main__ - INFO - ?? Posting to main channel...
2026-05-18 21:44:56,464 - __main__ - INFO - ? Main channel: 225
2026-05-18 21:44:56,464 - __main__ - INFO - ?? Posting to stock channel...
2026-05-18 21:44:56,784 - __main__ - INFO - ? Stock channel: 163
2026-05-18 21:44:56,951 - __main__ - INFO - ?? Publishing completed successfully!
2026-05-18 21:50:01,902 - __main__ - INFO - ✅ SMYARDS BOT STARTED
2026-05-18 21:50:31,839 - __main__ - INFO - YT-108 exists, using YT-184 instead
2026-05-18 21:50:56,089 - __main__ - INFO - ?? Confirmation callback received: publish_now
2026-05-18 21:50:56,089 - __main__ - INFO - ?? PUBLISH NOW clicked - Starting publish process
2026-05-18 21:50:56,090 - __main__ - INFO - ?? Listing data: {'platform': 'YouTube', 'account_type': 'Monetized Channel', 'subscribers': 10000, 'views': 2300000, 'niche': 'Mixed', 'features': '3 Features Enabled', 'monetization': 'Enabled', 'region': 'Asia', 'status': 'No Strikes', 'price': 240.0, 'listing_id': 'YT-184', 'seller_contact': 'https://t.me/submarket7'}
2026-05-18 21:50:56,725 - __main__ - INFO - ?? Screenshot post: 586
2026-05-18 21:50:56,842 - __main__ - INFO - ?? Discussion post: 2823
2026-05-18 21:50:56,843 - __main__ - INFO - ?? Posting to main channel...
2026-05-18 21:50:57,077 - __main__ - INFO - ? Main channel: 226
2026-05-18 21:50:57,077 - __main__ - INFO - ?? Posting to stock channel...
2026-05-18 21:50:57,077 - __main__ - ERROR - ? Publishing error: name 'post_text' is not defined
2026-05-18 21:50:57,080 - __main__ - ERROR - Traceback: Traceback (most recent call last):
  File "C:\smyards_bot\bot_final_fixed.py", line 1194, in admin_handle_confirmation
    stock_message_id = admin_create_stock_post(listing, context.bot, main_message_id)
                       ^^^^^^^^^^^^^^^^^^^^^^^^^^^^^^^^^^^^^^^^^^^^^^^^^^^^^^^^^^^^^^
  File "C:\smyards_bot\bot_final_fixed.py", line 1706, in admin_create_stock_post
    message = bot.send_message(chat_id=STOCK_CHANNEL_ID, text=post_text, reply_markup=reply_markup, parse_mode=ParseMode.HTML)
                                                              ^^^^^^^^^
NameError: name 'post_text' is not defined

2026-05-18 21:53:42,417 - __main__ - INFO - ✅ SMYARDS BOT STARTED
2026-05-18 21:54:00,555 - __main__ - INFO - YT-108 exists, using YT-185 instead
2026-05-18 21:54:21,792 - __main__ - INFO - ?? Confirmation callback received: publish_now
2026-05-18 21:54:21,793 - __main__ - INFO - ?? PUBLISH NOW clicked - Starting publish process
2026-05-18 21:54:21,793 - __main__ - INFO - ?? Listing data: {'platform': 'YouTube', 'account_type': 'Monetized Channel', 'subscribers': 10000, 'views': 2300000, 'niche': 'Mixed', 'features': '3 Features Enabled', 'monetization': 'Enabled', 'region': 'Asia', 'status': 'No Strikes', 'price': 240.0, 'listing_id': 'YT-185', 'seller_contact': 'https://t.me/submarket7'}
2026-05-18 21:54:22,516 - __main__ - INFO - ?? Screenshot post: 594
2026-05-18 21:54:22,636 - __main__ - INFO - ?? Discussion post: 2825
2026-05-18 21:54:22,636 - __main__ - INFO - ?? Posting to main channel...
2026-05-18 21:54:22,957 - __main__ - INFO - ? Main channel: 227
2026-05-18 21:54:22,958 - __main__ - INFO - ?? Posting to stock channel...
2026-05-18 21:54:23,528 - __main__ - INFO - ? Stock channel: 164
2026-05-18 21:54:23,638 - __main__ - INFO - ?? Publishing completed successfully!
2026-05-19 13:44:37,035 - __main__ - INFO - ✅ SMYARDS BOT STARTED
2026-05-19 13:46:12,245 - __main__ - INFO - YT-108 exists, using YT-186 instead
2026-05-19 13:46:46,855 - __main__ - INFO - ?? Confirmation callback received: publish_now
2026-05-19 13:46:46,856 - __main__ - INFO - ?? PUBLISH NOW clicked - Starting publish process
2026-05-19 13:46:46,856 - __main__ - INFO - ?? Listing data: {'platform': 'YouTube', 'account_type': 'Monetized Channel', 'subscribers': 1000, 'views': 282000, 'niche': 'Gaming', 'features': '3 Features Enabled', 'monetization': 'Enabled', 'region': 'USA', 'status': 'No Strikes', 'price': 80.0, 'listing_id': 'YT-186', 'seller_contact': 'https://t.me/Neplox77'}
2026-05-19 13:46:47,072 - __main__ - INFO - ?? Screenshot post: 602
2026-05-19 13:46:47,221 - __main__ - INFO - ?? Discussion post: 2827
2026-05-19 13:46:47,221 - __main__ - INFO - ?? Posting to main channel...
2026-05-19 13:46:47,364 - __main__ - INFO - ? Main channel: 228
2026-05-19 13:46:47,365 - __main__ - INFO - ?? Posting to stock channel...
2026-05-19 13:46:47,740 - __main__ - INFO - ? Stock channel: 165
2026-05-19 13:46:47,854 - __main__ - INFO - ?? Publishing completed successfully!
2026-05-20 20:49:48,105 - __main__ - INFO - ✅ SMYARDS BOT STARTED
2026-05-20 20:50:26,274 - __main__ - INFO - YT-108 exists, using YT-187 instead
2026-05-20 20:51:07,950 - __main__ - INFO - ?? Confirmation callback received: publish_now
2026-05-20 20:51:07,950 - __main__ - INFO - ?? PUBLISH NOW clicked - Starting publish process
2026-05-20 20:51:07,951 - __main__ - INFO - ?? Listing data: {'platform': 'YouTube', 'account_type': 'Gaming Channel', 'subscribers': 46000, 'views': 12000000, 'niche': 'Gaming', 'features': '3 Features Enabled', 'monetization': 'Disabled', 'region': 'USA', 'status': 'No Strikes', 'price': 210.0, 'listing_id': 'YT-187', 'seller_contact': 'https://t.me/Neplox77'}
2026-05-20 20:51:08,263 - __main__ - INFO - ?? Screenshot post: 604
2026-05-20 20:51:08,388 - __main__ - INFO - ?? Discussion post: 2829
2026-05-20 20:51:08,389 - __main__ - INFO - ?? Posting to main channel...
2026-05-20 20:51:08,533 - __main__ - INFO - ? Main channel: 229
2026-05-20 20:51:08,534 - __main__ - INFO - ?? Posting to stock channel...
2026-05-20 20:51:09,045 - __main__ - INFO - ? Stock channel: 166
2026-05-20 20:51:09,181 - __main__ - INFO - ?? Publishing completed successfully!
2026-05-24 21:31:22,057 - __main__ - INFO - ✅ SMYARDS BOT STARTED
2026-05-24 21:31:40,251 - __main__ - INFO - YT-108 exists, using YT-188 instead
2026-05-24 21:32:11,402 - __main__ - INFO - ?? Confirmation callback received: publish_now
2026-05-24 21:32:11,403 - __main__ - INFO - ?? PUBLISH NOW clicked - Starting publish process
2026-05-24 21:32:11,403 - __main__ - INFO - ?? Listing data: {'platform': 'YouTube', 'account_type': 'Monetized Channel', 'subscribers': 9670, 'views': 2800000, 'niche': 'Mixed', 'features': '3 Features Enabled', 'monetization': 'Enabled', 'region': 'USA', 'status': 'No Strikes', 'price': 165.0, 'listing_id': 'YT-188', 'seller_contact': 'https://t.me/submarket7'}
2026-05-24 21:32:11,988 - __main__ - INFO - ?? Screenshot post: 607
2026-05-24 21:32:12,113 - __main__ - INFO - ?? Discussion post: 2847
2026-05-24 21:32:12,114 - __main__ - INFO - ?? Posting to main channel...
2026-05-24 21:32:12,289 - __main__ - INFO - ? Main channel: 230
2026-05-24 21:32:12,289 - __main__ - INFO - ?? Posting to stock channel...
2026-05-24 21:32:12,635 - __main__ - INFO - ? Stock channel: 167
2026-05-24 21:32:12,733 - __main__ - INFO - ?? Publishing completed successfully!
2026-05-24 22:56:59,647 - __main__ - INFO - ✅ SMYARDS BOT STARTED
2026-05-24 22:58:09,621 - __main__ - ERROR - Error updating main post as sold: Timed out
2026-05-30 16:16:04,153 - __main__ - INFO - ✅ SMYARDS BOT STARTED
2026-05-30 16:28:51,460 - __main__ - INFO - ✅ SMYARDS BOT STARTED
2026-05-30 16:29:37,902 - __main__ - INFO - YT-108 exists, using YT-189 instead
2026-05-30 16:30:13,498 - __main__ - INFO - ?? Confirmation callback received: publish_now
2026-05-30 16:30:13,499 - __main__ - INFO - ?? PUBLISH NOW clicked - Starting publish process
2026-05-30 16:30:13,499 - __main__ - INFO - ?? Listing data: {'platform': 'YouTube', 'account_type': 'Monetized Channel', 'subscribers': 4700, 'views': 290000, 'niche': 'Mixed', 'features': '3 Features Enabled', 'monetization': 'Enabled', 'region': 'USA', 'status': 'No Strikes', 'price': 150.0, 'listing_id': 'YT-189', 'seller_contact': 'https://t.me/submarket7'}
2026-05-30 16:30:13,709 - __main__ - INFO - ?? Screenshot post: 617
2026-05-30 16:30:13,818 - __main__ - INFO - ?? Discussion post: 2855
2026-05-30 16:30:13,819 - __main__ - INFO - ?? Posting to main channel...
2026-05-30 16:30:14,013 - __main__ - INFO - ? Main channel: 231
2026-05-30 16:30:14,013 - __main__ - INFO - ?? Posting to stock channel...
2026-05-30 16:30:14,373 - __main__ - INFO - ? Stock channel: 168
2026-05-30 16:30:14,482 - __main__ - INFO - ?? Publishing completed successfully!
2026-05-30 16:34:06,108 - __main__ - INFO - ✅ SMYARDS BOT STARTED
2026-05-30 16:34:30,837 - __main__ - INFO - YT-108 exists, using YT-190 instead
2026-05-30 16:34:49,484 - __main__ - INFO - ?? Confirmation callback received: publish_now
2026-05-30 16:34:49,485 - __main__ - INFO - ?? PUBLISH NOW clicked - Starting publish process
2026-05-30 16:34:49,485 - __main__ - INFO - ?? Listing data: {'platform': 'YouTube', 'account_type': 'Monetized Channel', 'subscribers': 4700, 'views': 290000, 'niche': 'Mixed', 'features': '3 Features Enabled', 'monetization': 'Enabled', 'region': 'USA', 'status': 'No Strikes', 'price': 150.0, 'listing_id': 'YT-190', 'seller_contact': 'https://t.me/submarket7'}
2026-05-30 16:34:49,779 - __main__ - INFO - ?? Screenshot post: 619
2026-05-30 16:34:49,909 - __main__ - INFO - ?? Discussion post: 2857
2026-05-30 16:34:49,910 - __main__ - INFO - ?? Posting to main channel...
2026-05-30 16:34:50,085 - __main__ - INFO - ? Main channel: 232
2026-05-30 16:34:50,085 - __main__ - INFO - ?? Posting to stock channel...
2026-05-30 16:34:50,345 - __main__ - INFO - ? Stock channel: 169
2026-05-30 16:34:50,458 - __main__ - INFO - ?? Publishing completed successfully!
2026-05-30 22:37:09,090 - __main__ - INFO - ✅ SMYARDS BOT STARTED
2026-05-30 22:38:10,654 - __main__ - INFO - YT-108 exists, using YT-191 instead
2026-05-30 22:38:39,879 - __main__ - INFO - ?? Confirmation callback received: publish_now
2026-05-30 22:38:39,879 - __main__ - INFO - ?? PUBLISH NOW clicked - Starting publish process
2026-05-30 22:38:39,880 - __main__ - INFO - ?? Listing data: {'platform': 'YouTube', 'account_type': 'Monetized Channel', 'subscribers': 2600, 'views': 6000000, 'niche': 'Gaming', 'features': '3 Features Enabled', 'monetization': 'Enabled', 'region': 'USA', 'status': 'No Strikes', 'price': 175.0, 'listing_id': 'YT-191', 'seller_contact': 'https://t.me/submarket7'}
2026-05-30 22:38:40,279 - __main__ - INFO - ?? Screenshot post: 622
2026-05-30 22:38:40,480 - __main__ - INFO - ?? Discussion post: 2859
2026-05-30 22:38:40,481 - __main__ - INFO - ?? Posting to main channel...
2026-05-30 22:38:40,631 - __main__ - INFO - ? Main channel: 233
2026-05-30 22:38:40,632 - __main__ - INFO - ?? Posting to stock channel...
2026-05-30 22:38:40,890 - __main__ - INFO - ? Stock channel: 170
2026-05-30 22:38:41,007 - __main__ - INFO - ?? Publishing completed successfully!
2026-05-31 17:54:35,937 - __main__ - INFO - ✅ SMYARDS BOT STARTED
2026-05-31 17:55:05,059 - __main__ - INFO - YT-108 exists, using YT-192 instead
2026-05-31 17:55:35,478 - __main__ - INFO - ?? Confirmation callback received: publish_now
2026-05-31 17:55:35,478 - __main__ - INFO - ?? PUBLISH NOW clicked - Starting publish process
2026-05-31 17:55:35,478 - __main__ - INFO - ?? Listing data: {'platform': 'YouTube', 'account_type': 'Monetized Channel', 'subscribers': 4700, 'views': 290000, 'niche': 'Mixed', 'features': '3 Features Enabled', 'monetization': 'Enabled', 'region': 'USA', 'status': 'No Strikes', 'price': 150.0, 'listing_id': 'YT-192', 'seller_contact': 'https://t.me/submarket7'}
2026-05-31 17:55:36,191 - __main__ - INFO - ?? Screenshot post: 625
2026-05-31 17:55:36,303 - __main__ - INFO - ?? Discussion post: 2862
2026-05-31 17:55:36,304 - __main__ - INFO - ?? Posting to main channel...
2026-05-31 17:55:41,771 - __main__ - ERROR - ❌ ERROR in publish_to_main_channel: Timed out
2026-05-31 17:55:41,864 - __main__ - ERROR - Traceback (most recent call last):
  File "C:\Users\Win10 Pro\AppData\Roaming\Python\Python311\site-packages\telegram\vendor\ptb_urllib3\urllib3\connectionpool.py", line 402, in _make_request
    six.raise_from(e, None)
  File "<string>", line 2, in raise_from
  File "C:\Users\Win10 Pro\AppData\Roaming\Python\Python311\site-packages\telegram\vendor\ptb_urllib3\urllib3\connectionpool.py", line 398, in _make_request
    httplib_response = conn.getresponse()
                       ^^^^^^^^^^^^^^^^^^
  File "C:\Program Files\Python311\Lib\http\client.py", line 1374, in getresponse
    response.begin()
  File "C:\Program Files\Python311\Lib\http\client.py", line 318, in begin
    version, status, reason = self._read_status()
                              ^^^^^^^^^^^^^^^^^^^
  File "C:\Program Files\Python311\Lib\http\client.py", line 279, in _read_status
    line = str(self.fp.readline(_MAXLINE + 1), "iso-8859-1")
               ^^^^^^^^^^^^^^^^^^^^^^^^^^^^^^
  File "C:\Program Files\Python311\Lib\socket.py", line 705, in readinto
    return self._sock.recv_into(b)
           ^^^^^^^^^^^^^^^^^^^^^^^
  File "C:\Program Files\Python311\Lib\ssl.py", line 1278, in recv_into
    return self.read(nbytes, buffer)
           ^^^^^^^^^^^^^^^^^^^^^^^^^
  File "C:\Program Files\Python311\Lib\ssl.py", line 1134, in read
    return self._sslobj.read(len, buffer)
           ^^^^^^^^^^^^^^^^^^^^^^^^^^^^^^
TimeoutError: The read operation timed out

During handling of the above exception, another exception occurred:

Traceback (most recent call last):
  File "C:\Users\Win10 Pro\AppData\Roaming\Python\Python311\site-packages\telegram\utils\request.py", line 259, in _request_wrapper
    resp = self._con_pool.request(*args, **kwargs)
           ^^^^^^^^^^^^^^^^^^^^^^^^^^^^^^^^^^^^^^^
  File "C:\Users\Win10 Pro\AppData\Roaming\Python\Python311\site-packages\telegram\vendor\ptb_urllib3\urllib3\request.py", line 68, in request
    return self.request_encode_body(method, url, fields=fields,
           ^^^^^^^^^^^^^^^^^^^^^^^^^^^^^^^^^^^^^^^^^^^^^^^^^^^^
  File "C:\Users\Win10 Pro\AppData\Roaming\Python\Python311\site-packages\telegram\vendor\ptb_urllib3\urllib3\request.py", line 148, in request_encode_body
    return self.urlopen(method, url, **extra_kw)
           ^^^^^^^^^^^^^^^^^^^^^^^^^^^^^^^^^^^^^
  File "C:\Users\Win10 Pro\AppData\Roaming\Python\Python311\site-packages\telegram\vendor\ptb_urllib3\urllib3\poolmanager.py", line 244, in urlopen
    response = conn.urlopen(method, u.request_uri, **kw)
               ^^^^^^^^^^^^^^^^^^^^^^^^^^^^^^^^^^^^^^^^^
  File "C:\Users\Win10 Pro\AppData\Roaming\Python\Python311\site-packages\telegram\vendor\ptb_urllib3\urllib3\connectionpool.py", line 665, in urlopen
    retries = retries.increment(method, url, error=e, _pool=self,
              ^^^^^^^^^^^^^^^^^^^^^^^^^^^^^^^^^^^^^^^^^^^^^^^^^^^
  File "C:\Users\Win10 Pro\AppData\Roaming\Python\Python311\site-packages\telegram\vendor\ptb_urllib3\urllib3\util\retry.py", line 347, in increment
    raise six.reraise(type(error), error, _stacktrace)
          ^^^^^^^^^^^^^^^^^^^^^^^^^^^^^^^^^^^^^^^^^^^^
  File "C:\Users\Win10 Pro\AppData\Roaming\Python\Python311\site-packages\telegram\vendor\ptb_urllib3\urllib3\packages\six.py", line 686, in reraise
    raise value
  File "C:\Users\Win10 Pro\AppData\Roaming\Python\Python311\site-packages\telegram\vendor\ptb_urllib3\urllib3\connectionpool.py", line 614, in urlopen
    httplib_response = self._make_request(conn, method, url,
                       ^^^^^^^^^^^^^^^^^^^^^^^^^^^^^^^^^^^^^
  File "C:\Users\Win10 Pro\AppData\Roaming\Python\Python311\site-packages\telegram\vendor\ptb_urllib3\urllib3\connectionpool.py", line 404, in _make_request
    self._raise_timeout(err=e, url=url, timeout_value=read_timeout,
  File "C:\Users\Win10 Pro\AppData\Roaming\Python\Python311\site-packages\telegram\vendor\ptb_urllib3\urllib3\connectionpool.py", line 321, in _raise_timeout
    raise exc_cls(*args)
telegram.vendor.ptb_urllib3.urllib3.exceptions.ReadTimeoutError: HTTPSConnectionPool(host='api.telegram.org', port=443): Read timed out. (read timeout=5.0)

The above exception was the direct cause of the following exception:

Traceback (most recent call last):
  File "C:\smyards_bot\bot_final_fixed.py", line 900, in publish_to_main_channel
    button_message = bot.send_message(
                     ^^^^^^^^^^^^^^^^^
  File "C:\Users\Win10 Pro\AppData\Roaming\Python\Python311\site-packages\telegram\bot.py", line 134, in decorator
    result = func(*args, **kwargs)
             ^^^^^^^^^^^^^^^^^^^^^
  File "C:\Users\Win10 Pro\AppData\Roaming\Python\Python311\site-packages\telegram\bot.py", line 534, in send_message
    return self._message(  # type: ignore[return-value]
           ^^^^^^^^^^^^^^^^^^^^^^^^^^^^^^^^^^^^^^^^^^^^
  File "C:\Users\Win10 Pro\AppData\Roaming\Python\Python311\site-packages\telegram\ext\extbot.py", line 203, in _message
    result = super()._message(
             ^^^^^^^^^^^^^^^^^
  File "C:\Users\Win10 Pro\AppData\Roaming\Python\Python311\site-packages\telegram\bot.py", line 344, in _message
    result = self._post(endpoint, data, timeout=timeout, api_kwargs=api_kwargs)
             ^^^^^^^^^^^^^^^^^^^^^^^^^^^^^^^^^^^^^^^^^^^^^^^^^^^^^^^^^^^^^^^^^^
  File "C:\Users\Win10 Pro\AppData\Roaming\Python\Python311\site-packages\telegram\bot.py", line 299, in _post
    return self.request.post(
           ^^^^^^^^^^^^^^^^^^
  File "C:\Users\Win10 Pro\AppData\Roaming\Python\Python311\site-packages\telegram\utils\request.py", line 361, in post
    result = self._request_wrapper(
             ^^^^^^^^^^^^^^^^^^^^^^
  File "C:\Users\Win10 Pro\AppData\Roaming\Python\Python311\site-packages\telegram\utils\request.py", line 261, in _request_wrapper
    raise TimedOut() from error
telegram.error.TimedOut: Timed out

2026-05-31 17:55:41,865 - __main__ - ERROR - ? Publishing error: Main channel post failed
2026-05-31 17:55:41,866 - __main__ - ERROR - Traceback: Traceback (most recent call last):
  File "C:\smyards_bot\bot_final_fixed.py", line 1210, in admin_handle_confirmation
    raise Exception("Main channel post failed")
Exception: Main channel post failed

2026-05-31 18:08:03,793 - __main__ - INFO - ✅ SMYARDS BOT STARTED
2026-05-31 18:08:27,844 - __main__ - INFO - YT-108 exists, using YT-193 instead
2026-05-31 18:08:48,129 - __main__ - INFO - ?? Confirmation callback received: publish_now
2026-05-31 18:08:48,129 - __main__ - INFO - 🟢 PUBLISH NOW clicked - Starting unified publish process
2026-05-31 18:08:48,130 - __main__ - INFO - ➡️ Posting unified album to main channel...
2026-05-31 18:08:53,658 - __main__ - ERROR - ❌ ERROR in publish_to_main_channel: Timed out
2026-05-31 18:08:53,759 - __main__ - ERROR - Traceback (most recent call last):
  File "C:\Users\Win10 Pro\AppData\Roaming\Python\Python311\site-packages\telegram\vendor\ptb_urllib3\urllib3\connectionpool.py", line 402, in _make_request
    six.raise_from(e, None)
  File "<string>", line 2, in raise_from
  File "C:\Users\Win10 Pro\AppData\Roaming\Python\Python311\site-packages\telegram\vendor\ptb_urllib3\urllib3\connectionpool.py", line 398, in _make_request
    httplib_response = conn.getresponse()
                       ^^^^^^^^^^^^^^^^^^
  File "C:\Program Files\Python311\Lib\http\client.py", line 1374, in getresponse
    response.begin()
  File "C:\Program Files\Python311\Lib\http\client.py", line 318, in begin
    version, status, reason = self._read_status()
                              ^^^^^^^^^^^^^^^^^^^
  File "C:\Program Files\Python311\Lib\http\client.py", line 279, in _read_status
    line = str(self.fp.readline(_MAXLINE + 1), "iso-8859-1")
               ^^^^^^^^^^^^^^^^^^^^^^^^^^^^^^
  File "C:\Program Files\Python311\Lib\socket.py", line 705, in readinto
    return self._sock.recv_into(b)
           ^^^^^^^^^^^^^^^^^^^^^^^
  File "C:\Program Files\Python311\Lib\ssl.py", line 1278, in recv_into
    return self.read(nbytes, buffer)
           ^^^^^^^^^^^^^^^^^^^^^^^^^
  File "C:\Program Files\Python311\Lib\ssl.py", line 1134, in read
    return self._sslobj.read(len, buffer)
           ^^^^^^^^^^^^^^^^^^^^^^^^^^^^^^
TimeoutError: The read operation timed out

During handling of the above exception, another exception occurred:

Traceback (most recent call last):
  File "C:\Users\Win10 Pro\AppData\Roaming\Python\Python311\site-packages\telegram\utils\request.py", line 259, in _request_wrapper
    resp = self._con_pool.request(*args, **kwargs)
           ^^^^^^^^^^^^^^^^^^^^^^^^^^^^^^^^^^^^^^^
  File "C:\Users\Win10 Pro\AppData\Roaming\Python\Python311\site-packages\telegram\vendor\ptb_urllib3\urllib3\request.py", line 68, in request
    return self.request_encode_body(method, url, fields=fields,
           ^^^^^^^^^^^^^^^^^^^^^^^^^^^^^^^^^^^^^^^^^^^^^^^^^^^^
  File "C:\Users\Win10 Pro\AppData\Roaming\Python\Python311\site-packages\telegram\vendor\ptb_urllib3\urllib3\request.py", line 148, in request_encode_body
    return self.urlopen(method, url, **extra_kw)
           ^^^^^^^^^^^^^^^^^^^^^^^^^^^^^^^^^^^^^
  File "C:\Users\Win10 Pro\AppData\Roaming\Python\Python311\site-packages\telegram\vendor\ptb_urllib3\urllib3\poolmanager.py", line 244, in urlopen
    response = conn.urlopen(method, u.request_uri, **kw)
               ^^^^^^^^^^^^^^^^^^^^^^^^^^^^^^^^^^^^^^^^^
  File "C:\Users\Win10 Pro\AppData\Roaming\Python\Python311\site-packages\telegram\vendor\ptb_urllib3\urllib3\connectionpool.py", line 665, in urlopen
    retries = retries.increment(method, url, error=e, _pool=self,
              ^^^^^^^^^^^^^^^^^^^^^^^^^^^^^^^^^^^^^^^^^^^^^^^^^^^
  File "C:\Users\Win10 Pro\AppData\Roaming\Python\Python311\site-packages\telegram\vendor\ptb_urllib3\urllib3\util\retry.py", line 347, in increment
    raise six.reraise(type(error), error, _stacktrace)
          ^^^^^^^^^^^^^^^^^^^^^^^^^^^^^^^^^^^^^^^^^^^^
  File "C:\Users\Win10 Pro\AppData\Roaming\Python\Python311\site-packages\telegram\vendor\ptb_urllib3\urllib3\packages\six.py", line 686, in reraise
    raise value
  File "C:\Users\Win10 Pro\AppData\Roaming\Python\Python311\site-packages\telegram\vendor\ptb_urllib3\urllib3\connectionpool.py", line 614, in urlopen
    httplib_response = self._make_request(conn, method, url,
                       ^^^^^^^^^^^^^^^^^^^^^^^^^^^^^^^^^^^^^
  File "C:\Users\Win10 Pro\AppData\Roaming\Python\Python311\site-packages\telegram\vendor\ptb_urllib3\urllib3\connectionpool.py", line 404, in _make_request
    self._raise_timeout(err=e, url=url, timeout_value=read_timeout,
  File "C:\Users\Win10 Pro\AppData\Roaming\Python\Python311\site-packages\telegram\vendor\ptb_urllib3\urllib3\connectionpool.py", line 321, in _raise_timeout
    raise exc_cls(*args)
telegram.vendor.ptb_urllib3.urllib3.exceptions.ReadTimeoutError: HTTPSConnectionPool(host='api.telegram.org', port=443): Read timed out. (read timeout=5.0)

The above exception was the direct cause of the following exception:

Traceback (most recent call last):
  File "C:\smyards_bot\bot_final_fixed.py", line 966, in publish_to_main_channel
    button_message = bot.send_message(
                     ^^^^^^^^^^^^^^^^^
  File "C:\Users\Win10 Pro\AppData\Roaming\Python\Python311\site-packages\telegram\bot.py", line 134, in decorator
    result = func(*args, **kwargs)
             ^^^^^^^^^^^^^^^^^^^^^
  File "C:\Users\Win10 Pro\AppData\Roaming\Python\Python311\site-packages\telegram\bot.py", line 534, in send_message
    return self._message(  # type: ignore[return-value]
           ^^^^^^^^^^^^^^^^^^^^^^^^^^^^^^^^^^^^^^^^^^^^
  File "C:\Users\Win10 Pro\AppData\Roaming\Python\Python311\site-packages\telegram\ext\extbot.py", line 203, in _message
    result = super()._message(
             ^^^^^^^^^^^^^^^^^
  File "C:\Users\Win10 Pro\AppData\Roaming\Python\Python311\site-packages\telegram\bot.py", line 344, in _message
    result = self._post(endpoint, data, timeout=timeout, api_kwargs=api_kwargs)
             ^^^^^^^^^^^^^^^^^^^^^^^^^^^^^^^^^^^^^^^^^^^^^^^^^^^^^^^^^^^^^^^^^^
  File "C:\Users\Win10 Pro\AppData\Roaming\Python\Python311\site-packages\telegram\bot.py", line 299, in _post
    return self.request.post(
           ^^^^^^^^^^^^^^^^^^
  File "C:\Users\Win10 Pro\AppData\Roaming\Python\Python311\site-packages\telegram\utils\request.py", line 361, in post
    result = self._request_wrapper(
             ^^^^^^^^^^^^^^^^^^^^^^
  File "C:\Users\Win10 Pro\AppData\Roaming\Python\Python311\site-packages\telegram\utils\request.py", line 261, in _request_wrapper
    raise TimedOut() from error
telegram.error.TimedOut: Timed out

2026-05-31 18:08:53,760 - __main__ - ERROR - ❌ Publishing error: Main channel post failed
2026-05-31 18:08:53,761 - __main__ - ERROR - Traceback (most recent call last):
  File "C:\smyards_bot\bot_final_fixed.py", line 1265, in admin_handle_confirmation
    raise Exception("Main channel post failed")
Exception: Main channel post failed

2026-05-31 18:31:15,148 - __main__ - INFO - ✅ SMYARDS BOT STARTED
2026-05-31 18:31:40,344 - __main__ - INFO - YT-108 exists, using YT-193 instead
2026-05-31 18:32:02,642 - __main__ - INFO - ?? Confirmation callback received: publish_now
2026-05-31 18:32:02,643 - __main__ - INFO - 🟢 PUBLISH NOW clicked - Starting clean unified publish process
2026-05-31 18:32:02,643 - __main__ - INFO - ➡️ Step 1: Posting album to main channel...
2026-05-31 18:32:08,176 - __main__ - ERROR - ❌ ERROR in publish_to_main_channel: Timed out
2026-05-31 18:32:08,187 - __main__ - ERROR - Traceback (most recent call last):
  File "C:\Users\Win10 Pro\AppData\Roaming\Python\Python311\site-packages\telegram\vendor\ptb_urllib3\urllib3\connectionpool.py", line 402, in _make_request
    six.raise_from(e, None)
  File "<string>", line 2, in raise_from
  File "C:\Users\Win10 Pro\AppData\Roaming\Python\Python311\site-packages\telegram\vendor\ptb_urllib3\urllib3\connectionpool.py", line 398, in _make_request
    httplib_response = conn.getresponse()
                       ^^^^^^^^^^^^^^^^^^
  File "C:\Program Files\Python311\Lib\http\client.py", line 1374, in getresponse
    response.begin()
  File "C:\Program Files\Python311\Lib\http\client.py", line 318, in begin
    version, status, reason = self._read_status()
                              ^^^^^^^^^^^^^^^^^^^
  File "C:\Program Files\Python311\Lib\http\client.py", line 279, in _read_status
    line = str(self.fp.readline(_MAXLINE + 1), "iso-8859-1")
               ^^^^^^^^^^^^^^^^^^^^^^^^^^^^^^
  File "C:\Program Files\Python311\Lib\socket.py", line 705, in readinto
    return self._sock.recv_into(b)
           ^^^^^^^^^^^^^^^^^^^^^^^
  File "C:\Program Files\Python311\Lib\ssl.py", line 1278, in recv_into
    return self.read(nbytes, buffer)
           ^^^^^^^^^^^^^^^^^^^^^^^^^
  File "C:\Program Files\Python311\Lib\ssl.py", line 1134, in read
    return self._sslobj.read(len, buffer)
           ^^^^^^^^^^^^^^^^^^^^^^^^^^^^^^
TimeoutError: The read operation timed out

During handling of the above exception, another exception occurred:

Traceback (most recent call last):
  File "C:\Users\Win10 Pro\AppData\Roaming\Python\Python311\site-packages\telegram\utils\request.py", line 259, in _request_wrapper
    resp = self._con_pool.request(*args, **kwargs)
           ^^^^^^^^^^^^^^^^^^^^^^^^^^^^^^^^^^^^^^^
  File "C:\Users\Win10 Pro\AppData\Roaming\Python\Python311\site-packages\telegram\vendor\ptb_urllib3\urllib3\request.py", line 68, in request
    return self.request_encode_body(method, url, fields=fields,
           ^^^^^^^^^^^^^^^^^^^^^^^^^^^^^^^^^^^^^^^^^^^^^^^^^^^^
  File "C:\Users\Win10 Pro\AppData\Roaming\Python\Python311\site-packages\telegram\vendor\ptb_urllib3\urllib3\request.py", line 148, in request_encode_body
    return self.urlopen(method, url, **extra_kw)
           ^^^^^^^^^^^^^^^^^^^^^^^^^^^^^^^^^^^^^
  File "C:\Users\Win10 Pro\AppData\Roaming\Python\Python311\site-packages\telegram\vendor\ptb_urllib3\urllib3\poolmanager.py", line 244, in urlopen
    response = conn.urlopen(method, u.request_uri, **kw)
               ^^^^^^^^^^^^^^^^^^^^^^^^^^^^^^^^^^^^^^^^^
  File "C:\Users\Win10 Pro\AppData\Roaming\Python\Python311\site-packages\telegram\vendor\ptb_urllib3\urllib3\connectionpool.py", line 665, in urlopen
    retries = retries.increment(method, url, error=e, _pool=self,
              ^^^^^^^^^^^^^^^^^^^^^^^^^^^^^^^^^^^^^^^^^^^^^^^^^^^
  File "C:\Users\Win10 Pro\AppData\Roaming\Python\Python311\site-packages\telegram\vendor\ptb_urllib3\urllib3\util\retry.py", line 347, in increment
    raise six.reraise(type(error), error, _stacktrace)
          ^^^^^^^^^^^^^^^^^^^^^^^^^^^^^^^^^^^^^^^^^^^^
  File "C:\Users\Win10 Pro\AppData\Roaming\Python\Python311\site-packages\telegram\vendor\ptb_urllib3\urllib3\packages\six.py", line 686, in reraise
    raise value
  File "C:\Users\Win10 Pro\AppData\Roaming\Python\Python311\site-packages\telegram\vendor\ptb_urllib3\urllib3\connectionpool.py", line 614, in urlopen
    httplib_response = self._make_request(conn, method, url,
                       ^^^^^^^^^^^^^^^^^^^^^^^^^^^^^^^^^^^^^
  File "C:\Users\Win10 Pro\AppData\Roaming\Python\Python311\site-packages\telegram\vendor\ptb_urllib3\urllib3\connectionpool.py", line 404, in _make_request
    self._raise_timeout(err=e, url=url, timeout_value=read_timeout,
  File "C:\Users\Win10 Pro\AppData\Roaming\Python\Python311\site-packages\telegram\vendor\ptb_urllib3\urllib3\connectionpool.py", line 321, in _raise_timeout
    raise exc_cls(*args)
telegram.vendor.ptb_urllib3.urllib3.exceptions.ReadTimeoutError: HTTPSConnectionPool(host='api.telegram.org', port=443): Read timed out. (read timeout=5.0)

The above exception was the direct cause of the following exception:

Traceback (most recent call last):
  File "C:\smyards_bot\bot_final_fixed.py", line 964, in publish_to_main_channel
    button_message = bot.send_message(
                     ^^^^^^^^^^^^^^^^^
  File "C:\Users\Win10 Pro\AppData\Roaming\Python\Python311\site-packages\telegram\bot.py", line 134, in decorator
    result = func(*args, **kwargs)
             ^^^^^^^^^^^^^^^^^^^^^
  File "C:\Users\Win10 Pro\AppData\Roaming\Python\Python311\site-packages\telegram\bot.py", line 534, in send_message
    return self._message(  # type: ignore[return-value]
           ^^^^^^^^^^^^^^^^^^^^^^^^^^^^^^^^^^^^^^^^^^^^
  File "C:\Users\Win10 Pro\AppData\Roaming\Python\Python311\site-packages\telegram\ext\extbot.py", line 203, in _message
    result = super()._message(
             ^^^^^^^^^^^^^^^^^
  File "C:\Users\Win10 Pro\AppData\Roaming\Python\Python311\site-packages\telegram\bot.py", line 344, in _message
    result = self._post(endpoint, data, timeout=timeout, api_kwargs=api_kwargs)
             ^^^^^^^^^^^^^^^^^^^^^^^^^^^^^^^^^^^^^^^^^^^^^^^^^^^^^^^^^^^^^^^^^^
  File "C:\Users\Win10 Pro\AppData\Roaming\Python\Python311\site-packages\telegram\bot.py", line 299, in _post
    return self.request.post(
           ^^^^^^^^^^^^^^^^^^
  File "C:\Users\Win10 Pro\AppData\Roaming\Python\Python311\site-packages\telegram\utils\request.py", line 361, in post
    result = self._request_wrapper(
             ^^^^^^^^^^^^^^^^^^^^^^
  File "C:\Users\Win10 Pro\AppData\Roaming\Python\Python311\site-packages\telegram\utils\request.py", line 261, in _request_wrapper
    raise TimedOut() from error
telegram.error.TimedOut: Timed out

2026-05-31 18:32:08,188 - __main__ - ERROR - ❌ Error during execution flow: Main channel posting failed.
2026-05-31 18:32:08,189 - __main__ - ERROR - Traceback (most recent call last):
  File "C:\smyards_bot\bot_final_fixed.py", line 1269, in admin_handle_confirmation
    raise Exception("Main channel posting failed.")
Exception: Main channel posting failed.

2026-05-31 18:56:43,476 - __main__ - INFO - ✅ SMYARDS BOT STARTED
2026-05-31 18:57:04,540 - __main__ - INFO - YT-108 exists, using YT-193 instead
2026-05-31 18:57:22,556 - __main__ - INFO - ?? Confirmation callback received: publish_now
2026-05-31 18:57:22,557 - __main__ - INFO - 🟢 PUBLISH NOW clicked - Starting clean unified publish process
2026-05-31 18:57:22,557 - __main__ - INFO - ➡️ Step 1: Posting album to main channel...
2026-05-31 18:57:22,557 - __main__ - ERROR - ❌ Error during execution flow: publish_to_main_channel() got an unexpected keyword argument 'screenshot_message_id'
2026-05-31 18:57:22,560 - __main__ - ERROR - Traceback (most recent call last):
  File "C:\smyards_bot\bot_final_fixed.py", line 1124, in admin_handle_confirmation
    main_message_id = publish_to_main_channel(
                      ^^^^^^^^^^^^^^^^^^^^^^^^
TypeError: publish_to_main_channel() got an unexpected keyword argument 'screenshot_message_id'

2026-05-31 19:08:00,328 - __main__ - INFO - ✅ SMYARDS BOT STARTED
2026-05-31 19:08:24,297 - __main__ - INFO - YT-108 exists, using YT-193 instead
2026-05-31 19:08:40,139 - __main__ - INFO - ?? Confirmation callback received: publish_now
2026-05-31 19:08:40,139 - __main__ - INFO - 🟢 PUBLISH NOW clicked - Starting clean unified publish process
2026-05-31 19:08:40,140 - __main__ - INFO - ➡️ Step 1: Posting album to main channel...
2026-05-31 19:08:45,676 - __main__ - ERROR - ❌ ERROR in publish_to_main_channel: Timed out
2026-05-31 19:08:45,687 - __main__ - ERROR - Traceback (most recent call last):
  File "C:\Users\Win10 Pro\AppData\Roaming\Python\Python311\site-packages\telegram\vendor\ptb_urllib3\urllib3\connectionpool.py", line 402, in _make_request
    six.raise_from(e, None)
  File "<string>", line 2, in raise_from
  File "C:\Users\Win10 Pro\AppData\Roaming\Python\Python311\site-packages\telegram\vendor\ptb_urllib3\urllib3\connectionpool.py", line 398, in _make_request
    httplib_response = conn.getresponse()
                       ^^^^^^^^^^^^^^^^^^
  File "C:\Program Files\Python311\Lib\http\client.py", line 1374, in getresponse
    response.begin()
  File "C:\Program Files\Python311\Lib\http\client.py", line 318, in begin
    version, status, reason = self._read_status()
                              ^^^^^^^^^^^^^^^^^^^
  File "C:\Program Files\Python311\Lib\http\client.py", line 279, in _read_status
    line = str(self.fp.readline(_MAXLINE + 1), "iso-8859-1")
               ^^^^^^^^^^^^^^^^^^^^^^^^^^^^^^
  File "C:\Program Files\Python311\Lib\socket.py", line 705, in readinto
    return self._sock.recv_into(b)
           ^^^^^^^^^^^^^^^^^^^^^^^
  File "C:\Program Files\Python311\Lib\ssl.py", line 1278, in recv_into
    return self.read(nbytes, buffer)
           ^^^^^^^^^^^^^^^^^^^^^^^^^
  File "C:\Program Files\Python311\Lib\ssl.py", line 1134, in read
    return self._sslobj.read(len, buffer)
           ^^^^^^^^^^^^^^^^^^^^^^^^^^^^^^
TimeoutError: The read operation timed out

During handling of the above exception, another exception occurred:

Traceback (most recent call last):
  File "C:\Users\Win10 Pro\AppData\Roaming\Python\Python311\site-packages\telegram\utils\request.py", line 259, in _request_wrapper
    resp = self._con_pool.request(*args, **kwargs)
           ^^^^^^^^^^^^^^^^^^^^^^^^^^^^^^^^^^^^^^^
  File "C:\Users\Win10 Pro\AppData\Roaming\Python\Python311\site-packages\telegram\vendor\ptb_urllib3\urllib3\request.py", line 68, in request
    return self.request_encode_body(method, url, fields=fields,
           ^^^^^^^^^^^^^^^^^^^^^^^^^^^^^^^^^^^^^^^^^^^^^^^^^^^^
  File "C:\Users\Win10 Pro\AppData\Roaming\Python\Python311\site-packages\telegram\vendor\ptb_urllib3\urllib3\request.py", line 148, in request_encode_body
    return self.urlopen(method, url, **extra_kw)
           ^^^^^^^^^^^^^^^^^^^^^^^^^^^^^^^^^^^^^
  File "C:\Users\Win10 Pro\AppData\Roaming\Python\Python311\site-packages\telegram\vendor\ptb_urllib3\urllib3\poolmanager.py", line 244, in urlopen
    response = conn.urlopen(method, u.request_uri, **kw)
               ^^^^^^^^^^^^^^^^^^^^^^^^^^^^^^^^^^^^^^^^^
  File "C:\Users\Win10 Pro\AppData\Roaming\Python\Python311\site-packages\telegram\vendor\ptb_urllib3\urllib3\connectionpool.py", line 665, in urlopen
    retries = retries.increment(method, url, error=e, _pool=self,
              ^^^^^^^^^^^^^^^^^^^^^^^^^^^^^^^^^^^^^^^^^^^^^^^^^^^
  File "C:\Users\Win10 Pro\AppData\Roaming\Python\Python311\site-packages\telegram\vendor\ptb_urllib3\urllib3\util\retry.py", line 347, in increment
    raise six.reraise(type(error), error, _stacktrace)
          ^^^^^^^^^^^^^^^^^^^^^^^^^^^^^^^^^^^^^^^^^^^^
  File "C:\Users\Win10 Pro\AppData\Roaming\Python\Python311\site-packages\telegram\vendor\ptb_urllib3\urllib3\packages\six.py", line 686, in reraise
    raise value
  File "C:\Users\Win10 Pro\AppData\Roaming\Python\Python311\site-packages\telegram\vendor\ptb_urllib3\urllib3\connectionpool.py", line 614, in urlopen
    httplib_response = self._make_request(conn, method, url,
                       ^^^^^^^^^^^^^^^^^^^^^^^^^^^^^^^^^^^^^
  File "C:\Users\Win10 Pro\AppData\Roaming\Python\Python311\site-packages\telegram\vendor\ptb_urllib3\urllib3\connectionpool.py", line 404, in _make_request
    self._raise_timeout(err=e, url=url, timeout_value=read_timeout,
  File "C:\Users\Win10 Pro\AppData\Roaming\Python\Python311\site-packages\telegram\vendor\ptb_urllib3\urllib3\connectionpool.py", line 321, in _raise_timeout
    raise exc_cls(*args)
telegram.vendor.ptb_urllib3.urllib3.exceptions.ReadTimeoutError: HTTPSConnectionPool(host='api.telegram.org', port=443): Read timed out. (read timeout=5.0)

The above exception was the direct cause of the following exception:

Traceback (most recent call last):
  File "C:\smyards_bot\bot_final_fixed.py", line 830, in publish_to_main_channel
    button_message = bot.send_message(
                     ^^^^^^^^^^^^^^^^^
  File "C:\Users\Win10 Pro\AppData\Roaming\Python\Python311\site-packages\telegram\bot.py", line 134, in decorator
    result = func(*args, **kwargs)
             ^^^^^^^^^^^^^^^^^^^^^
  File "C:\Users\Win10 Pro\AppData\Roaming\Python\Python311\site-packages\telegram\bot.py", line 534, in send_message
    return self._message(  # type: ignore[return-value]
           ^^^^^^^^^^^^^^^^^^^^^^^^^^^^^^^^^^^^^^^^^^^^
  File "C:\Users\Win10 Pro\AppData\Roaming\Python\Python311\site-packages\telegram\ext\extbot.py", line 203, in _message
    result = super()._message(
             ^^^^^^^^^^^^^^^^^
  File "C:\Users\Win10 Pro\AppData\Roaming\Python\Python311\site-packages\telegram\bot.py", line 344, in _message
    result = self._post(endpoint, data, timeout=timeout, api_kwargs=api_kwargs)
             ^^^^^^^^^^^^^^^^^^^^^^^^^^^^^^^^^^^^^^^^^^^^^^^^^^^^^^^^^^^^^^^^^^
  File "C:\Users\Win10 Pro\AppData\Roaming\Python\Python311\site-packages\telegram\bot.py", line 299, in _post
    return self.request.post(
           ^^^^^^^^^^^^^^^^^^
  File "C:\Users\Win10 Pro\AppData\Roaming\Python\Python311\site-packages\telegram\utils\request.py", line 361, in post
    result = self._request_wrapper(
             ^^^^^^^^^^^^^^^^^^^^^^
  File "C:\Users\Win10 Pro\AppData\Roaming\Python\Python311\site-packages\telegram\utils\request.py", line 261, in _request_wrapper
    raise TimedOut() from error
telegram.error.TimedOut: Timed out

2026-05-31 19:08:45,688 - __main__ - ERROR - ❌ Error during execution flow: Main channel posting failed.
2026-05-31 19:08:45,689 - __main__ - ERROR - Traceback (most recent call last):
  File "C:\smyards_bot\bot_final_fixed.py", line 1133, in admin_handle_confirmation
    raise Exception("Main channel posting failed.")
Exception: Main channel posting failed.

2026-05-31 19:14:10,082 - __main__ - INFO - ✅ SMYARDS BOT STARTED
2026-05-31 19:14:30,517 - __main__ - INFO - YT-108 exists, using YT-193 instead
2026-05-31 19:14:50,505 - __main__ - INFO - ?? Confirmation callback received: publish_now
2026-05-31 19:14:50,506 - __main__ - INFO - 🟢 PUBLISH NOW clicked - Starting clean unified publish process
2026-05-31 19:14:50,506 - __main__ - INFO - ➡️ Step 1: Posting album to main channel...
2026-05-31 19:14:56,006 - __main__ - ERROR - ❌ ERROR in publish_to_main_channel: Timed out
2026-05-31 19:14:56,017 - __main__ - ERROR - Traceback (most recent call last):
  File "C:\Users\Win10 Pro\AppData\Roaming\Python\Python311\site-packages\telegram\vendor\ptb_urllib3\urllib3\connectionpool.py", line 402, in _make_request
    six.raise_from(e, None)
  File "<string>", line 2, in raise_from
  File "C:\Users\Win10 Pro\AppData\Roaming\Python\Python311\site-packages\telegram\vendor\ptb_urllib3\urllib3\connectionpool.py", line 398, in _make_request
    httplib_response = conn.getresponse()
                       ^^^^^^^^^^^^^^^^^^
  File "C:\Program Files\Python311\Lib\http\client.py", line 1374, in getresponse
    response.begin()
  File "C:\Program Files\Python311\Lib\http\client.py", line 318, in begin
    version, status, reason = self._read_status()
                              ^^^^^^^^^^^^^^^^^^^
  File "C:\Program Files\Python311\Lib\http\client.py", line 279, in _read_status
    line = str(self.fp.readline(_MAXLINE + 1), "iso-8859-1")
               ^^^^^^^^^^^^^^^^^^^^^^^^^^^^^^
  File "C:\Program Files\Python311\Lib\socket.py", line 705, in readinto
    return self._sock.recv_into(b)
           ^^^^^^^^^^^^^^^^^^^^^^^
  File "C:\Program Files\Python311\Lib\ssl.py", line 1278, in recv_into
    return self.read(nbytes, buffer)
           ^^^^^^^^^^^^^^^^^^^^^^^^^
  File "C:\Program Files\Python311\Lib\ssl.py", line 1134, in read
    return self._sslobj.read(len, buffer)
           ^^^^^^^^^^^^^^^^^^^^^^^^^^^^^^
TimeoutError: The read operation timed out

During handling of the above exception, another exception occurred:

Traceback (most recent call last):
  File "C:\Users\Win10 Pro\AppData\Roaming\Python\Python311\site-packages\telegram\utils\request.py", line 259, in _request_wrapper
    resp = self._con_pool.request(*args, **kwargs)
           ^^^^^^^^^^^^^^^^^^^^^^^^^^^^^^^^^^^^^^^
  File "C:\Users\Win10 Pro\AppData\Roaming\Python\Python311\site-packages\telegram\vendor\ptb_urllib3\urllib3\request.py", line 68, in request
    return self.request_encode_body(method, url, fields=fields,
           ^^^^^^^^^^^^^^^^^^^^^^^^^^^^^^^^^^^^^^^^^^^^^^^^^^^^
  File "C:\Users\Win10 Pro\AppData\Roaming\Python\Python311\site-packages\telegram\vendor\ptb_urllib3\urllib3\request.py", line 148, in request_encode_body
    return self.urlopen(method, url, **extra_kw)
           ^^^^^^^^^^^^^^^^^^^^^^^^^^^^^^^^^^^^^
  File "C:\Users\Win10 Pro\AppData\Roaming\Python\Python311\site-packages\telegram\vendor\ptb_urllib3\urllib3\poolmanager.py", line 244, in urlopen
    response = conn.urlopen(method, u.request_uri, **kw)
               ^^^^^^^^^^^^^^^^^^^^^^^^^^^^^^^^^^^^^^^^^
  File "C:\Users\Win10 Pro\AppData\Roaming\Python\Python311\site-packages\telegram\vendor\ptb_urllib3\urllib3\connectionpool.py", line 665, in urlopen
    retries = retries.increment(method, url, error=e, _pool=self,
              ^^^^^^^^^^^^^^^^^^^^^^^^^^^^^^^^^^^^^^^^^^^^^^^^^^^
  File "C:\Users\Win10 Pro\AppData\Roaming\Python\Python311\site-packages\telegram\vendor\ptb_urllib3\urllib3\util\retry.py", line 347, in increment
    raise six.reraise(type(error), error, _stacktrace)
          ^^^^^^^^^^^^^^^^^^^^^^^^^^^^^^^^^^^^^^^^^^^^
  File "C:\Users\Win10 Pro\AppData\Roaming\Python\Python311\site-packages\telegram\vendor\ptb_urllib3\urllib3\packages\six.py", line 686, in reraise
    raise value
  File "C:\Users\Win10 Pro\AppData\Roaming\Python\Python311\site-packages\telegram\vendor\ptb_urllib3\urllib3\connectionpool.py", line 614, in urlopen
    httplib_response = self._make_request(conn, method, url,
                       ^^^^^^^^^^^^^^^^^^^^^^^^^^^^^^^^^^^^^
  File "C:\Users\Win10 Pro\AppData\Roaming\Python\Python311\site-packages\telegram\vendor\ptb_urllib3\urllib3\connectionpool.py", line 404, in _make_request
    self._raise_timeout(err=e, url=url, timeout_value=read_timeout,
  File "C:\Users\Win10 Pro\AppData\Roaming\Python\Python311\site-packages\telegram\vendor\ptb_urllib3\urllib3\connectionpool.py", line 321, in _raise_timeout
    raise exc_cls(*args)
telegram.vendor.ptb_urllib3.urllib3.exceptions.ReadTimeoutError: HTTPSConnectionPool(host='api.telegram.org', port=443): Read timed out. (read timeout=5.0)

The above exception was the direct cause of the following exception:

Traceback (most recent call last):
  File "C:\smyards_bot\bot_final_fixed.py", line 830, in publish_to_main_channel
    button_message = bot.send_message(
                     ^^^^^^^^^^^^^^^^^
  File "C:\Users\Win10 Pro\AppData\Roaming\Python\Python311\site-packages\telegram\bot.py", line 134, in decorator
    result = func(*args, **kwargs)
             ^^^^^^^^^^^^^^^^^^^^^
  File "C:\Users\Win10 Pro\AppData\Roaming\Python\Python311\site-packages\telegram\bot.py", line 534, in send_message
    return self._message(  # type: ignore[return-value]
           ^^^^^^^^^^^^^^^^^^^^^^^^^^^^^^^^^^^^^^^^^^^^
  File "C:\Users\Win10 Pro\AppData\Roaming\Python\Python311\site-packages\telegram\ext\extbot.py", line 203, in _message
    result = super()._message(
             ^^^^^^^^^^^^^^^^^
  File "C:\Users\Win10 Pro\AppData\Roaming\Python\Python311\site-packages\telegram\bot.py", line 344, in _message
    result = self._post(endpoint, data, timeout=timeout, api_kwargs=api_kwargs)
             ^^^^^^^^^^^^^^^^^^^^^^^^^^^^^^^^^^^^^^^^^^^^^^^^^^^^^^^^^^^^^^^^^^
  File "C:\Users\Win10 Pro\AppData\Roaming\Python\Python311\site-packages\telegram\bot.py", line 299, in _post
    return self.request.post(
           ^^^^^^^^^^^^^^^^^^
  File "C:\Users\Win10 Pro\AppData\Roaming\Python\Python311\site-packages\telegram\utils\request.py", line 361, in post
    result = self._request_wrapper(
             ^^^^^^^^^^^^^^^^^^^^^^
  File "C:\Users\Win10 Pro\AppData\Roaming\Python\Python311\site-packages\telegram\utils\request.py", line 261, in _request_wrapper
    raise TimedOut() from error
telegram.error.TimedOut: Timed out

2026-05-31 19:14:56,018 - __main__ - ERROR - ❌ Error during execution flow: Main channel posting failed.
2026-05-31 19:14:56,019 - __main__ - ERROR - Traceback (most recent call last):
  File "C:\smyards_bot\bot_final_fixed.py", line 1133, in admin_handle_confirmation
    raise Exception("Main channel posting failed.")
Exception: Main channel posting failed.

2026-05-31 19:34:28,277 - __main__ - INFO - ✅ SMYARDS BOT STARTED
2026-05-31 19:34:47,649 - __main__ - INFO - YT-108 exists, using YT-193 instead
2026-05-31 19:35:08,730 - __main__ - INFO - ?? Confirmation callback received: publish_now
2026-05-31 19:35:08,731 - __main__ - INFO - 🟢 PUBLISH NOW clicked - Starting clean unified publish process
2026-05-31 19:35:08,731 - __main__ - INFO - ➡️ Step 1: Posting album to main channel...
2026-05-31 19:35:14,480 - __main__ - INFO - ➡️ Step 2: Posting to stock channel...
2026-05-31 19:35:14,719 - __main__ - INFO - ➡️ Step 3: Saving to database...
2026-05-31 19:35:14,819 - __main__ - INFO - ✅ Finished execution sequence smoothly.
2026-05-31 19:36:29,517 - __main__ - INFO - YT-108 exists, using YT-194 instead
2026-05-31 19:36:46,283 - __main__ - INFO - ?? Confirmation callback received: publish_now
2026-05-31 19:36:46,283 - __main__ - INFO - 🟢 PUBLISH NOW clicked - Starting clean unified publish process
2026-05-31 19:36:46,283 - __main__ - INFO - ➡️ Step 1: Posting album to main channel...
2026-05-31 19:36:46,620 - __main__ - INFO - ➡️ Step 2: Posting to stock channel...
2026-05-31 19:36:46,862 - __main__ - INFO - ➡️ Step 3: Saving to database...
2026-05-31 19:36:46,970 - __main__ - INFO - ✅ Finished execution sequence smoothly.
2026-05-31 20:17:25,140 - __main__ - INFO - ✅ SMYARDS BOT STARTED
2026-05-31 20:17:51,252 - __main__ - INFO - YT-108 exists, using YT-195 instead
2026-05-31 20:18:11,704 - __main__ - INFO - ?? Confirmation callback received: publish_now
2026-05-31 20:18:11,704 - __main__ - INFO - 🟢 PUBLISH NOW clicked - Starting clean unified publish process
2026-05-31 20:18:11,705 - __main__ - INFO - ➡️ Step 1: Posting album to main channel...
2026-05-31 20:18:12,138 - __main__ - INFO - ➡️ Step 2: Posting to stock channel...
2026-05-31 20:18:17,298 - __main__ - INFO - ➡️ Step 3: Saving to database...
2026-05-31 20:18:17,602 - __main__ - INFO - ✅ Finished execution sequence smoothly.
2026-05-31 20:55:57,223 - __main__ - INFO - ✅ SMYARDS BOT STARTED
2026-05-31 20:56:27,665 - __main__ - INFO - YT-108 exists, using YT-196 instead
2026-05-31 20:57:26,665 - __main__ - INFO - ?? Confirmation callback received: publish_now
2026-05-31 20:57:26,665 - __main__ - INFO - 🟢 PUBLISH NOW clicked - Starting clean unified publish process
2026-05-31 20:57:26,666 - __main__ - INFO - ➡️ Step 1: Posting album to main channel...
2026-05-31 20:57:27,308 - __main__ - INFO - ➡️ Step 2: Posting to stock channel...
2026-05-31 20:57:32,491 - __main__ - INFO - ➡️ Step 3: Saving to database...
2026-05-31 20:57:32,779 - __main__ - INFO - ✅ Finished execution sequence smoothly.
2026-05-31 21:27:14,678 - __main__ - INFO - ✅ SMYARDS BOT STARTED
2026-05-31 21:27:45,125 - __main__ - INFO - YT-108 exists, using YT-197 instead
2026-05-31 21:28:04,183 - __main__ - INFO - ?? Confirmation callback received: publish_now
2026-05-31 21:28:04,183 - __main__ - INFO - 🟢 PUBLISH NOW clicked - Starting clean unified publish process
2026-05-31 21:28:04,184 - __main__ - INFO - ➡️ Step 1: Posting album to main channel...
2026-05-31 21:28:10,012 - __main__ - INFO - ➡️ Step 2: Posting to stock channel...
2026-05-31 21:28:10,363 - __main__ - INFO - ➡️ Step 3: Saving to database...
2026-05-31 21:28:10,546 - __main__ - INFO - ✅ Finished execution sequence smoothly.
2026-06-03 20:21:03,816 - __main__ - INFO - ✅ SMYARDS BOT STARTED
2026-06-03 20:21:10,399 - __main__ - INFO - ✅ SMYARDS BOT STARTED
2026-06-03 20:22:23,818 - __main__ - INFO - YT-108 exists, using YT-198 instead
2026-06-03 20:22:56,092 - __main__ - INFO - ✅ Confirmation callback received: publish_now
2026-06-03 20:22:56,092 - __main__ - INFO - 🟢 PUBLISH NOW clicked - Starting clean unified publish process
2026-06-03 20:22:56,093 - __main__ - INFO - ➡️ Step 1: Posting album to main channel...
2026-06-03 20:23:01,771 - __main__ - INFO - ➡️ Step 2: Posting to stock channel...
2026-06-03 20:23:02,027 - __main__ - INFO - ➡️ Step 3: Saving to database...
2026-06-03 20:23:02,137 - __main__ - INFO - ✅ Finished execution sequence smoothly.
2026-06-03 20:24:01,907 - __main__ - INFO - ✅ SMYARDS BOT STARTED
2026-06-03 20:24:52,341 - __main__ - INFO - ✅ SMYARDS BOT STARTED
2026-06-03 20:28:26,619 - __main__ - ERROR - Error updating main post as sold: Timed out
2026-06-03 21:14:51,196 - __main__ - INFO - ✅ SMYARDS BOT STARTED
2026-06-07 22:39:38,224 - __main__ - INFO - ✅ SMYARDS BOT STARTED
2026-06-07 22:41:51,239 - __main__ - INFO - YT-108 exists, using YT-199 instead
2026-06-07 22:42:51,133 - __main__ - INFO - ✅ Confirmation callback received: publish_now
2026-06-07 22:42:51,134 - __main__ - INFO - 🟢 PUBLISH NOW clicked - Starting clean unified publish process
2026-06-07 22:42:51,134 - __main__ - INFO - ➡️ Step 1: Posting album to main channel...
2026-06-07 22:42:59,151 - __main__ - INFO - ➡️ Step 2: Posting to stock channel...
2026-06-07 22:42:59,517 - __main__ - INFO - ➡️ Step 3: Saving to database...
2026-06-07 22:42:59,640 - __main__ - INFO - ✅ Finished execution sequence smoothly.
2026-06-13 19:01:34,835 - __main__ - INFO - ✅ SMYARDS BOT STARTED
2026-06-13 19:02:36,325 - __main__ - INFO - YT-108 exists, using YT-200 instead
2026-06-13 19:03:17,457 - __main__ - INFO - ✅ Confirmation callback received: publish_now
2026-06-13 19:03:17,457 - __main__ - INFO - 🟢 PUBLISH NOW clicked - Starting clean unified publish process
2026-06-13 19:03:17,457 - __main__ - INFO - ➡️ Step 1: Posting album to main channel...
2026-06-13 19:03:23,260 - __main__ - INFO - ➡️ Step 2: Posting to stock channel...
2026-06-13 19:03:23,741 - __main__ - INFO - ➡️ Step 3: Saving to database...
2026-06-13 19:03:23,875 - __main__ - INFO - ✅ Finished execution sequence smoothly.
2026-06-13 19:18:47,988 - __main__ - ERROR - Update {'update_id': 814885862, 'callback_query': {'data': 'view_listings', 'message': {'delete_chat_photo': False, 'text': '🗂️ SMYARDS ADMIN PANEL\n━━━━━━━━━━━━━━━━━━━━━━\nSelect an option:', 'date': 1781366595, 'new_chat_photo': [], 'supergroup_chat_created': False, 'caption_entities': [], 'channel_chat_created': False, 'message_id': 3720, 'entities': [], 'chat': {'username': 'smyards', 'id': 6407498844, 'first_name': 'SMyards.com - Support', 'type': 'private'}, 'photo': [], 'group_chat_created': False, 'edit_date': 1781366603, 'new_chat_members': [], 'reply_markup': {'inline_keyboard': [[{'text': '➡️ NEW LISTING', 'callback_data': 'new_listing'}], [{'text': '📋 VIEW LISTINGS', 'callback_data': 'view_listings'}]]}, 'from': {'first_name': 'smyardsbot', 'username': 'smyardbot', 'is_bot': True, 'id': 8383643986}}, 'chat_instance': '5133442765675703877', 'id': '9073253910659289121', 'from': {'first_name': 'SMyards.com - Support', 'username': 'smyards', 'is_bot': False, 'language_code': 'en', 'id': 6407498844}}} caused error:
Traceback (most recent call last):
  File "C:\Users\Win10 Pro\AppData\Roaming\Python\Python311\site-packages\telegram\vendor\ptb_urllib3\urllib3\connectionpool.py", line 614, in urlopen
    httplib_response = self._make_request(conn, method, url,
                       ^^^^^^^^^^^^^^^^^^^^^^^^^^^^^^^^^^^^^
  File "C:\Users\Win10 Pro\AppData\Roaming\Python\Python311\site-packages\telegram\vendor\ptb_urllib3\urllib3\connectionpool.py", line 402, in _make_request
    six.raise_from(e, None)
  File "<string>", line 2, in raise_from
  File "C:\Users\Win10 Pro\AppData\Roaming\Python\Python311\site-packages\telegram\vendor\ptb_urllib3\urllib3\connectionpool.py", line 398, in _make_request
    httplib_response = conn.getresponse()
                       ^^^^^^^^^^^^^^^^^^
  File "C:\Program Files\Python311\Lib\http\client.py", line 1374, in getresponse
    response.begin()
  File "C:\Program Files\Python311\Lib\http\client.py", line 318, in begin
    version, status, reason = self._read_status()
                              ^^^^^^^^^^^^^^^^^^^
  File "C:\Program Files\Python311\Lib\http\client.py", line 287, in _read_status
    raise RemoteDisconnected("Remote end closed connection without"
http.client.RemoteDisconnected: Remote end closed connection without response

During handling of the above exception, another exception occurred:

Traceback (most recent call last):
  File "C:\Users\Win10 Pro\AppData\Roaming\Python\Python311\site-packages\telegram\utils\request.py", line 259, in _request_wrapper
    resp = self._con_pool.request(*args, **kwargs)
           ^^^^^^^^^^^^^^^^^^^^^^^^^^^^^^^^^^^^^^^
  File "C:\Users\Win10 Pro\AppData\Roaming\Python\Python311\site-packages\telegram\vendor\ptb_urllib3\urllib3\request.py", line 68, in request
    return self.request_encode_body(method, url, fields=fields,
           ^^^^^^^^^^^^^^^^^^^^^^^^^^^^^^^^^^^^^^^^^^^^^^^^^^^^
  File "C:\Users\Win10 Pro\AppData\Roaming\Python\Python311\site-packages\telegram\vendor\ptb_urllib3\urllib3\request.py", line 148, in request_encode_body
    return self.urlopen(method, url, **extra_kw)
           ^^^^^^^^^^^^^^^^^^^^^^^^^^^^^^^^^^^^^
  File "C:\Users\Win10 Pro\AppData\Roaming\Python\Python311\site-packages\telegram\vendor\ptb_urllib3\urllib3\poolmanager.py", line 244, in urlopen
    response = conn.urlopen(method, u.request_uri, **kw)
               ^^^^^^^^^^^^^^^^^^^^^^^^^^^^^^^^^^^^^^^^^
  File "C:\Users\Win10 Pro\AppData\Roaming\Python\Python311\site-packages\telegram\vendor\ptb_urllib3\urllib3\connectionpool.py", line 665, in urlopen
    retries = retries.increment(method, url, error=e, _pool=self,
              ^^^^^^^^^^^^^^^^^^^^^^^^^^^^^^^^^^^^^^^^^^^^^^^^^^^
  File "C:\Users\Win10 Pro\AppData\Roaming\Python\Python311\site-packages\telegram\vendor\ptb_urllib3\urllib3\util\retry.py", line 347, in increment
    raise six.reraise(type(error), error, _stacktrace)
          ^^^^^^^^^^^^^^^^^^^^^^^^^^^^^^^^^^^^^^^^^^^^
  File "C:\Users\Win10 Pro\AppData\Roaming\Python\Python311\site-packages\telegram\vendor\ptb_urllib3\urllib3\packages\six.py", line 685, in reraise
    raise value.with_traceback(tb)
  File "C:\Users\Win10 Pro\AppData\Roaming\Python\Python311\site-packages\telegram\vendor\ptb_urllib3\urllib3\connectionpool.py", line 614, in urlopen
    httplib_response = self._make_request(conn, method, url,
                       ^^^^^^^^^^^^^^^^^^^^^^^^^^^^^^^^^^^^^
  File "C:\Users\Win10 Pro\AppData\Roaming\Python\Python311\site-packages\telegram\vendor\ptb_urllib3\urllib3\connectionpool.py", line 402, in _make_request
    six.raise_from(e, None)
  File "<string>", line 2, in raise_from
  File "C:\Users\Win10 Pro\AppData\Roaming\Python\Python311\site-packages\telegram\vendor\ptb_urllib3\urllib3\connectionpool.py", line 398, in _make_request
    httplib_response = conn.getresponse()
                       ^^^^^^^^^^^^^^^^^^
  File "C:\Program Files\Python311\Lib\http\client.py", line 1374, in getresponse
    response.begin()
  File "C:\Program Files\Python311\Lib\http\client.py", line 318, in begin
    version, status, reason = self._read_status()
                              ^^^^^^^^^^^^^^^^^^^
  File "C:\Program Files\Python311\Lib\http\client.py", line 287, in _read_status
    raise RemoteDisconnected("Remote end closed connection without"
telegram.vendor.ptb_urllib3.urllib3.exceptions.ProtocolError: ('Connection aborted.', RemoteDisconnected('Remote end closed connection without response'))

The above exception was the direct cause of the following exception:

Traceback (most recent call last):
  File "C:\Users\Win10 Pro\AppData\Roaming\Python\Python311\site-packages\telegram\ext\dispatcher.py", line 557, in process_update
    handler.handle_update(update, self, check, context)
  File "C:\Users\Win10 Pro\AppData\Roaming\Python\Python311\site-packages\telegram\ext\conversationhandler.py", line 627, in handle_update
    new_state = handler.handle_update(update, dispatcher, check_result, context)
                ^^^^^^^^^^^^^^^^^^^^^^^^^^^^^^^^^^^^^^^^^^^^^^^^^^^^^^^^^^^^^^^^
  File "C:\Users\Win10 Pro\AppData\Roaming\Python\Python311\site-packages\telegram\ext\handler.py", line 199, in handle_update
    return self.callback(update, context)
           ^^^^^^^^^^^^^^^^^^^^^^^^^^^^^^
  File "C:\smyards_bot\bot_final_fixed.py", line 663, in admin_button_callback
    query.answer()
  File "C:\Users\Win10 Pro\AppData\Roaming\Python\Python311\site-packages\telegram\callbackquery.py", line 166, in answer
    return self.bot.answer_callback_query(
           ^^^^^^^^^^^^^^^^^^^^^^^^^^^^^^^
  File "C:\Users\Win10 Pro\AppData\Roaming\Python\Python311\site-packages\telegram\bot.py", line 134, in decorator
    result = func(*args, **kwargs)
             ^^^^^^^^^^^^^^^^^^^^^
  File "C:\Users\Win10 Pro\AppData\Roaming\Python\Python311\site-packages\telegram\bot.py", line 2793, in answer_callback_query
    result = self._post('answerCallbackQuery', data, timeout=timeout, api_kwargs=api_kwargs)
             ^^^^^^^^^^^^^^^^^^^^^^^^^^^^^^^^^^^^^^^^^^^^^^^^^^^^^^^^^^^^^^^^^^^^^^^^^^^^^^^
  File "C:\Users\Win10 Pro\AppData\Roaming\Python\Python311\site-packages\telegram\bot.py", line 299, in _post
    return self.request.post(
           ^^^^^^^^^^^^^^^^^^
  File "C:\Users\Win10 Pro\AppData\Roaming\Python\Python311\site-packages\telegram\utils\request.py", line 361, in post
    result = self._request_wrapper(
             ^^^^^^^^^^^^^^^^^^^^^^
  File "C:\Users\Win10 Pro\AppData\Roaming\Python\Python311\site-packages\telegram\utils\request.py", line 265, in _request_wrapper
    raise NetworkError(f'urllib3 HTTPError {error}') from error
telegram.error.NetworkError: urllib3 HTTPError ('Connection aborted.', RemoteDisconnected('Remote end closed connection without response'))
2026-06-13 19:18:59,938 - __main__ - INFO - ✅ SMYARDS BOT STARTED
2026-06-13 19:23:11,037 - __main__ - ERROR - Error updating main post as sold: Timed out
2026-06-14 18:58:03,262 - __main__ - INFO - ✅ SMYARDS BOT STARTED
2026-06-14 19:11:31,951 - __main__ - ERROR - Error updating main post as sold: Timed out
2026-06-14 20:35:18,014 - __main__ - INFO - ✅ SMYARDS BOT STARTED
2026-06-14 20:36:31,457 - __main__ - INFO - YT-108 exists, using YT-201 instead
2026-06-14 20:37:24,983 - __main__ - INFO - ✅ Confirmation callback received: publish_now
2026-06-14 20:37:24,983 - __main__ - INFO - 🟢 PUBLISH NOW clicked - Starting clean unified publish process
2026-06-14 20:37:24,984 - __main__ - INFO - ➡️ Step 1: Posting album to main channel...
2026-06-14 20:37:30,726 - __main__ - INFO - ➡️ Step 2: Posting to stock channel...
2026-06-14 20:37:31,006 - __main__ - INFO - ➡️ Step 3: Saving to database...
2026-06-14 20:37:31,114 - __main__ - INFO - ✅ Finished execution sequence smoothly.
2026-06-14 21:40:35,089 - __main__ - INFO - ✅ SMYARDS BOT STARTED
2026-06-14 21:44:11,901 - __main__ - INFO - ✅ SMYARDS BOT STARTED
2026-06-14 21:44:33,099 - __main__ - INFO - ✅ SMYARDS BOT STARTED
2026-06-14 21:49:14,586 - __main__ - INFO - ✅ SMYARDS BOT STARTED
2026-06-14 21:53:24,383 - __main__ - INFO - ✅ SMYARDS BOT STARTED
2026-06-14 21:56:11,918 - __main__ - INFO - ✅ SMYARDS BOT STARTED
2026-06-14 22:00:39,071 - __main__ - INFO - ✅ SMYARDS BOT STARTED
2026-06-14 22:22:17,619 - __main__ - INFO - ✅ SMYARDS BOT STARTED
2026-06-14 22:22:52,841 - __main__ - INFO - YT-108 exists, using YT-202 instead
2026-06-14 22:23:27,281 - __main__ - INFO - ✅ Confirmation callback received: publish_now
2026-06-14 22:23:27,282 - __main__ - INFO - 🟢 PUBLISH NOW clicked - Starting clean unified publish process
2026-06-14 22:23:27,282 - __main__ - INFO - ➡️ Step 1: Posting album to main channel...
2026-06-14 22:23:27,282 - __main__ - ERROR - ❌ Error during execution flow: publish_to_main_channel() got an unexpected keyword argument 'listing'
2026-06-14 22:23:27,285 - __main__ - ERROR - Traceback (most recent call last):
  File "C:\smyards_bot\bot_final_fixed.py", line 863, in admin_handle_confirmation
    main_message_id = publish_to_main_channel(
                      ^^^^^^^^^^^^^^^^^^^^^^^^
TypeError: publish_to_main_channel() got an unexpected keyword argument 'listing'

2026-06-14 22:25:44,433 - __main__ - INFO - ✅ SMYARDS BOT STARTED
2026-06-14 22:26:03,789 - __main__ - INFO - YT-108 exists, using YT-202 instead
2026-06-14 22:26:22,274 - __main__ - INFO - ✅ Confirmation callback received: publish_now
2026-06-14 22:26:22,275 - __main__ - INFO - 🟢 PUBLISH NOW clicked - Starting clean unified publish process
2026-06-14 22:26:22,275 - __main__ - INFO - ➡️ Step 1: Posting album to main channel...
2026-06-14 22:26:22,275 - __main__ - ERROR - ❌ Error during execution flow: publish_to_main_channel() got an unexpected keyword argument 'screenshots'
2026-06-14 22:26:22,278 - __main__ - ERROR - Traceback (most recent call last):
  File "C:\smyards_bot\bot_final_fixed.py", line 865, in admin_handle_confirmation
    main_message_id = publish_to_main_channel(
                      ^^^^^^^^^^^^^^^^^^^^^^^^
TypeError: publish_to_main_channel() got an unexpected keyword argument 'screenshots'

2026-06-14 22:27:28,934 - __main__ - INFO - ✅ SMYARDS BOT STARTED
2026-06-14 22:27:46,919 - __main__ - INFO - YT-108 exists, using YT-202 instead
2026-06-14 22:28:03,621 - __main__ - INFO - ✅ Confirmation callback received: publish_now
2026-06-14 22:28:03,622 - __main__ - INFO - 🟢 PUBLISH NOW clicked - Starting clean unified publish process
2026-06-14 22:28:03,622 - __main__ - INFO - ➡️ Step 1: Posting album to main channel...
2026-06-14 22:28:03,623 - __main__ - ERROR - ❌ Error during execution flow: publish_to_main_channel() missing 2 required positional arguments: 'context' and 'channel_chat_id'
2026-06-14 22:28:03,625 - __main__ - ERROR - Traceback (most recent call last):
  File "C:\smyards_bot\bot_final_fixed.py", line 866, in admin_handle_confirmation
    main_message_id = publish_to_main_channel(
                      ^^^^^^^^^^^^^^^^^^^^^^^^
TypeError: publish_to_main_channel() missing 2 required positional arguments: 'context' and 'channel_chat_id'

2026-06-14 22:30:44,215 - __main__ - INFO - ✅ SMYARDS BOT STARTED
2026-06-14 22:31:06,618 - __main__ - INFO - YT-108 exists, using YT-202 instead
2026-06-14 22:31:24,529 - __main__ - INFO - ✅ Confirmation callback received: publish_now
2026-06-14 22:31:24,529 - __main__ - INFO - 🟢 PUBLISH NOW clicked - Starting clean unified publish process
2026-06-14 22:31:24,530 - __main__ - INFO - ➡️ Step 1: Posting album to main channel...
2026-06-14 22:31:25,210 - __main__ - INFO - ➡️ Step 2: Posting to stock channel...
2026-06-14 22:31:30,519 - __main__ - INFO - ➡️ Step 3: Saving to database...
2026-06-14 22:31:30,845 - __main__ - INFO - ✅ Finished execution sequence smoothly.
2026-06-14 22:36:22,215 - __main__ - INFO - ✅ SMYARDS BOT STARTED
2026-06-14 22:36:47,218 - __main__ - INFO - YT-108 exists, using YT-203 instead
2026-06-14 22:37:06,870 - __main__ - INFO - ✅ Confirmation callback received: publish_now
2026-06-14 22:37:06,871 - __main__ - INFO - 🟢 PUBLISH NOW clicked - Starting clean unified publish process
2026-06-14 22:37:06,872 - __main__ - INFO - ➡️ Step 1: Posting album to main channel...
2026-06-14 22:37:07,728 - __main__ - INFO - ➡️ Step 2: Posting to stock channel...
2026-06-14 22:37:12,943 - __main__ - INFO - ➡️ Step 3: Saving to database...
2026-06-14 22:37:13,239 - __main__ - INFO - ✅ Finished execution sequence smoothly.
2026-06-15 21:23:04,399 - __main__ - INFO - ✅ SMYARDS BOT STARTED
2026-06-15 21:30:48,680 - __main__ - INFO - YT-108 exists, using YT-204 instead
2026-06-15 21:31:15,013 - __main__ - INFO - ✅ Confirmation callback received: publish_now
2026-06-15 21:31:15,014 - __main__ - INFO - 🟢 PUBLISH NOW clicked - Starting clean unified publish process
2026-06-15 21:31:15,014 - __main__ - INFO - ➡️ Step 1: Posting album to main channel...
2026-06-15 21:31:21,274 - __main__ - INFO - ➡️ Step 2: Posting to stock channel...
2026-06-15 21:31:21,997 - __main__ - INFO - ➡️ Step 3: Saving to database...
2026-06-15 21:31:22,166 - __main__ - INFO - ✅ Finished execution sequence smoothly.
2026-06-15 21:51:47,132 - __main__ - INFO - ✅ SMYARDS BOT STARTED
2026-06-16 17:54:51,169 - __main__ - INFO - ✅ SMYARDS BOT STARTED
2026-06-16 18:06:29,791 - __main__ - INFO - ✅ SMYARDS BOT STARTED
2026-06-16 18:06:33,376 - __main__ - INFO - ✅ SMYARDS BOT STARTED
2026-06-16 18:06:33,738 - __main__ - ERROR - Update None caused error:
Traceback (most recent call last):
  File "C:\Users\Win10 Pro\AppData\Roaming\Python\Python311\site-packages\telegram\ext\updater.py", line 651, in _network_loop_retry
    if not action_cb():
           ^^^^^^^^^^^
  File "C:\Users\Win10 Pro\AppData\Roaming\Python\Python311\site-packages\telegram\ext\updater.py", line 602, in polling_action_cb
    updates = self.bot.get_updates(
              ^^^^^^^^^^^^^^^^^^^^^
  File "C:\Users\Win10 Pro\AppData\Roaming\Python\Python311\site-packages\telegram\ext\extbot.py", line 228, in get_updates
    updates = super().get_updates(
              ^^^^^^^^^^^^^^^^^^^^
  File "C:\Users\Win10 Pro\AppData\Roaming\Python\Python311\site-packages\telegram\bot.py", line 134, in decorator
    result = func(*args, **kwargs)
             ^^^^^^^^^^^^^^^^^^^^^
  File "C:\Users\Win10 Pro\AppData\Roaming\Python\Python311\site-packages\telegram\bot.py", line 3140, in get_updates
    self._post(
  File "C:\Users\Win10 Pro\AppData\Roaming\Python\Python311\site-packages\telegram\bot.py", line 299, in _post
    return self.request.post(
           ^^^^^^^^^^^^^^^^^^
  File "C:\Users\Win10 Pro\AppData\Roaming\Python\Python311\site-packages\telegram\utils\request.py", line 361, in post
    result = self._request_wrapper(
             ^^^^^^^^^^^^^^^^^^^^^^
  File "C:\Users\Win10 Pro\AppData\Roaming\Python\Python311\site-packages\telegram\utils\request.py", line 283, in _request_wrapper
    raise Conflict(message)
telegram.error.Conflict: Conflict: terminated by other getUpdates request; make sure that only one bot instance is running
2026-06-16 18:06:38,256 - __main__ - INFO - ✅ SMYARDS BOT STARTED
2026-06-16 18:10:22,194 - __main__ - INFO - ✅ SMYARDS BOT STARTED
2026-06-16 18:30:45,505 - __main__ - ERROR - Update {'message': {'group_chat_created': False, 'text': '/start', 'caption_entities': [], 'supergroup_chat_created': False, 'message_id': 3911, 'new_chat_members': [], 'new_chat_photo': [], 'photo': [], 'entities': [{'length': 6, 'offset': 0, 'type': 'bot_command'}], 'delete_chat_photo': False, 'channel_chat_created': False, 'chat': {'username': 'elite4tube', 'first_name': 'EliteTube Support', 'type': 'private', 'id': 8764911864}, 'date': 1781623844, 'from': {'username': 'elite4tube', 'is_bot': False, 'id': 8764911864, 'first_name': 'EliteTube Support', 'language_code': 'en'}}, 'update_id': 814886043} caused error:
Traceback (most recent call last):
  File "C:\Users\Win10 Pro\AppData\Roaming\Python\Python311\site-packages\telegram\vendor\ptb_urllib3\urllib3\connectionpool.py", line 614, in urlopen
    httplib_response = self._make_request(conn, method, url,
                       ^^^^^^^^^^^^^^^^^^^^^^^^^^^^^^^^^^^^^
  File "C:\Users\Win10 Pro\AppData\Roaming\Python\Python311\site-packages\telegram\vendor\ptb_urllib3\urllib3\connectionpool.py", line 402, in _make_request
    six.raise_from(e, None)
  File "<string>", line 2, in raise_from
  File "C:\Users\Win10 Pro\AppData\Roaming\Python\Python311\site-packages\telegram\vendor\ptb_urllib3\urllib3\connectionpool.py", line 398, in _make_request
    httplib_response = conn.getresponse()
                       ^^^^^^^^^^^^^^^^^^
  File "C:\Program Files\Python311\Lib\http\client.py", line 1374, in getresponse
    response.begin()
  File "C:\Program Files\Python311\Lib\http\client.py", line 318, in begin
    version, status, reason = self._read_status()
                              ^^^^^^^^^^^^^^^^^^^
  File "C:\Program Files\Python311\Lib\http\client.py", line 287, in _read_status
    raise RemoteDisconnected("Remote end closed connection without"
http.client.RemoteDisconnected: Remote end closed connection without response

During handling of the above exception, another exception occurred:

Traceback (most recent call last):
  File "C:\Users\Win10 Pro\AppData\Roaming\Python\Python311\site-packages\telegram\utils\request.py", line 259, in _request_wrapper
    resp = self._con_pool.request(*args, **kwargs)
           ^^^^^^^^^^^^^^^^^^^^^^^^^^^^^^^^^^^^^^^
  File "C:\Users\Win10 Pro\AppData\Roaming\Python\Python311\site-packages\telegram\vendor\ptb_urllib3\urllib3\request.py", line 68, in request
    return self.request_encode_body(method, url, fields=fields,
           ^^^^^^^^^^^^^^^^^^^^^^^^^^^^^^^^^^^^^^^^^^^^^^^^^^^^
  File "C:\Users\Win10 Pro\AppData\Roaming\Python\Python311\site-packages\telegram\vendor\ptb_urllib3\urllib3\request.py", line 148, in request_encode_body
    return self.urlopen(method, url, **extra_kw)
           ^^^^^^^^^^^^^^^^^^^^^^^^^^^^^^^^^^^^^
  File "C:\Users\Win10 Pro\AppData\Roaming\Python\Python311\site-packages\telegram\vendor\ptb_urllib3\urllib3\poolmanager.py", line 244, in urlopen
    response = conn.urlopen(method, u.request_uri, **kw)
               ^^^^^^^^^^^^^^^^^^^^^^^^^^^^^^^^^^^^^^^^^
  File "C:\Users\Win10 Pro\AppData\Roaming\Python\Python311\site-packages\telegram\vendor\ptb_urllib3\urllib3\connectionpool.py", line 665, in urlopen
    retries = retries.increment(method, url, error=e, _pool=self,
              ^^^^^^^^^^^^^^^^^^^^^^^^^^^^^^^^^^^^^^^^^^^^^^^^^^^
  File "C:\Users\Win10 Pro\AppData\Roaming\Python\Python311\site-packages\telegram\vendor\ptb_urllib3\urllib3\util\retry.py", line 347, in increment
    raise six.reraise(type(error), error, _stacktrace)
          ^^^^^^^^^^^^^^^^^^^^^^^^^^^^^^^^^^^^^^^^^^^^
  File "C:\Users\Win10 Pro\AppData\Roaming\Python\Python311\site-packages\telegram\vendor\ptb_urllib3\urllib3\packages\six.py", line 685, in reraise
    raise value.with_traceback(tb)
  File "C:\Users\Win10 Pro\AppData\Roaming\Python\Python311\site-packages\telegram\vendor\ptb_urllib3\urllib3\connectionpool.py", line 614, in urlopen
    httplib_response = self._make_request(conn, method, url,
                       ^^^^^^^^^^^^^^^^^^^^^^^^^^^^^^^^^^^^^
  File "C:\Users\Win10 Pro\AppData\Roaming\Python\Python311\site-packages\telegram\vendor\ptb_urllib3\urllib3\connectionpool.py", line 402, in _make_request
    six.raise_from(e, None)
  File "<string>", line 2, in raise_from
  File "C:\Users\Win10 Pro\AppData\Roaming\Python\Python311\site-packages\telegram\vendor\ptb_urllib3\urllib3\connectionpool.py", line 398, in _make_request
    httplib_response = conn.getresponse()
                       ^^^^^^^^^^^^^^^^^^
  File "C:\Program Files\Python311\Lib\http\client.py", line 1374, in getresponse
    response.begin()
  File "C:\Program Files\Python311\Lib\http\client.py", line 318, in begin
    version, status, reason = self._read_status()
                              ^^^^^^^^^^^^^^^^^^^
  File "C:\Program Files\Python311\Lib\http\client.py", line 287, in _read_status
    raise RemoteDisconnected("Remote end closed connection without"
telegram.vendor.ptb_urllib3.urllib3.exceptions.ProtocolError: ('Connection aborted.', RemoteDisconnected('Remote end closed connection without response'))

The above exception was the direct cause of the following exception:

Traceback (most recent call last):
  File "C:\Users\Win10 Pro\AppData\Roaming\Python\Python311\site-packages\telegram\ext\dispatcher.py", line 557, in process_update
    handler.handle_update(update, self, check, context)
  File "C:\Users\Win10 Pro\AppData\Roaming\Python\Python311\site-packages\telegram\ext\conversationhandler.py", line 627, in handle_update
    new_state = handler.handle_update(update, dispatcher, check_result, context)
                ^^^^^^^^^^^^^^^^^^^^^^^^^^^^^^^^^^^^^^^^^^^^^^^^^^^^^^^^^^^^^^^^
  File "C:\Users\Win10 Pro\AppData\Roaming\Python\Python311\site-packages\telegram\ext\handler.py", line 199, in handle_update
    return self.callback(update, context)
           ^^^^^^^^^^^^^^^^^^^^^^^^^^^^^^
  File "C:\smyards_bot\bot_final_fixed.py", line 2889, in start
    return admin_start(update, context) if is_admin(update.effective_user.id) else customer_start(update, context)
                                                                                   ^^^^^^^^^^^^^^^^^^^^^^^^^^^^^^^
  File "C:\smyards_bot\bot_final_fixed.py", line 1703, in customer_start
    update.message.reply_text(text=dashboard_text, reply_markup=reply_markup, parse_mode=ParseMode.HTML)
  File "C:\Users\Win10 Pro\AppData\Roaming\Python\Python311\site-packages\telegram\message.py", line 977, in reply_text
    return self.bot.send_message(
           ^^^^^^^^^^^^^^^^^^^^^^
  File "C:\Users\Win10 Pro\AppData\Roaming\Python\Python311\site-packages\telegram\bot.py", line 134, in decorator
    result = func(*args, **kwargs)
             ^^^^^^^^^^^^^^^^^^^^^
  File "C:\Users\Win10 Pro\AppData\Roaming\Python\Python311\site-packages\telegram\bot.py", line 534, in send_message
    return self._message(  # type: ignore[return-value]
           ^^^^^^^^^^^^^^^^^^^^^^^^^^^^^^^^^^^^^^^^^^^^
  File "C:\Users\Win10 Pro\AppData\Roaming\Python\Python311\site-packages\telegram\ext\extbot.py", line 203, in _message
    result = super()._message(
             ^^^^^^^^^^^^^^^^^
  File "C:\Users\Win10 Pro\AppData\Roaming\Python\Python311\site-packages\telegram\bot.py", line 344, in _message
    result = self._post(endpoint, data, timeout=timeout, api_kwargs=api_kwargs)
             ^^^^^^^^^^^^^^^^^^^^^^^^^^^^^^^^^^^^^^^^^^^^^^^^^^^^^^^^^^^^^^^^^^
  File "C:\Users\Win10 Pro\AppData\Roaming\Python\Python311\site-packages\telegram\bot.py", line 299, in _post
    return self.request.post(
           ^^^^^^^^^^^^^^^^^^
  File "C:\Users\Win10 Pro\AppData\Roaming\Python\Python311\site-packages\telegram\utils\request.py", line 361, in post
    result = self._request_wrapper(
             ^^^^^^^^^^^^^^^^^^^^^^
  File "C:\Users\Win10 Pro\AppData\Roaming\Python\Python311\site-packages\telegram\utils\request.py", line 265, in _request_wrapper
    raise NetworkError(f'urllib3 HTTPError {error}') from error
telegram.error.NetworkError: urllib3 HTTPError ('Connection aborted.', RemoteDisconnected('Remote end closed connection without response'))
2026-06-16 18:30:52,653 - __main__ - INFO - ✅ SMYARDS BOT STARTED
2026-06-16 18:34:26,585 - __main__ - INFO - ✅ SMYARDS BOT STARTED
2026-06-16 18:35:25,315 - __main__ - INFO - Customer callback received: view_my_listings
2026-06-16 18:35:34,414 - __main__ - INFO - Customer callback received: back_to_customer_start
2026-06-16 18:35:35,921 - __main__ - INFO - Customer callback received: start_sell_flow
2026-06-16 18:36:08,530 - __main__ - INFO - Customer callback received: back_to_customer
2026-06-16 18:36:10,759 - __main__ - INFO - Customer callback received: customer_support
2026-06-16 18:36:17,474 - __main__ - INFO - Customer callback received: back_to_customer_start
2026-06-16 18:36:22,067 - __main__ - INFO - Customer callback received: view_my_listings
2026-06-16 18:36:24,570 - __main__ - INFO - Customer callback received: back_to_customer_start
2026-06-16 18:36:25,950 - __main__ - INFO - Customer callback received: start_sell_flow
2026-06-16 18:36:27,278 - __main__ - INFO - Customer callback received: back_to_customer
2026-06-16 18:36:42,713 - __main__ - INFO - Customer callback received: view_my_listings
2026-06-16 18:36:46,418 - __main__ - INFO - Customer callback received: back_to_customer_start
2026-06-16 18:37:01,626 - __main__ - INFO - Customer callback received: start_sell_flow
2026-06-16 18:37:09,360 - __main__ - INFO - Customer callback received: seller_list_account
2026-06-16 18:37:10,812 - __main__ - INFO - Customer callback received: customer_platform_YouTube
2026-06-16 18:37:12,228 - __main__ - INFO - Customer callback received: customer_type_Monetized Channel
2026-06-16 18:37:47,930 - __main__ - INFO - Customer callback received: customer_add_screenshots
2026-06-16 18:38:13,387 - __main__ - INFO - Customer callback received: customer_submit_listing
2026-06-16 18:38:50,383 - __main__ - INFO - Admin approving customer listing: CYT-015
2026-06-16 18:38:50,385 - __main__ - INFO - Customer listing ID: CYT-015 → New ID: YT-205 (Max found: 204)
2026-06-16 18:38:50,386 - __main__ - ERROR - Error approving listing: name 'create_screenshot_post' is not defined
Traceback (most recent call last):
  File "C:\smyards_bot\bot_final_fixed.py", line 2614, in approve_customer_listing
    screenshot_message_id = create_screenshot_post(listing_data, screenshots, context.bot)
                            ^^^^^^^^^^^^^^^^^^^^^^
NameError: name 'create_screenshot_post' is not defined
2026-06-16 18:39:35,691 - __main__ - INFO - Customer callback received: view_my_listings
2026-06-16 18:39:52,681 - __main__ - INFO - Customer callback received: manage_listing_YT-161
2026-06-16 18:39:54,685 - __main__ - INFO - Customer callback received: manage_listing_YT-160
2026-06-16 18:40:00,035 - __main__ - INFO - Customer callback received: manage_listing_YT-155
2026-06-16 18:50:35,200 - __main__ - INFO - ✅ SMYARDS BOT STARTED
2026-06-16 18:51:08,218 - __main__ - INFO - Customer callback received: view_my_listings
2026-06-16 18:51:14,510 - __main__ - INFO - Customer callback received: back_to_customer_start
2026-06-16 18:51:16,140 - __main__ - INFO - Customer callback received: start_sell_flow
2026-06-16 18:51:17,579 - __main__ - INFO - Customer callback received: back_to_customer
2026-06-16 18:51:21,051 - __main__ - INFO - Customer callback received: view_my_listings
2026-06-16 18:51:22,443 - __main__ - INFO - Customer callback received: back_to_customer_start
2026-06-16 18:51:28,969 - __main__ - INFO - Customer callback received: view_my_listings
2026-06-16 18:51:30,351 - __main__ - INFO - Customer callback received: back_to_customer_start
2026-06-16 18:51:31,592 - __main__ - INFO - Customer callback received: start_sell_flow
2026-06-16 18:51:34,008 - __main__ - INFO - Customer callback received: seller_list_account
2026-06-16 18:51:35,657 - __main__ - INFO - Customer callback received: customer_platform_YouTube
2026-06-16 18:51:36,835 - __main__ - INFO - Customer callback received: customer_type_Monetized Channel
2026-06-16 18:51:54,588 - __main__ - INFO - Customer callback received: customer_add_screenshots
2026-06-16 18:52:05,511 - __main__ - INFO - Customer callback received: customer_submit_listing
2026-06-16 18:52:11,643 - __main__ - INFO - Admin approving customer listing: CYT-016
2026-06-16 18:52:11,645 - __main__ - INFO - Customer listing ID: CYT-016 → New ID: YT-205 (Max found: 204)
2026-06-16 18:53:28,812 - __main__ - INFO - Customer callback received: view_my_listings
2026-06-16 18:53:42,435 - __main__ - INFO - Customer callback received: manage_listing_YT-205
2026-06-16 18:53:44,074 - __main__ - INFO - Customer callback received: manage_listing_CYT-016
2026-06-16 18:53:45,125 - __main__ - INFO - Customer callback received: manage_listing_CYT-015
2026-06-16 18:53:45,664 - __main__ - INFO - Customer callback received: manage_listing_CYT-016
2026-06-16 18:53:46,203 - __main__ - INFO - Customer callback received: manage_listing_YT-205
2026-06-16 18:53:54,390 - __main__ - INFO - Customer callback received: manage_listing_YT-205
2026-06-16 18:53:58,368 - __main__ - INFO - Customer callback received: manage_listing_YT-205
2026-06-16 18:55:32,654 - __main__ - INFO - Customer callback received: manage_listing_YT-205
2026-06-16 18:55:42,809 - __main__ - INFO - Customer callback received: manage_listing_YT-205
2026-06-16 18:55:43,445 - __main__ - INFO - Customer callback received: manage_listing_CYT-016
2026-06-16 18:55:44,495 - __main__ - INFO - Customer callback received: back_to_customer_start
2026-06-16 18:55:46,272 - __main__ - INFO - Customer callback received: view_my_listings
2026-06-16 18:57:26,793 - __main__ - INFO - Customer callback received: manage_listing_YT-205
2026-06-16 18:57:27,404 - __main__ - INFO - Customer callback received: manage_listing_CYT-016
2026-06-16 18:57:27,878 - __main__ - INFO - Customer callback received: manage_listing_CYT-015
2026-06-16 18:57:28,967 - __main__ - INFO - Customer callback received: manage_listing_CYT-016
2026-06-16 18:57:29,552 - __main__ - INFO - Customer callback received: manage_listing_YT-205
2026-06-16 19:31:22,337 - __main__ - ERROR - Update {'callback_query': {'message': {'text': '📦 Your Active Listings\n\nSelect a channel below to view details, update pricing, or mark as sold:', 'supergroup_chat_created': False, 'new_chat_photo': [], 'caption_entities': [], 'new_chat_members': [], 'edit_date': 1781625345, 'photo': [], 'entities': [{'type': 'bold', 'length': 20, 'offset': 3}], 'channel_chat_created': False, 'date': 1781625206, 'message_id': 3969, 'group_chat_created': False, 'delete_chat_photo': False, 'chat': {'username': 'elite4tube', 'id': 8764911864, 'type': 'private', 'first_name': 'EliteTube Support'}, 'reply_markup': {'inline_keyboard': [[{'callback_data': 'manage_listing_CYT-015', 'text': '🆔 CYT-015 | Gaming (PENDING)'}], [{'callback_data': 'manage_listing_CYT-016', 'text': '🆔 CYT-016 | Gaming (APPROVED)'}], [{'callback_data': 'manage_listing_YT-205', 'text': '🆔 YT-205 | Gaming (PUBLISHED)'}], [{'callback_data': 'back_to_customer_start', 'text': '🔙 Back to Dashboard'}]]}, 'from': {'username': 'smyardbot', 'first_name': 'smyardsbot', 'is_bot': True, 'id': 8383643986}}, 'chat_instance': '6604125014107041175', 'data': 'manage_listing_YT-205', 'id': '751521664873671672', 'from': {'username': 'elite4tube', 'first_name': 'EliteTube Support', 'is_bot': False, 'id': 8764911864, 'language_code': 'en'}}, 'update_id': 814886138} caused error:
Traceback (most recent call last):
  File "C:\Users\Win10 Pro\AppData\Roaming\Python\Python311\site-packages\telegram\vendor\ptb_urllib3\urllib3\connectionpool.py", line 614, in urlopen
    httplib_response = self._make_request(conn, method, url,
                       ^^^^^^^^^^^^^^^^^^^^^^^^^^^^^^^^^^^^^
  File "C:\Users\Win10 Pro\AppData\Roaming\Python\Python311\site-packages\telegram\vendor\ptb_urllib3\urllib3\connectionpool.py", line 402, in _make_request
    six.raise_from(e, None)
  File "<string>", line 2, in raise_from
  File "C:\Users\Win10 Pro\AppData\Roaming\Python\Python311\site-packages\telegram\vendor\ptb_urllib3\urllib3\connectionpool.py", line 398, in _make_request
    httplib_response = conn.getresponse()
                       ^^^^^^^^^^^^^^^^^^
  File "C:\Program Files\Python311\Lib\http\client.py", line 1374, in getresponse
    response.begin()
  File "C:\Program Files\Python311\Lib\http\client.py", line 318, in begin
    version, status, reason = self._read_status()
                              ^^^^^^^^^^^^^^^^^^^
  File "C:\Program Files\Python311\Lib\http\client.py", line 287, in _read_status
    raise RemoteDisconnected("Remote end closed connection without"
http.client.RemoteDisconnected: Remote end closed connection without response

During handling of the above exception, another exception occurred:

Traceback (most recent call last):
  File "C:\Users\Win10 Pro\AppData\Roaming\Python\Python311\site-packages\telegram\utils\request.py", line 259, in _request_wrapper
    resp = self._con_pool.request(*args, **kwargs)
           ^^^^^^^^^^^^^^^^^^^^^^^^^^^^^^^^^^^^^^^
  File "C:\Users\Win10 Pro\AppData\Roaming\Python\Python311\site-packages\telegram\vendor\ptb_urllib3\urllib3\request.py", line 68, in request
    return self.request_encode_body(method, url, fields=fields,
           ^^^^^^^^^^^^^^^^^^^^^^^^^^^^^^^^^^^^^^^^^^^^^^^^^^^^
  File "C:\Users\Win10 Pro\AppData\Roaming\Python\Python311\site-packages\telegram\vendor\ptb_urllib3\urllib3\request.py", line 148, in request_encode_body
    return self.urlopen(method, url, **extra_kw)
           ^^^^^^^^^^^^^^^^^^^^^^^^^^^^^^^^^^^^^
  File "C:\Users\Win10 Pro\AppData\Roaming\Python\Python311\site-packages\telegram\vendor\ptb_urllib3\urllib3\poolmanager.py", line 244, in urlopen
    response = conn.urlopen(method, u.request_uri, **kw)
               ^^^^^^^^^^^^^^^^^^^^^^^^^^^^^^^^^^^^^^^^^
  File "C:\Users\Win10 Pro\AppData\Roaming\Python\Python311\site-packages\telegram\vendor\ptb_urllib3\urllib3\connectionpool.py", line 665, in urlopen
    retries = retries.increment(method, url, error=e, _pool=self,
              ^^^^^^^^^^^^^^^^^^^^^^^^^^^^^^^^^^^^^^^^^^^^^^^^^^^
  File "C:\Users\Win10 Pro\AppData\Roaming\Python\Python311\site-packages\telegram\vendor\ptb_urllib3\urllib3\util\retry.py", line 347, in increment
    raise six.reraise(type(error), error, _stacktrace)
          ^^^^^^^^^^^^^^^^^^^^^^^^^^^^^^^^^^^^^^^^^^^^
  File "C:\Users\Win10 Pro\AppData\Roaming\Python\Python311\site-packages\telegram\vendor\ptb_urllib3\urllib3\packages\six.py", line 685, in reraise
    raise value.with_traceback(tb)
  File "C:\Users\Win10 Pro\AppData\Roaming\Python\Python311\site-packages\telegram\vendor\ptb_urllib3\urllib3\connectionpool.py", line 614, in urlopen
    httplib_response = self._make_request(conn, method, url,
                       ^^^^^^^^^^^^^^^^^^^^^^^^^^^^^^^^^^^^^
  File "C:\Users\Win10 Pro\AppData\Roaming\Python\Python311\site-packages\telegram\vendor\ptb_urllib3\urllib3\connectionpool.py", line 402, in _make_request
    six.raise_from(e, None)
  File "<string>", line 2, in raise_from
  File "C:\Users\Win10 Pro\AppData\Roaming\Python\Python311\site-packages\telegram\vendor\ptb_urllib3\urllib3\connectionpool.py", line 398, in _make_request
    httplib_response = conn.getresponse()
                       ^^^^^^^^^^^^^^^^^^
  File "C:\Program Files\Python311\Lib\http\client.py", line 1374, in getresponse
    response.begin()
  File "C:\Program Files\Python311\Lib\http\client.py", line 318, in begin
    version, status, reason = self._read_status()
                              ^^^^^^^^^^^^^^^^^^^
  File "C:\Program Files\Python311\Lib\http\client.py", line 287, in _read_status
    raise RemoteDisconnected("Remote end closed connection without"
telegram.vendor.ptb_urllib3.urllib3.exceptions.ProtocolError: ('Connection aborted.', RemoteDisconnected('Remote end closed connection without response'))

The above exception was the direct cause of the following exception:

Traceback (most recent call last):
  File "C:\Users\Win10 Pro\AppData\Roaming\Python\Python311\site-packages\telegram\ext\dispatcher.py", line 557, in process_update
    handler.handle_update(update, self, check, context)
  File "C:\Users\Win10 Pro\AppData\Roaming\Python\Python311\site-packages\telegram\ext\conversationhandler.py", line 627, in handle_update
    new_state = handler.handle_update(update, dispatcher, check_result, context)
                ^^^^^^^^^^^^^^^^^^^^^^^^^^^^^^^^^^^^^^^^^^^^^^^^^^^^^^^^^^^^^^^^
  File "C:\Users\Win10 Pro\AppData\Roaming\Python\Python311\site-packages\telegram\ext\handler.py", line 199, in handle_update
    return self.callback(update, context)
           ^^^^^^^^^^^^^^^^^^^^^^^^^^^^^^
  File "C:\smyards_bot\bot_final_fixed.py", line 2799, in customer_callback
    query.answer()
  File "C:\Users\Win10 Pro\AppData\Roaming\Python\Python311\site-packages\telegram\callbackquery.py", line 166, in answer
    return self.bot.answer_callback_query(
           ^^^^^^^^^^^^^^^^^^^^^^^^^^^^^^^
  File "C:\Users\Win10 Pro\AppData\Roaming\Python\Python311\site-packages\telegram\bot.py", line 134, in decorator
    result = func(*args, **kwargs)
             ^^^^^^^^^^^^^^^^^^^^^
  File "C:\Users\Win10 Pro\AppData\Roaming\Python\Python311\site-packages\telegram\bot.py", line 2793, in answer_callback_query
    result = self._post('answerCallbackQuery', data, timeout=timeout, api_kwargs=api_kwargs)
             ^^^^^^^^^^^^^^^^^^^^^^^^^^^^^^^^^^^^^^^^^^^^^^^^^^^^^^^^^^^^^^^^^^^^^^^^^^^^^^^
  File "C:\Users\Win10 Pro\AppData\Roaming\Python\Python311\site-packages\telegram\bot.py", line 299, in _post
    return self.request.post(
           ^^^^^^^^^^^^^^^^^^
  File "C:\Users\Win10 Pro\AppData\Roaming\Python\Python311\site-packages\telegram\utils\request.py", line 361, in post
    result = self._request_wrapper(
             ^^^^^^^^^^^^^^^^^^^^^^
  File "C:\Users\Win10 Pro\AppData\Roaming\Python\Python311\site-packages\telegram\utils\request.py", line 265, in _request_wrapper
    raise NetworkError(f'urllib3 HTTPError {error}') from error
telegram.error.NetworkError: urllib3 HTTPError ('Connection aborted.', RemoteDisconnected('Remote end closed connection without response'))
2026-06-16 19:31:24,685 - __main__ - INFO - Customer callback received: manage_listing_CYT-016
2026-06-16 19:33:26,346 - __main__ - INFO - Customer callback received: manage_listing_CYT-016
2026-06-16 19:37:06,080 - __main__ - INFO - Customer callback received: back_to_customer_start
2026-06-16 19:37:08,082 - __main__ - INFO - Customer callback received: start_sell_flow
2026-06-16 19:37:09,637 - __main__ - INFO - Customer callback received: seller_list_account
2026-06-16 19:37:11,288 - __main__ - INFO - Customer callback received: back_to_seller_info
2026-06-16 19:37:12,494 - __main__ - INFO - Customer callback received: back_to_customer
2026-06-16 19:37:15,219 - __main__ - INFO - Customer callback received: customer_support
2026-06-16 19:37:16,577 - __main__ - INFO - Customer callback received: back_to_customer_start
2026-06-16 19:37:22,689 - __main__ - INFO - Customer callback received: view_my_listings
2026-06-16 19:37:24,173 - __main__ - INFO - Customer callback received: manage_listing_YT-205
2026-06-16 19:37:25,637 - __main__ - INFO - Customer callback received: back_to_customer_start
2026-06-16 19:51:25,733 - __main__ - INFO - ✅ SMYARDS BOT STARTED
2026-06-16 19:51:36,325 - __main__ - INFO - Customer callback received: view_my_listings
2026-06-16 19:51:45,040 - __main__ - INFO - Customer callback received: manage_item_YT-205
2026-06-16 19:51:54,110 - __main__ - INFO - Customer callback received: return_listings_view
2026-06-16 19:51:55,669 - __main__ - INFO - Customer callback received: back_to_customer_start
2026-06-16 19:52:02,881 - __main__ - INFO - Customer callback received: start_sell_flow
2026-06-16 19:52:04,207 - __main__ - INFO - Customer callback received: seller_list_account
2026-06-16 19:52:05,395 - __main__ - INFO - Customer callback received: customer_platform_YouTube
2026-06-16 19:52:07,153 - __main__ - INFO - Customer callback received: customer_type_Monetized Channel
2026-06-16 19:52:27,876 - __main__ - INFO - Customer callback received: customer_add_screenshots
2026-06-16 19:52:43,269 - __main__ - INFO - Customer callback received: customer_submit_listing
2026-06-16 19:53:02,813 - __main__ - INFO - Admin approving customer listing: CYT-017
2026-06-16 19:53:02,815 - __main__ - INFO - Customer listing ID: CYT-017 → New ID: YT-206 (Max found: 205)
2026-06-16 19:53:43,248 - __main__ - INFO - Customer callback received: view_my_listings
2026-06-16 19:53:45,800 - __main__ - INFO - Customer callback received: manage_item_YT-206
2026-06-16 19:53:49,400 - __main__ - INFO - Customer callback received: customer_trigger_sold
2026-06-16 19:53:51,487 - __main__ - INFO - Customer callback received: customer_confirm_sold_execution
2026-06-16 20:09:02,575 - __main__ - INFO - ✅ SMYARDS BOT STARTED
2026-06-16 20:09:29,620 - __main__ - INFO - Customer callback received: view_my_listings
2026-06-16 20:09:31,460 - __main__ - INFO - Customer callback received: back_to_customer_start
2026-06-16 20:09:36,273 - __main__ - INFO - Customer callback received: view_my_listings
2026-06-16 20:09:37,821 - __main__ - INFO - Customer callback received: back_to_customer_start
2026-06-16 20:13:23,290 - __main__ - INFO - ✅ SMYARDS BOT STARTED
2026-06-16 20:13:53,926 - __main__ - INFO - Customer callback received: view_my_listings
2026-06-16 20:13:55,172 - __main__ - INFO - Customer callback received: back_to_customer_start
2026-06-16 20:13:57,908 - __main__ - INFO - Customer callback received: start_sell_flow
2026-06-16 20:13:59,082 - __main__ - INFO - Customer callback received: back_to_customer
2026-06-16 20:16:28,369 - __main__ - INFO - ✅ SMYARDS BOT STARTED
2026-06-16 20:16:46,841 - __main__ - INFO - Customer callback received: view_my_listings
2026-06-16 20:16:48,395 - __main__ - INFO - Customer callback received: back_to_customer_start
2026-06-16 20:16:52,471 - __main__ - INFO - Customer callback received: view_my_listings
2026-06-16 20:16:53,683 - __main__ - INFO - Customer callback received: back_to_customer_start
2026-06-16 20:18:36,423 - __main__ - INFO - ✅ SMYARDS BOT STARTED
2026-06-16 20:18:58,624 - __main__ - INFO - Customer callback received: view_my_listings
2026-06-16 20:19:00,154 - __main__ - INFO - Customer callback received: back_to_customer_start
2026-06-16 20:19:05,971 - __main__ - INFO - Customer callback received: view_my_listings
2026-06-16 20:19:07,588 - __main__ - INFO - Customer callback received: back_to_customer_start
2026-06-16 20:20:32,820 - __main__ - INFO - ✅ SMYARDS BOT STARTED
2026-06-16 20:20:49,425 - __main__ - INFO - Customer callback received: view_my_listings
2026-06-16 20:20:51,573 - __main__ - INFO - Customer callback received: back_to_customer_start
2026-06-16 20:20:55,110 - __main__ - INFO - Customer callback received: view_my_listings
2026-06-16 20:20:56,326 - __main__ - INFO - Customer callback received: back_to_customer_start
2026-06-16 20:23:17,670 - __main__ - INFO - ✅ SMYARDS BOT STARTED
2026-06-16 20:23:23,744 - __main__ - INFO - Customer callback received: view_my_listings
2026-06-16 20:23:25,138 - __main__ - INFO - Customer callback received: back_to_customer_start
2026-06-16 20:23:27,853 - __main__ - INFO - Customer callback received: start_sell_flow
2026-06-16 20:23:50,614 - __main__ - INFO - Customer callback received: view_my_listings
2026-06-16 20:23:51,749 - __main__ - INFO - Customer callback received: back_to_customer_start
2026-06-16 20:23:57,090 - __main__ - INFO - Customer callback received: start_sell_flow
2026-06-16 20:28:02,692 - __main__ - INFO - ✅ SMYARDS BOT STARTED
2026-06-16 20:28:32,629 - __main__ - INFO - ✅ SMYARDS BOT STARTED
2026-06-16 20:28:37,541 - __main__ - INFO - Customer callback received: view_my_listings
2026-06-16 20:28:38,502 - __main__ - INFO - Customer callback received: back_to_customer_start
2026-06-16 20:28:39,353 - __main__ - INFO - Customer callback received: start_sell_flow
2026-06-16 20:58:07,519 - __main__ - INFO - ✅ SMYARDS BOT STARTED
2026-06-16 20:58:14,810 - __main__ - INFO - Customer callback received: view_my_listings
2026-06-16 20:58:15,935 - __main__ - INFO - Customer callback received: back_to_customer_start
2026-06-16 20:58:17,293 - __main__ - INFO - Customer callback received: start_sell_flow
2026-06-16 20:58:30,432 - __main__ - INFO - Customer callback received: customer_support
2026-06-16 20:58:31,515 - __main__ - INFO - Customer callback received: back_to_customer_start
2026-06-16 20:58:32,550 - __main__ - INFO - Customer callback received: view_my_listings
2026-06-16 20:58:35,655 - __main__ - INFO - Customer callback received: manage_item_YT-206
2026-06-16 20:58:40,708 - __main__ - INFO - Customer callback received: return_listings_view
2026-06-16 20:58:48,988 - __main__ - INFO - Customer callback received: back_to_customer_start
2026-06-16 20:58:54,622 - __main__ - INFO - Customer callback received: start_sell_flow
2026-06-16 20:59:00,226 - __main__ - INFO - Customer callback received: start_sell_flow
2026-06-16 21:05:15,226 - __main__ - INFO - ✅ SMYARDS BOT STARTED
2026-06-16 21:06:01,252 - __main__ - INFO - ✅ SMYARDS BOT STARTED
2026-06-16 21:06:05,862 - __main__ - INFO - Customer callback received: view_my_listings
2026-06-16 21:06:06,848 - __main__ - INFO - Customer callback received: back_to_customer_start
2026-06-16 21:06:07,974 - __main__ - INFO - Customer callback received: start_sell_flow
2026-06-16 21:25:23,059 - __main__ - INFO - ✅ SMYARDS BOT STARTED
2026-06-16 21:25:43,254 - __main__ - INFO - Customer callback received: view_my_listings
2026-06-16 21:25:48,802 - __main__ - INFO - Customer callback received: back_to_customer_start
2026-06-16 21:25:50,172 - __main__ - INFO - Customer callback received: start_sell_flow
2026-06-16 21:25:51,365 - __main__ - INFO - Customer callback received: back_to_customer
2026-06-16 21:25:57,637 - __main__ - INFO - Customer callback received: buyer_start
2026-06-16 21:26:09,796 - __main__ - INFO - Customer callback received: back_to_customer
2026-06-16 21:26:12,160 - __main__ - INFO - Customer callback received: customer_support
2026-06-16 21:26:16,326 - __main__ - INFO - Customer callback received: back_to_customer_start
2026-06-16 21:26:23,663 - __main__ - INFO - Customer callback received: buyer_start
2026-06-16 21:26:25,634 - __main__ - INFO - Customer callback received: back_to_customer
2026-06-16 21:26:26,850 - __main__ - INFO - Customer callback received: view_my_listings
2026-06-16 21:26:28,197 - __main__ - INFO - Customer callback received: manage_item_YT-205
2026-06-16 21:26:31,572 - __main__ - INFO - Customer callback received: return_listings_view
2026-06-16 21:26:32,968 - __main__ - INFO - Customer callback received: back_to_customer_start
2026-06-16 21:27:55,132 - __main__ - INFO - Customer callback received: start_sell_flow
2026-06-16 21:27:56,793 - __main__ - INFO - Customer callback received: seller_list_account
2026-06-16 21:27:58,188 - __main__ - INFO - Customer callback received: customer_platform_YouTube
2026-06-16 21:27:59,374 - __main__ - INFO - Customer callback received: customer_type_Monetized Channel
2026-06-16 21:28:17,224 - __main__ - INFO - Customer callback received: customer_add_screenshots
2026-06-16 21:28:28,457 - __main__ - INFO - Customer callback received: customer_submit_listing
2026-06-16 21:28:44,197 - __main__ - INFO - Admin approving customer listing: CYT-018
2026-06-16 21:28:44,199 - __main__ - INFO - Customer listing ID: CYT-018 → New ID: YT-207 (Max found: 206)
2026-06-16 21:29:16,038 - __main__ - INFO - Customer callback received: view_my_listings
2026-06-16 21:29:17,639 - __main__ - INFO - Customer callback received: manage_item_YT-207
2026-06-16 21:29:19,354 - __main__ - INFO - Customer callback received: return_listings_view
2026-06-16 21:29:20,779 - __main__ - INFO - Customer callback received: back_to_customer_start
2026-06-17 20:50:45,630 - __main__ - INFO - ✅ SMYARDS BOT STARTED
2026-06-17 20:50:50,243 - __main__ - INFO - Customer callback received: buyer_start
2026-06-17 20:50:51,700 - __main__ - INFO - Customer callback received: back_to_customer
2026-06-17 20:50:53,725 - __main__ - INFO - Customer callback received: view_my_listings
2026-06-18 12:55:15,387 - __main__ - INFO - ✅ Flask webhook server started on port 8080
2026-06-18 12:55:15,390 - __main__ - INFO - ✅ SMYARDS BOT STARTED
2026-06-18 12:56:33,501 - __main__ - INFO - Customer callback received: view_my_listings
2026-06-18 12:56:45,950 - __main__ - INFO - Customer callback received: back_to_customer_start
2026-06-18 12:56:48,277 - __main__ - INFO - Customer callback received: buyer_start
2026-06-18 12:56:51,321 - __main__ - INFO - Customer callback received: back_to_customer
2026-06-18 12:56:54,885 - __main__ - INFO - Customer callback received: start_sell_flow
2026-06-18 12:56:58,792 - __main__ - INFO - Customer callback received: back_to_customer
2026-06-18 12:57:17,098 - __main__ - INFO - Customer callback received: new_listing
2026-06-18 12:57:17,099 - __main__ - WARNING - ❌ UNHANDLED CALLBACK DATA: new_listing
2026-06-18 12:57:22,679 - __main__ - INFO - Customer callback received: view_listings
2026-06-18 12:57:22,680 - __main__ - WARNING - ❌ UNHANDLED CALLBACK DATA: view_listings
2026-06-18 12:57:26,450 - __main__ - INFO - Customer callback received: new_listing
2026-06-18 12:57:26,451 - __main__ - WARNING - ❌ UNHANDLED CALLBACK DATA: new_listing
2026-06-18 12:57:27,783 - __main__ - INFO - Customer callback received: view_listings
2026-06-18 12:57:27,783 - __main__ - WARNING - ❌ UNHANDLED CALLBACK DATA: view_listings
2026-06-18 13:05:08,326 - __main__ - INFO - ✅ Flask webhook server started on port 8080
2026-06-18 13:05:08,326 - __main__ - INFO - ✅ SMYARDS BOT STARTED
2026-06-18 13:05:41,458 - __main__ - INFO - Customer callback received: buyer_start
2026-06-18 13:05:42,938 - __main__ - INFO - Customer callback received: back_to_customer
2026-06-18 13:05:44,334 - __main__ - INFO - Customer callback received: start_sell_flow
2026-06-18 13:05:45,661 - __main__ - INFO - Customer callback received: back_to_customer
2026-06-18 13:05:47,018 - __main__ - INFO - Customer callback received: view_my_listings
2026-06-18 13:05:48,648 - __main__ - INFO - Customer callback received: back_to_customer_start
2026-06-18 13:05:56,858 - __main__ - INFO - ✅ Flask webhook server started on port 8080
2026-06-18 13:05:56,859 - __main__ - INFO - ✅ SMYARDS BOT STARTED
2026-06-18 13:07:09,623 - __main__ - INFO - Customer callback received: buyer_start
2026-06-18 13:07:10,988 - __main__ - INFO - Customer callback received: back_to_customer
2026-06-18 13:07:12,695 - __main__ - INFO - Customer callback received: view_my_listings
2026-06-18 13:07:14,070 - __main__ - INFO - Customer callback received: back_to_customer_start
2026-06-18 13:27:33,313 - __main__ - INFO - ✅ Flask webhook server started on port 8080
2026-06-18 13:27:33,314 - __main__ - INFO - ✅ SMYARDS BOT STARTED
2026-06-18 13:34:07,283 - __main__ - INFO - ✅ Flask webhook server started on port 8080
2026-06-18 13:34:07,283 - __main__ - INFO - ✅ SMYARDS BOT STARTED
2026-06-18 13:34:40,173 - __main__ - INFO - Customer callback received: buyer_start
2026-06-18 13:34:41,549 - __main__ - INFO - Customer callback received: back_to_customer
2026-06-18 13:34:42,866 - __main__ - INFO - Customer callback received: start_sell_flow
2026-06-18 13:34:44,139 - __main__ - INFO - Customer callback received: back_to_customer
2026-06-18 13:34:46,136 - __main__ - INFO - Customer callback received: view_my_listings
2026-06-18 13:34:47,356 - __main__ - INFO - Customer callback received: back_to_customer_start
2026-06-18 13:34:53,067 - __main__ - INFO - Customer callback received: open_dashboard
2026-06-18 13:35:12,499 - __main__ - INFO - ✅ Flask webhook server started on port 8080
2026-06-18 13:35:12,499 - __main__ - INFO - ✅ SMYARDS BOT STARTED
2026-06-18 13:41:23,502 - __main__ - INFO - Customer callback received: open_dashboard
2026-06-18 14:12:00,113 - __main__ - INFO - ✅ Flask webhook server started on port 8080
2026-06-18 14:12:00,113 - __main__ - INFO - ✅ SMYARDS BOT STARTED
2026-06-18 14:14:04,453 - __main__ - INFO - Customer callback received: buyer_start
2026-06-18 14:14:05,788 - __main__ - INFO - Customer callback received: back_to_customer
2026-06-18 14:14:06,969 - __main__ - INFO - Customer callback received: start_sell_flow
2026-06-18 14:14:08,050 - __main__ - INFO - Customer callback received: back_to_customer
2026-06-18 14:14:10,200 - __main__ - INFO - Customer callback received: view_my_listings
2026-06-18 14:14:12,642 - __main__ - INFO - Customer callback received: manage_item_YT-207
2026-06-18 14:14:22,505 - __main__ - INFO - Customer callback received: return_listings_view
2026-06-18 14:14:29,150 - __main__ - INFO - Customer callback received: back_to_customer_start
2026-06-18 14:14:43,091 - __main__ - INFO - Customer callback received: customer_support
2026-06-18 14:14:48,364 - __main__ - INFO - Customer callback received: back_to_customer_start
2026-06-18 14:26:53,863 - __main__ - INFO - ✅ Flask webhook server started on port 8080
2026-06-18 14:26:53,863 - __main__ - INFO - ✅ SMYARDS BOT STARTED
2026-06-18 14:27:12,073 - __main__ - INFO - Customer callback received: buyer_start
2026-06-18 14:27:13,610 - __main__ - INFO - Customer callback received: back_to_customer
2026-06-18 14:27:14,866 - __main__ - INFO - Customer callback received: start_sell_flow
2026-06-18 14:27:16,077 - __main__ - INFO - Customer callback received: back_to_customer
2026-06-18 14:27:20,150 - __main__ - INFO - Customer callback received: view_my_listings
2026-06-18 14:27:23,013 - __main__ - INFO - Customer callback received: back_to_customer_start
2026-06-18 15:38:52,104 - __main__ - INFO - ✅ Flask webhook server started on port 8080
2026-06-18 15:38:52,104 - __main__ - INFO - ✅ SMYARDS BOT STARTED
2026-06-21 15:30:37,527 - __main__ - INFO - ✅ Flask webhook server started on port 8080
2026-06-21 15:30:37,528 - __main__ - INFO - ✅ SMYARDS BOT STARTED
2026-06-21 15:31:39,280 - __main__ - INFO - Customer callback received: view_my_listings
2026-06-21 15:31:40,703 - __main__ - INFO - Customer callback received: back_to_customer_start
2026-06-21 15:31:45,843 - __main__ - INFO - Customer callback received: start_sell_flow
2026-06-21 15:31:47,514 - __main__ - INFO - Customer callback received: seller_list_account
2026-06-21 15:31:49,004 - __main__ - INFO - Customer callback received: customer_platform_YouTube
2026-06-21 15:31:50,074 - __main__ - INFO - Customer callback received: customer_type_Monetized Channel
2026-06-21 15:32:04,308 - __main__ - INFO - Customer callback received: customer_add_screenshots
2026-06-21 15:32:19,051 - __main__ - INFO - Customer callback received: customer_submit_listing
2026-06-21 15:32:22,803 - __main__ - INFO - Admin approving customer listing: YT-208
2026-06-21 15:32:22,805 - __main__ - INFO - Approving customer listing with pre-assigned ID: YT-208
2026-06-21 15:32:22,805 - __main__ - ERROR - Error approving listing: name 'platform' is not defined
Traceback (most recent call last):
  File "C:\smyards_bot\bot_final_fixed (claude)\bot_final_fixed.py", line 3110, in approve_customer_listing
    'platform': platform,
                ^^^^^^^^
NameError: name 'platform' is not defined
2026-06-21 15:35:07,414 - __main__ - INFO - ✅ Flask webhook server started on port 8080
2026-06-21 15:35:07,415 - __main__ - INFO - ✅ SMYARDS BOT STARTED
2026-06-21 15:35:21,262 - __main__ - INFO - Customer callback received: start_sell_flow
2026-06-21 15:35:22,449 - __main__ - INFO - Customer callback received: seller_list_account
2026-06-21 15:35:23,927 - __main__ - INFO - Customer callback received: customer_platform_YouTube
2026-06-21 15:35:25,100 - __main__ - INFO - Customer callback received: customer_type_Monetized Channel
2026-06-21 15:35:39,860 - __main__ - INFO - Customer callback received: customer_add_screenshots
2026-06-21 15:35:50,555 - __main__ - INFO - Customer callback received: customer_submit_listing
2026-06-21 15:35:53,665 - __main__ - INFO - Admin approving customer listing: YT-209
2026-06-21 15:35:53,667 - __main__ - INFO - Approving customer listing with pre-assigned ID: YT-209
2026-06-21 15:38:22,547 - __main__ - INFO - ✅ Flask webhook server started on port 8080
2026-06-21 15:38:22,548 - __main__ - INFO - ✅ SMYARDS BOT STARTED
2026-06-21 15:38:34,426 - __main__ - INFO - Customer callback received: start_sell_flow
2026-06-21 15:38:35,790 - __main__ - INFO - Customer callback received: seller_list_account
2026-06-21 15:38:37,038 - __main__ - INFO - Customer callback received: customer_platform_YouTube
2026-06-21 15:38:38,126 - __main__ - INFO - Customer callback received: customer_type_Monetized Channel
2026-06-21 15:39:00,448 - __main__ - INFO - Customer callback received: customer_add_screenshots
2026-06-21 15:39:12,531 - __main__ - INFO - Customer callback received: customer_submit_listing
2026-06-21 15:39:16,346 - __main__ - INFO - Admin approving customer listing: YT-210
2026-06-21 15:39:16,348 - __main__ - INFO - Approving customer listing with pre-assigned ID: YT-210
2026-06-21 15:49:31,538 - __main__ - INFO - ✅ Flask webhook server started on port 8080
2026-06-21 15:49:31,538 - __main__ - INFO - ✅ SMYARDS BOT STARTED
2026-06-21 15:49:44,981 - __main__ - INFO - Customer callback received: start_sell_flow
2026-06-21 15:49:46,216 - __main__ - INFO - Customer callback received: seller_list_account
2026-06-21 15:49:47,482 - __main__ - INFO - Customer callback received: customer_platform_YouTube
2026-06-21 15:49:48,647 - __main__ - INFO - Customer callback received: customer_type_Monetized Channel
2026-06-21 15:50:02,212 - __main__ - INFO - Customer callback received: customer_add_screenshots
2026-06-21 15:50:15,838 - __main__ - INFO - Customer callback received: customer_submit_listing
2026-06-21 15:50:19,269 - __main__ - INFO - Admin approving customer listing: YT-211
2026-06-21 15:50:19,271 - __main__ - INFO - Approving customer listing with pre-assigned ID: YT-211
2026-06-21 15:50:50,267 - __main__ - INFO - Customer callback received: browse_platform_YouTube
2026-06-21 15:51:01,661 - __main__ - INFO - Customer callback received: browse_page_1
2026-06-21 15:51:21,907 - __main__ - INFO - Customer callback received: browse_page_2
2026-06-21 15:51:26,942 - __main__ - INFO - Customer callback received: browse_page_3
2026-06-21 15:51:29,877 - __main__ - INFO - Customer callback received: browse_page_4
2026-06-21 15:51:38,251 - __main__ - INFO - Customer callback received: browse_page_5
2026-06-21 15:51:45,654 - __main__ - INFO - Customer callback received: browse_view_YT-176
2026-06-21 15:52:07,106 - __main__ - INFO - Customer callback received: browse_page_5
2026-06-21 15:52:08,628 - __main__ - INFO - Customer callback received: browse_page_6
2026-06-21 15:52:11,896 - __main__ - INFO - Customer callback received: browse_view_YT-162
2026-06-21 15:52:15,509 - __main__ - INFO - Customer callback received: browse_page_6
2026-06-21 15:52:17,276 - __main__ - INFO - Customer callback received: browse_page_7
2026-06-21 15:52:22,147 - __main__ - INFO - Customer callback received: browse_filter_menu
2026-06-21 15:52:33,879 - __main__ - INFO - Customer callback received: browse_set_keyword
2026-06-21 15:52:47,778 - __main__ - INFO - Customer callback received: browse_apply_filters
2026-06-21 15:52:50,426 - __main__ - INFO - Customer callback received: browse_page_1
2026-06-21 15:52:51,790 - __main__ - INFO - Customer callback received: browse_page_2
2026-06-21 15:52:52,983 - __main__ - INFO - Customer callback received: browse_page_3
2026-06-21 15:52:55,604 - __main__ - INFO - Customer callback received: back_to_customer_start
2026-06-21 15:53:10,277 - __main__ - ERROR - Error in deep link buy: table orders has no column named listing_id
2026-06-21 15:53:51,119 - __main__ - ERROR - Error in deep link buy: table orders has no column named listing_id
2026-06-21 15:54:05,347 - __main__ - INFO - Customer callback received: browse_platform_YouTube
2026-06-21 15:54:08,622 - __main__ - INFO - Customer callback received: back_to_customer_start
2026-06-21 15:54:12,113 - __main__ - INFO - Customer callback received: view_my_listings
2026-06-21 15:54:15,598 - __main__ - INFO - Customer callback received: back_to_customer_start
2026-06-21 15:54:25,649 - __main__ - ERROR - Error in deep link buy: table orders has no column named listing_id
2026-06-21 16:02:58,027 - __main__ - INFO - ✅ Flask webhook server started on port 8080
2026-06-21 16:02:58,028 - __main__ - INFO - ✅ SMYARDS BOT STARTED
2026-06-21 16:03:26,050 - __main__ - INFO - Customer callback received: start_sell_flow
2026-06-21 16:03:27,376 - __main__ - INFO - Customer callback received: seller_list_account
2026-06-21 16:03:28,771 - __main__ - INFO - Customer callback received: customer_platform_YouTube
2026-06-21 16:03:30,578 - __main__ - INFO - Customer callback received: customer_type_Monetized Channel
2026-06-21 16:03:43,488 - __main__ - INFO - Customer callback received: customer_add_screenshots
2026-06-21 16:03:55,374 - __main__ - INFO - Customer callback received: customer_submit_listing
2026-06-21 16:03:58,159 - __main__ - INFO - Admin approving customer listing: YT-212
2026-06-21 16:03:58,161 - __main__ - INFO - Approving customer listing with pre-assigned ID: YT-212
2026-06-21 16:04:12,072 - __main__ - INFO - Customer callback received: back_to_customer_start
2026-06-21 16:04:42,681 - __main__ - INFO - Customer callback received: back_to_customer_start
2026-06-21 16:05:03,097 - __main__ - ERROR - Error in deep link buy: name 'listing_id' is not defined
Traceback (most recent call last):
  File "C:\smyards_bot\bot_final_fixed (claude)\bot_final_fixed.py", line 3509, in handle_deep_link_buy
    listing_id,
    ^^^^^^^^^^
NameError: name 'listing_id' is not defined
2026-06-21 16:05:35,212 - __main__ - INFO - Customer callback received: browse_platform_YouTube
2026-06-21 16:05:37,351 - __main__ - INFO - Customer callback received: browse_page_1
2026-06-21 16:05:39,126 - __main__ - INFO - Customer callback received: browse_page_2
2026-06-21 16:05:40,733 - __main__ - INFO - Customer callback received: browse_page_3
2026-06-21 16:05:45,238 - __main__ - INFO - Customer callback received: browse_page_4
2026-06-21 16:05:46,698 - __main__ - INFO - Customer callback received: browse_view_YT-186
2026-06-21 16:05:50,971 - __main__ - INFO - Customer callback received: buy_from_browse_YT-186
2026-06-21 16:05:53,183 - __main__ - INFO - Customer callback received: browse_page_4
2026-06-21 16:05:56,361 - __main__ - INFO - Customer callback received: back_to_customer_start
2026-06-21 16:06:10,926 - __main__ - INFO - Customer callback received: buyer_start
2026-06-21 16:06:12,430 - __main__ - INFO - Customer callback received: enter_product_id
2026-06-21 16:06:46,449 - __main__ - INFO - Customer callback received: pay_usdt
2026-06-21 16:07:01,485 - __main__ - INFO - Customer callback received: back_to_payment_methods
2026-06-21 16:07:03,198 - __main__ - INFO - Customer callback received: back_to_escrow_info
2026-06-21 16:07:05,013 - __main__ - INFO - Customer callback received: back_to_customer
2026-06-21 21:25:39,087 - __main__ - INFO - ✅ Flask webhook server started on port 8080
2026-06-21 21:25:39,088 - __main__ - INFO - ✅ SMYARDS BOT STARTED
2026-06-21 21:26:13,028 - __main__ - INFO - Customer callback received: start_sell_flow
2026-06-21 21:26:14,198 - __main__ - INFO - Customer callback received: seller_list_account
2026-06-21 21:26:15,324 - __main__ - INFO - Customer callback received: customer_platform_YouTube
2026-06-21 21:26:16,530 - __main__ - INFO - Customer callback received: customer_type_Monetized Channel
2026-06-21 21:26:30,702 - __main__ - INFO - Customer callback received: customer_add_screenshots
2026-06-21 21:27:12,391 - __main__ - INFO - Customer callback received: customer_submit_listing
2026-06-21 21:27:21,101 - __main__ - INFO - Admin approving customer listing: YT-213
2026-06-21 21:27:21,105 - __main__ - INFO - Approving customer listing with pre-assigned ID: YT-213
2026-06-21 21:27:46,810 - __main__ - INFO - Customer callback received: back_to_customer_start
2026-06-21 21:28:12,274 - __main__ - INFO - Customer callback received: confirm_pay_escrow_YT-213
2026-06-21 21:28:13,028 - __main__ - ERROR - Cryptomus invoice error: {'message': 'Api not active.'}
2026-06-21 21:28:13,032 - __main__ - ERROR - Cryptomus invoice failed for order YT#0005
2026-06-21 21:28:34,778 - __main__ - INFO - Customer callback received: buyer_start
2026-06-21 21:28:36,061 - __main__ - INFO - Customer callback received: enter_product_id
2026-06-21 21:28:42,205 - __main__ - INFO - Customer callback received: confirm_pay_escrow_YT-213
2026-06-21 21:28:42,696 - __main__ - ERROR - Cryptomus invoice error: {'message': 'Api not active.'}
2026-06-21 21:28:42,700 - __main__ - ERROR - Cryptomus invoice failed for order YT#0006
2026-06-21 22:37:20,616 - __main__ - INFO - Added seller_id column to orders table
2026-06-21 22:37:20,623 - __main__ - INFO - Added transaction_group_link column to orders table
2026-06-21 22:37:20,629 - __main__ - INFO - Added payment_confirmed_at column to orders table
2026-06-21 22:37:20,636 - __main__ - INFO - Added completed_at column to orders table
2026-06-21 22:37:20,643 - __main__ - INFO - Added order_status column to orders table
2026-06-21 22:37:20,651 - __main__ - INFO - ✅ Flask webhook server started on port 8080
2026-06-21 22:37:20,651 - __main__ - INFO - ✅ SMYARDS BOT STARTED
2026-06-21 22:37:29,961 - __main__ - INFO - ✅ Flask webhook server started on port 8080
2026-06-21 22:37:29,961 - __main__ - INFO - ✅ SMYARDS BOT STARTED
2026-06-21 22:38:26,411 - __main__ - INFO - Customer callback received: customer_my_orders
2026-06-21 22:38:31,435 - __main__ - INFO - Customer callback received: back_to_customer_start
2026-06-21 22:38:35,658 - __main__ - INFO - Customer callback received: start_sell_flow
2026-06-21 22:38:36,926 - __main__ - INFO - Customer callback received: back_to_customer
2026-06-21 22:38:38,046 - __main__ - INFO - Customer callback received: buyer_start
2026-06-21 22:38:39,311 - __main__ - INFO - Customer callback received: back_to_customer
2026-06-21 22:38:43,430 - __main__ - INFO - Customer callback received: back_to_customer_start
2026-06-21 22:38:45,425 - __main__ - INFO - Customer callback received: customer_support
2026-06-21 22:38:46,750 - __main__ - INFO - Customer callback received: back_to_customer_start
2026-06-21 22:41:16,599 - __main__ - INFO - ✅ Flask webhook server started on port 8080
2026-06-21 22:41:16,600 - __main__ - INFO - ✅ SMYARDS BOT STARTED
2026-06-21 22:44:37,160 - __main__ - INFO - ✅ Flask webhook server started on port 8080
2026-06-21 22:44:37,161 - __main__ - INFO - ✅ SMYARDS BOT STARTED
2026-06-21 22:52:32,751 - __main__ - INFO - ✅ Flask webhook server started on port 8080
2026-06-21 22:52:32,751 - __main__ - INFO - ✅ SMYARDS BOT STARTED
2026-06-22 15:20:49,657 - __main__ - INFO - ✅ Flask webhook server started on port 8080
2026-06-22 15:20:49,657 - __main__ - INFO - ✅ SMYARDS BOT STARTED
2026-06-22 15:23:16,032 - __main__ - INFO - Customer callback received: customer_my_orders
2026-06-22 15:23:23,125 - __main__ - INFO - Customer callback received: back_to_customer_start
2026-06-22 15:23:32,231 - __main__ - INFO - Customer callback received: back_to_customer_start
2026-06-22 15:23:33,343 - __main__ - INFO - Customer callback received: start_sell_flow
2026-06-22 15:23:39,140 - __main__ - INFO - Customer callback received: back_to_customer
2026-06-22 15:23:46,792 - __main__ - INFO - Customer callback received: buyer_start
2026-06-22 15:23:48,701 - __main__ - INFO - Customer callback received: enter_product_id
2026-06-22 15:24:00,016 - __main__ - INFO - Customer callback received: confirm_pay_escrow_YT-202
2026-06-22 15:24:00,232 - __main__ - INFO - Seller 6407498844 notified for order YT#0007
2026-06-22 15:24:01,071 - __main__ - ERROR - Cryptomus invoice error: {'message': 'Api not active.'}
2026-06-22 15:24:01,076 - __main__ - ERROR - Cryptomus invoice failed for order YT#0007
2026-06-22 16:15:00,005 - __main__ - INFO - ✅ Flask webhook server started on port 8080
2026-06-22 16:15:00,005 - __main__ - INFO - ✅ SMYARDS BOT STARTED
2026-06-22 16:15:19,342 - __main__ - INFO - Customer callback received: buyer_start
2026-06-22 16:15:20,584 - __main__ - INFO - Customer callback received: enter_product_id
2026-06-22 16:15:45,965 - __main__ - INFO - Customer callback received: confirm_pay_escrow_YT-198
2026-06-22 16:15:46,187 - __main__ - INFO - Admin notified for new order YT#0008
2026-06-22 16:15:46,830 - __main__ - ERROR - Cryptomus invoice error: {'message': 'Api not active.'}
2026-06-22 16:15:46,835 - __main__ - ERROR - Cryptomus invoice failed for order YT#0008
2026-06-22 20:29:14,167 - __main__ - INFO - ✅ Flask webhook server started on port 8080
2026-06-22 20:29:14,170 - __main__ - INFO - ✅ SMYARDS BOT STARTED
2026-06-22 20:29:35,256 - __main__ - INFO - Customer callback received: buyer_start
2026-06-22 20:29:36,539 - __main__ - INFO - Customer callback received: enter_product_id
2026-06-22 20:30:02,492 - __main__ - INFO - Customer callback received: confirm_pay_escrow_YT-191
2026-06-22 20:30:02,690 - __main__ - INFO - Admin notified for new order YT#0009
2026-06-22 20:30:04,470 - __main__ - ERROR - Cryptomus invoice error: {'message': 'Api not active.'}
2026-06-22 20:30:04,475 - __main__ - ERROR - Cryptomus invoice failed for order YT#0009
2026-06-24 18:05:11,589 - __main__ - INFO - ✅ Flask webhook server started on port 8080
2026-06-24 18:05:11,593 - __main__ - INFO - ✅ SMYARDS BOT STARTED
2026-06-24 18:05:28,357 - __main__ - INFO - Customer callback received: buyer_start
2026-06-24 18:05:30,214 - __main__ - INFO - Customer callback received: enter_product_id
2026-06-24 18:05:56,854 - __main__ - INFO - Customer callback received: confirm_pay_escrow_YT-202
2026-06-24 18:05:57,149 - __main__ - INFO - Admin notified for new order YT#0010
2026-06-24 18:05:58,081 - __main__ - ERROR - Cryptomus invoice error: {'message': 'Api not active.'}
2026-06-24 18:05:58,222 - __main__ - ERROR - Cryptomus invoice failed for order YT#0010
2026-06-24 18:08:36,913 - __main__ - INFO - Customer callback received: customer_my_orders
2026-06-24 18:08:41,160 - __main__ - INFO - Customer callback received: customer_order_10
2026-06-25 21:40:47,864 - __main__ - INFO - ✅ Flask webhook server started on port 8080
2026-06-25 21:40:47,864 - __main__ - INFO - ✅ SMYARDS BOT STARTED
2026-06-25 21:40:59,607 - __main__ - INFO - Customer callback received: customer_my_orders
2026-06-25 21:41:03,116 - __main__ - INFO - Customer callback received: customer_order_10
2026-06-25 21:41:14,263 - __main__ - INFO - Customer callback received: customer_my_orders
2026-06-25 21:41:15,450 - __main__ - INFO - Customer callback received: back_to_customer_start
2026-06-25 21:41:17,283 - __main__ - INFO - Customer callback received: buyer_start
2026-06-25 21:41:20,889 - __main__ - INFO - Customer callback received: enter_product_id
2026-06-25 21:42:03,353 - __main__ - INFO - Customer callback received: confirm_pay_escrow_YT-191
2026-06-25 21:42:03,569 - __main__ - INFO - Admin notified for new order YT#0011
2026-06-25 21:42:03,569 - __main__ - WARNING - No valid seller_id for order YT#0011. seller_id=6407498844
2026-06-25 21:42:04,494 - __main__ - ERROR - Cryptomus invoice error: {'message': 'Api not active.'}
2026-06-25 21:42:04,498 - __main__ - ERROR - Cryptomus invoice failed for order YT#0011
2026-06-25 21:58:30,260 - __main__ - INFO - ✅ Flask webhook server started on port 8080
2026-06-25 21:58:30,261 - __main__ - INFO - ✅ SMYARDS BOT STARTED
2026-06-25 21:58:42,954 - __main__ - INFO - Customer callback received: buyer_start
2026-06-25 21:58:44,375 - __main__ - INFO - Customer callback received: enter_product_id
2026-06-25 21:58:57,970 - __main__ - INFO - Customer callback received: confirm_pay_escrow_YT-188
2026-06-25 21:58:58,160 - __main__ - INFO - Admin notified for new order YT#0011
2026-06-25 21:58:58,160 - __main__ - INFO - About to notify seller. seller_id=6407498844, OWNER_ID=6407498844
2026-06-25 21:58:58,160 - __main__ - WARNING - Skipping seller notification: seller_id=6407498844 (expected: non-admin ID)
2026-06-25 21:58:58,740 - __main__ - ERROR - Cryptomus invoice error: {'message': 'Api not active.'}
2026-06-25 21:58:58,744 - __main__ - ERROR - Cryptomus invoice failed for order YT#0011
2026-06-25 22:09:51,514 - __main__ - INFO - ✅ Flask webhook server started on port 8080
2026-06-25 22:09:51,514 - __main__ - INFO - ✅ SMYARDS BOT STARTED
2026-06-25 22:12:24,335 - __main__ - INFO - Customer callback received: customer_my_orders
2026-06-25 22:12:29,661 - __main__ - INFO - Customer callback received: back_to_customer_start
2026-06-25 22:12:31,720 - __main__ - INFO - Customer callback received: buyer_start
2026-06-25 22:12:32,972 - __main__ - INFO - Customer callback received: enter_product_id
2026-06-25 22:12:44,688 - __main__ - INFO - Customer callback received: confirm_pay_escrow_YT-185
2026-06-25 22:12:44,916 - __main__ - INFO - ✅ Admin notified of new order YT#0012 (waiting for payment)
2026-06-25 22:12:44,916 - __main__ - INFO - About to notify seller. seller_id=6407498844, OWNER_ID=6407498844
2026-06-25 22:12:44,916 - __main__ - WARNING - Skipping seller notification: seller_id=6407498844 (expected: non-admin ID)
2026-06-25 22:12:45,472 - __main__ - ERROR - Cryptomus invoice error: {'message': 'Api not active.'}
2026-06-25 22:12:45,476 - __main__ - ERROR - Cryptomus invoice failed for order YT#0012
2026-06-25 22:38:15,052 - __main__ - INFO - ✅ Flask webhook server started on port 8080
2026-06-25 22:38:15,052 - __main__ - INFO - ✅ SMYARDS BOT STARTED
2026-06-25 22:42:03,342 - __main__ - INFO - Customer callback received: customer_my_orders
2026-06-25 22:42:06,654 - __main__ - INFO - Customer callback received: customer_order_12
2026-06-25 22:42:17,272 - __main__ - INFO - Customer callback received: customer_my_orders
2026-06-25 22:42:18,565 - __main__ - INFO - Customer callback received: customer_order_12
2026-06-25 22:42:46,275 - __main__ - INFO - Customer callback received: customer_my_orders
2026-06-25 22:42:47,682 - __main__ - INFO - Customer callback received: back_to_customer_start
2026-06-27 16:11:15,088 - __main__ - INFO - ✅ Flask webhook server started on port 8080
2026-06-27 16:11:15,089 - __main__ - INFO - ✅ SMYARDS BOT STARTED
2026-06-27 16:11:22,317 - __main__ - INFO - ✅ Flask webhook server started on port 8080
2026-06-27 16:11:22,318 - __main__ - INFO - ✅ SMYARDS BOT STARTED
2026-06-27 16:20:04,575 - __main__ - INFO - ✅ Flask webhook server started on port 8080
2026-06-27 16:20:04,575 - __main__ - INFO - ✅ SMYARDS BOT STARTED
2026-06-27 16:20:15,901 - __main__ - INFO - Customer callback received: back_to_customer_start
2026-06-27 16:20:21,013 - __main__ - INFO - Customer callback received: buyer_start
2026-06-27 16:20:22,680 - __main__ - INFO - Customer callback received: enter_product_id
2026-06-27 16:20:36,335 - __main__ - INFO - Customer callback received: seller_start
2026-06-27 16:20:38,075 - __main__ - INFO - Customer callback received: back_to_customer
2026-06-27 16:20:40,067 - __main__ - INFO - Customer callback received: buyer_start
2026-06-27 16:20:41,277 - __main__ - INFO - Customer callback received: back_to_customer
2026-06-27 16:20:43,213 - __main__ - INFO - Customer callback received: view_my_listings
2026-06-27 16:20:47,490 - __main__ - INFO - Customer callback received: manage_item_YT-213
2026-06-27 16:20:50,275 - __main__ - INFO - Customer callback received: return_listings_view
2026-06-27 16:20:51,640 - __main__ - INFO - Customer callback received: back_to_customer_start
2026-06-27 16:20:54,144 - __main__ - INFO - Customer callback received: user_profile_feedback
2026-06-27 16:21:11,292 - __main__ - INFO - Customer callback received: transactions_log
2026-06-27 16:21:23,646 - __main__ - INFO - Customer callback received: customer_support
2026-06-27 16:21:26,138 - __main__ - INFO - Customer callback received: back_to_customer_start
2026-06-27 16:28:14,572 - __main__ - INFO - ✅ Flask webhook server started on port 8080
2026-06-27 16:28:14,573 - __main__ - INFO - ✅ SMYARDS BOT STARTED
2026-06-27 16:38:44,060 - __main__ - INFO - ✅ Flask webhook server started on port 8080
2026-06-27 16:38:44,061 - __main__ - INFO - ✅ SMYARDS BOT STARTED
2026-06-27 16:39:03,071 - __main__ - INFO - Customer callback received: customer_my_orders
2026-06-27 16:39:09,014 - __main__ - INFO - Customer callback received: customer_order_6
2026-06-27 16:39:16,793 - __main__ - INFO - Customer callback received: customer_my_orders
2026-06-27 16:39:18,029 - __main__ - INFO - Customer callback received: back_to_customer_start
2026-06-27 16:39:22,091 - __main__ - INFO - Customer callback received: seller_start
2026-06-27 16:39:23,598 - __main__ - INFO - Customer callback received: back_to_customer
2026-06-27 16:39:27,458 - __main__ - INFO - Customer callback received: browse_platform_YouTube
2026-06-27 16:39:30,964 - __main__ - INFO - Customer callback received: browse_page_1
2026-06-27 16:39:32,656 - __main__ - INFO - Customer callback received: browse_page_2
2026-06-27 16:39:33,947 - __main__ - INFO - Customer callback received: browse_page_1
2026-06-27 16:39:34,774 - __main__ - INFO - Customer callback received: browse_page_0
2026-06-27 16:39:36,683 - __main__ - INFO - Customer callback received: browse_view_YT-209
2026-06-27 16:40:56,815 - __main__ - INFO - Customer callback received: browse_page_0
2026-06-27 17:11:09,196 - __main__ - INFO - ✅ Flask webhook server started on port 8080
2026-06-27 17:11:09,197 - __main__ - INFO - ✅ SMYARDS BOT STARTED
2026-06-27 17:12:35,314 - __main__ - INFO - Customer callback received: customer_my_orders
2026-06-27 17:12:41,079 - __main__ - INFO - Customer callback received: customer_order_12
2026-06-27 17:12:44,014 - __main__ - INFO - Customer callback received: customer_my_orders
2026-06-27 17:12:45,191 - __main__ - INFO - Customer callback received: back_to_customer_start
2026-06-27 17:12:48,000 - __main__ - INFO - Customer callback received: buyer_start
2026-06-27 17:12:49,160 - __main__ - INFO - Customer callback received: enter_product_id
2026-06-27 17:13:35,081 - __main__ - INFO - Customer callback received: confirm_pay_escrow_YT-178
2026-06-27 17:13:38,923 - __main__ - INFO - Customer callback received: confirm_pay_escrow_YT-178
2026-06-27 17:13:40,478 - __main__ - INFO - Customer callback received: confirm_pay_escrow_YT-178
2026-06-27 17:13:41,170 - __main__ - INFO - Customer callback received: confirm_pay_escrow_YT-178
2026-06-27 17:13:41,422 - __main__ - INFO - Customer callback received: confirm_pay_escrow_YT-178
2026-06-27 17:14:13,069 - __main__ - INFO - Customer callback received: confirm_pay_escrow_YT-178
2026-06-27 17:15:46,617 - __main__ - INFO - ✅ Flask webhook server started on port 8080
2026-06-27 17:15:46,618 - __main__ - INFO - ✅ SMYARDS BOT STARTED
2026-06-27 17:15:53,772 - __main__ - INFO - Customer callback received: buyer_start
2026-06-27 17:15:54,896 - __main__ - INFO - Customer callback received: enter_product_id
2026-06-27 17:15:59,174 - __main__ - INFO - Customer callback received: confirm_pay_escrow_YT-178
2026-06-27 17:15:59,251 - __main__ - INFO - [ORDER-DEBUG] Fetching listing YT-178 to get seller info...
2026-06-27 17:15:59,252 - __main__ - INFO - [ORDER-DEBUG] ✅ Listing found! created_by=6407498844, seller_contact=https://t.me/submarket7
2026-06-27 17:15:59,252 - __main__ - WARNING - [ORDER-DEBUG] Not fetching seller username: seller_id=6407498844, OWNER_ID=6407498844
2026-06-27 17:15:59,253 - __main__ - INFO - [ORDER-DEBUG] Saving order with seller_id=6407498844...
2026-06-27 17:15:59,262 - __main__ - INFO - [ORDER-DEBUG] ✅ Order saved! seller_id in DB=6407498844
2026-06-27 17:15:59,367 - __main__ - INFO - ✅ Admin notified of new order YT#0013 (waiting for payment)
2026-06-27 17:15:59,368 - __main__ - INFO - [ORDER-DEBUG] About to notify seller. seller_id=6407498844, OWNER_ID=6407498844
2026-06-27 17:15:59,368 - __main__ - WARNING - [ORDER-DEBUG] SKIPPING seller notification: seller_id=6407498844
2026-06-27 17:16:00,165 - __main__ - ERROR - Cryptomus invoice error: {'message': 'Api not active.'}
2026-06-27 17:16:00,167 - __main__ - ERROR - Cryptomus invoice failed for order YT#0013
2026-06-27 19:56:22,911 - __main__ - INFO - ✅ Flask webhook server started on port 8080
2026-06-27 19:56:22,911 - __main__ - INFO - ✅ SMYARDS BOT STARTED
2026-06-28 17:53:29,077 - __main__ - INFO - ✅ Flask webhook server started on port 8080
2026-06-28 17:53:29,077 - __main__ - INFO - ✅ SMYARDS BOT STARTED
2026-06-28 17:54:12,415 - __main__ - INFO - Customer callback received: back_to_customer_start
2026-06-28 17:54:41,774 - __main__ - INFO - Customer callback received: customer_my_orders
2026-06-28 17:54:44,924 - __main__ - INFO - Customer callback received: customer_order_13
2026-06-28 17:54:49,082 - __main__ - INFO - Customer callback received: customer_my_orders
2026-06-28 17:54:50,291 - __main__ - INFO - Customer callback received: back_to_customer_start
2026-06-28 17:55:21,067 - __main__ - INFO - Customer callback received: buyer_start
2026-06-28 17:55:22,418 - __main__ - INFO - Customer callback received: enter_product_id
2026-06-28 17:55:26,570 - __main__ - INFO - Customer callback received: confirm_pay_escrow_YT-177
2026-06-28 17:55:26,649 - __main__ - INFO - [ORDER-DEBUG] Fetching listing YT-177...
2026-06-28 17:55:26,649 - __main__ - ERROR - [ORDER-DEBUG] ❌ CRITICAL ERROR: no such column: seller_telegram_id
Traceback (most recent call last):
  File "C:\smyards_bot\bot_final_fixed (claude)\bot_final_fixed.py", line 2983, in confirm_pay_escrow
    cursor.execute("""
sqlite3.OperationalError: no such column: seller_telegram_id
2026-06-28 17:59:34,538 - __main__ - INFO - Customer callback received: browse_platform_YouTube
2026-06-28 17:59:45,578 - __main__ - INFO - Customer callback received: browse_platform_YouTube
2026-06-28 17:59:47,081 - __main__ - INFO - Customer callback received: browse_page_1
2026-06-28 17:59:54,832 - __main__ - INFO - Customer callback received: browse_page_2
2026-06-28 18:00:02,710 - __main__ - INFO - Customer callback received: browse_view_YT-199
2026-06-28 18:00:38,571 - __main__ - INFO - Customer callback received: browse_page_2
2026-06-28 18:00:41,619 - __main__ - INFO - Customer callback received: browse_view_YT-196
2026-06-28 18:00:54,822 - __main__ - INFO - Customer callback received: browse_page_2
2026-06-28 18:00:57,524 - __main__ - INFO - Customer callback received: browse_view_YT-199
2026-06-28 18:01:21,306 - __main__ - INFO - Customer callback received: browse_page_2
2026-06-28 18:01:23,997 - __main__ - INFO - Customer callback received: back_to_customer_start
2026-06-28 18:01:26,059 - __main__ - INFO - Customer callback received: transactions_log
2026-06-28 18:01:28,369 - __main__ - INFO - Customer callback received: transactions_log
2026-06-28 18:02:27,575 - __main__ - INFO - Customer callback received: transactions_log
2026-06-28 18:02:50,954 - __main__ - INFO - ✅ Flask webhook server started on port 8080
2026-06-28 18:02:50,954 - __main__ - INFO - ✅ SMYARDS BOT STARTED
2026-06-28 18:03:04,903 - __main__ - INFO - Customer callback received: transactions_log
2026-06-28 18:03:46,976 - __main__ - INFO - Customer callback received: user_profile_feedback
2026-06-28 18:04:10,889 - __main__ - INFO - Customer callback received: customer_support
2026-06-28 18:04:12,200 - __main__ - INFO - Customer callback received: back_to_customer_start
2026-06-28 18:04:14,600 - __main__ - INFO - Customer callback received: transactions_log
2026-06-28 18:05:53,411 - __main__ - INFO - ✅ Flask webhook server started on port 8080
2026-06-28 18:05:53,414 - __main__ - INFO - ✅ SMYARDS BOT STARTED
2026-06-28 18:07:43,060 - __main__ - INFO - ✅ Flask webhook server started on port 8080
2026-06-28 18:07:43,061 - __main__ - INFO - ✅ SMYARDS BOT STARTED
2026-06-28 18:08:25,691 - __main__ - INFO - Customer callback received: browse_platform_YouTube
2026-06-28 18:09:39,547 - __main__ - INFO - Customer callback received: browse_filter_menu
2026-06-28 18:09:43,115 - __main__ - INFO - Customer callback received: browse_set_subs
2026-06-28 18:09:48,642 - __main__ - INFO - Customer callback received: browse_apply_filters
2026-06-28 18:09:55,987 - __main__ - INFO - Customer callback received: browse_page_1
2026-06-28 18:10:00,283 - __main__ - INFO - Customer callback received: browse_view_YT-202
2026-06-28 18:10:12,063 - __main__ - INFO - Customer callback received: browse_page_1
2026-06-28 18:10:14,698 - __main__ - INFO - Customer callback received: browse_view_YT-205
2026-06-28 18:10:34,493 - __main__ - INFO - Customer callback received: browse_page_1
2026-06-28 18:10:36,475 - __main__ - INFO - Customer callback received: browse_page_2
2026-06-28 18:10:38,242 - __main__ - INFO - Customer callback received: browse_page_3
2026-06-28 18:10:39,665 - __main__ - INFO - Customer callback received: browse_view_YT-191
2026-06-28 18:10:49,078 - __main__ - INFO - Customer callback received: browse_page_3
2026-06-28 18:10:52,263 - __main__ - INFO - Customer callback received: back_to_customer_start
2026-06-28 18:10:56,034 - __main__ - INFO - Customer callback received: browse_filter_menu
2026-06-28 18:11:00,368 - __main__ - INFO - Customer callback received: browse_toggle_monetized
2026-06-28 18:11:07,494 - __main__ - INFO - Customer callback received: browse_toggle_monetized
2026-06-28 18:11:08,730 - __main__ - INFO - Customer callback received: browse_toggle_monetized
2026-06-28 18:11:11,988 - __main__ - INFO - Customer callback received: browse_apply_filters
2026-06-28 18:11:16,077 - __main__ - INFO - Customer callback received: back_to_customer_start
2026-06-28 18:11:17,773 - __main__ - INFO - Customer callback received: customer_my_orders
2026-06-28 18:11:21,211 - __main__ - INFO - Customer callback received: back_to_customer_start
2026-06-28 18:11:22,639 - __main__ - INFO - Customer callback received: view_my_listings
2026-06-28 18:11:24,998 - __main__ - INFO - Customer callback received: back_to_customer_start
2026-06-28 18:11:27,188 - __main__ - INFO - Customer callback received: transactions_log
2026-06-28 18:11:53,780 - __main__ - ERROR - Error marking order completed: invalid literal for int() with base 10: 'mark_completed_13'
Traceback (most recent call last):
  File "c:\smyards_bot\bot_final_fixed (claude)\bot_final_fixed.py", line 4829, in admin_mark_order_completed
    return admin_view_order_detail(update, context)
           ^^^^^^^^^^^^^^^^^^^^^^^^^^^^^^^^^^^^^^^^
  File "c:\smyards_bot\bot_final_fixed (claude)\bot_final_fixed.py", line 4185, in admin_view_order_detail
    order_id = int(query.data.replace("admin_order_", ""))
               ^^^^^^^^^^^^^^^^^^^^^^^^^^^^^^^^^^^^^^^^^^^
ValueError: invalid literal for int() with base 10: 'mark_completed_13'
